CREATE DATABASE  IF NOT EXISTS `bdappcolegio` /*!40100 DEFAULT CHARACTER SET utf8mb4 COLLATE utf8mb4_0900_ai_ci */ /*!80016 DEFAULT ENCRYPTION='N' */;
USE `bdappcolegio`;
-- MySQL dump 10.13  Distrib 8.0.28, for Win64 (x86_64)
--
-- Host: localhost    Database: bdappcolegio
-- ------------------------------------------------------
-- Server version	8.0.28

/*!40101 SET @OLD_CHARACTER_SET_CLIENT=@@CHARACTER_SET_CLIENT */;
/*!40101 SET @OLD_CHARACTER_SET_RESULTS=@@CHARACTER_SET_RESULTS */;
/*!40101 SET @OLD_COLLATION_CONNECTION=@@COLLATION_CONNECTION */;
/*!50503 SET NAMES utf8 */;
/*!40103 SET @OLD_TIME_ZONE=@@TIME_ZONE */;
/*!40103 SET TIME_ZONE='+00:00' */;
/*!40014 SET @OLD_UNIQUE_CHECKS=@@UNIQUE_CHECKS, UNIQUE_CHECKS=0 */;
/*!40014 SET @OLD_FOREIGN_KEY_CHECKS=@@FOREIGN_KEY_CHECKS, FOREIGN_KEY_CHECKS=0 */;
/*!40101 SET @OLD_SQL_MODE=@@SQL_MODE, SQL_MODE='NO_AUTO_VALUE_ON_ZERO' */;
/*!40111 SET @OLD_SQL_NOTES=@@SQL_NOTES, SQL_NOTES=0 */;

--
-- Table structure for table `alumnos`
--

DROP TABLE IF EXISTS `alumnos`;
/*!40101 SET @saved_cs_client     = @@character_set_client */;
/*!50503 SET character_set_client = utf8mb4 */;
CREATE TABLE `alumnos` (
  `id` int NOT NULL AUTO_INCREMENT,
  `tipo_documento_id` int NOT NULL,
  `num_documento` varchar(25) DEFAULT NULL,
  `apellido_paterno` varchar(100) DEFAULT NULL,
  `apellido_materno` varchar(100) DEFAULT NULL,
  `nombres` varchar(250) DEFAULT NULL,
  `fecha_nacimiento` date DEFAULT NULL,
  `genero` char(1) DEFAULT NULL,
  `grado_actual` int DEFAULT NULL,
  `nivel_actual` int DEFAULT NULL,
  `telefono` varchar(45) DEFAULT NULL,
  `direccion` varchar(500) DEFAULT NULL,
  `correo` varchar(500) DEFAULT NULL,
  `pais` varchar(100) DEFAULT NULL,
  `sigla_pais` char(2) DEFAULT NULL,
  `departamento` varchar(250) DEFAULT NULL,
  `provincia` varchar(250) DEFAULT NULL,
  `distrito` varchar(250) DEFAULT NULL,
  `lugar` varchar(150) DEFAULT NULL,
  `lengua_materna` varchar(100) DEFAULT NULL,
  `segunda_lengua` varchar(100) DEFAULT NULL,
  `num_hermanos` int DEFAULT NULL,
  `lugar_hermano` int DEFAULT NULL,
  `religion` varchar(100) DEFAULT NULL,
  `DI` tinyint DEFAULT NULL COMMENT '->dificultad para el aprendizaje',
  `DA` tinyint DEFAULT NULL COMMENT 'Deficiencia Auditiva',
  `DV` tinyint DEFAULT NULL COMMENT 'Deficiencia Visual',
  `nacimiento` tinyint DEFAULT NULL COMMENT '0-> normal\n1->complicaciones',
  `obs_nacimiento` varchar(500) DEFAULT NULL,
  `levanto_cabeza` int DEFAULT NULL COMMENT 'meses',
  `se_sento` int DEFAULT NULL COMMENT 'meses',
  `se_paro` int DEFAULT NULL,
  `se_camino` int DEFAULT NULL,
  `se_control_esfinter` int DEFAULT NULL,
  `se_primeras_palabras` int DEFAULT NULL,
  `se_hablo_fluido` int DEFAULT NULL,
  `nacimiento_registrado` tinyint DEFAULT NULL,
  `activo` tinyint DEFAULT NULL,
  `borrado` tinyint DEFAULT NULL,
  `created_at` timestamp NULL DEFAULT NULL,
  `updated_at` timestamp NULL DEFAULT NULL,
  `estado_grado` tinyint DEFAULT NULL,
  `DM` tinyint DEFAULT NULL,
  `SC` tinyint DEFAULT NULL,
  `OT` tinyint DEFAULT NULL,
  `user_id` int DEFAULT NULL,
  `pais_id` int DEFAULT NULL,
  `departamento_id` int DEFAULT NULL,
  `provincia_id` int DEFAULT NULL,
  `distrito_id` int DEFAULT NULL,
  `anio_ingreso` int DEFAULT NULL,
  `codigo_modular` int DEFAULT NULL,
  `numero_matricula` int DEFAULT NULL,
  `flag` int DEFAULT NULL,
  `old_estado_grado` tinyint DEFAULT NULL,
  PRIMARY KEY (`id`),
  KEY `fk_alumnos_tipo_documentos1_idx` (`tipo_documento_id`),
  CONSTRAINT `fk_alumnos_tipo_documentos1` FOREIGN KEY (`tipo_documento_id`) REFERENCES `tipo_documentos` (`id`)
) ENGINE=InnoDB AUTO_INCREMENT=4 DEFAULT CHARSET=utf8mb4 COLLATE=utf8mb4_0900_ai_ci;
/*!40101 SET character_set_client = @saved_cs_client */;

--
-- Dumping data for table `alumnos`
--

LOCK TABLES `alumnos` WRITE;
/*!40000 ALTER TABLE `alumnos` DISABLE KEYS */;
INSERT INTO `alumnos` VALUES (1,1,'47331640','Torres','Alva','Mauro ed','2006-03-01','M',4,2,'423455','Huaraz','mauro@gmail.com','PERÚ','PE','ANCASH','HUARAZ','INDEPENDENCIA','CP. Mayta','Castellano','Quechua',2,2,'Católico',0,1,0,0,'',13,15,17,16,18,21,25,1,1,0,'2022-08-17 14:33:23','2022-08-31 00:36:37',1,1,0,1,6,1,2,8,86,2022,417782,1,0,0),(2,1,'52541545','Rivas','Toledo','María Josefina','2017-10-02','F',4,2,'952456951','Jr. San Juan N° 741','maria@gmail.com','PERÚ','PE','ANCASH','HUARAZ','INDEPENDENCIA','San Nicolas','Quechua','Castellano',3,2,'Católica',0,1,0,0,'Prematuro 7 meses',5,12,15,22,26,24,32,1,1,0,'2022-09-08 05:03:35','2022-12-12 03:55:32',2,1,0,0,7,1,2,8,86,2022,417782,2,0,0),(3,1,'56852145','Rivas','Chauca','Maria','2012-02-13','F',3,2,'963548752','Acopampa','maria@mail.com','PERÚ','PE','ANCASH','HUARMEY','CULEBRAS','','Castellano','Quechua',2,1,'Católica',0,0,0,0,'',12,13,14,15,16,20,25,1,1,0,'2022-12-12 03:22:25','2022-12-12 03:24:42',1,1,0,0,9,1,2,26,240,2022,417782,3,0,0);
/*!40000 ALTER TABLE `alumnos` ENABLE KEYS */;
UNLOCK TABLES;

--
-- Table structure for table `apoderado_matriculas`
--

DROP TABLE IF EXISTS `apoderado_matriculas`;
/*!40101 SET @saved_cs_client     = @@character_set_client */;
/*!50503 SET character_set_client = utf8mb4 */;
CREATE TABLE `apoderado_matriculas` (
  `id` int NOT NULL AUTO_INCREMENT,
  `alumno_id` int DEFAULT NULL,
  `matricula_id` int DEFAULT NULL,
  `apellido_paterno` varchar(100) DEFAULT NULL,
  `apellido_materno` varchar(100) DEFAULT NULL,
  `nombres` varchar(250) DEFAULT NULL,
  `parentesco` varchar(100) DEFAULT NULL,
  `fecha_nac` date DEFAULT NULL,
  `instruccion` varchar(100) DEFAULT NULL,
  `ocupacion` varchar(250) DEFAULT NULL,
  `direccion` varchar(500) DEFAULT NULL,
  `telefono` varchar(45) DEFAULT NULL,
  `activo` tinyint DEFAULT NULL,
  `borrado` tinyint DEFAULT NULL,
  `created_at` timestamp NULL DEFAULT NULL,
  `updated_at` timestamp NULL DEFAULT NULL,
  PRIMARY KEY (`id`)
) ENGINE=InnoDB AUTO_INCREMENT=8 DEFAULT CHARSET=utf8mb4 COLLATE=utf8mb4_0900_ai_ci;
/*!40101 SET character_set_client = @saved_cs_client */;

--
-- Dumping data for table `apoderado_matriculas`
--

LOCK TABLES `apoderado_matriculas` WRITE;
/*!40000 ALTER TABLE `apoderado_matriculas` DISABLE KEYS */;
INSERT INTO `apoderado_matriculas` VALUES (5,1,18,'Camones','Alva','Rosa ed','Madre','1978-12-05','PRIMARIA COMPLETA','Ama de casa','Huaraz','456789',1,0,'2022-08-31 00:36:37','2022-09-07 03:11:56'),(6,2,19,'Manzanal','Toledo','Rocío','Madre','1985-06-05','PRIMARIA INCOMPLETA','Ama de Casa','Huaraz','952458824',1,0,'2022-09-08 05:04:36','2022-09-08 05:04:36'),(7,3,20,'Tolentino','Chauca','Elizabet','Madre','1982-06-14','PRIMARIA COMPLETA','Ama de casa','Huaraz','952587459',1,0,'2022-12-12 03:24:42','2022-12-12 03:24:42');
/*!40000 ALTER TABLE `apoderado_matriculas` ENABLE KEYS */;
UNLOCK TABLES;

--
-- Table structure for table `apoderados`
--

DROP TABLE IF EXISTS `apoderados`;
/*!40101 SET @saved_cs_client     = @@character_set_client */;
/*!50503 SET character_set_client = utf8mb4 */;
CREATE TABLE `apoderados` (
  `id` int NOT NULL AUTO_INCREMENT,
  `apellido_materno` varchar(100) DEFAULT NULL,
  `apellido_paterno` varchar(100) DEFAULT NULL,
  `nombres` varchar(250) DEFAULT NULL,
  `vive` tinyint DEFAULT NULL,
  `fecha_nacimiento` date DEFAULT NULL,
  `grado_instruccion` varchar(100) DEFAULT NULL,
  `ocupacion` varchar(250) DEFAULT NULL,
  `vive_con_estudiante` tinyint DEFAULT NULL,
  `religion` varchar(100) DEFAULT NULL,
  `tipo_apoderado` varchar(100) DEFAULT NULL,
  `tipo_documento_id` int NOT NULL,
  `alumno_id` int NOT NULL,
  `num_documento` varchar(25) DEFAULT NULL,
  `telefono` varchar(45) DEFAULT NULL,
  `direccion` varchar(500) DEFAULT NULL,
  `correo` varchar(500) DEFAULT NULL,
  `tipo_apoderado_id` int NOT NULL,
  `principal` tinyint DEFAULT NULL,
  `activo` tinyint DEFAULT NULL,
  `borrado` tinyint DEFAULT NULL,
  `created_at` timestamp NULL DEFAULT NULL,
  `updated_at` timestamp NULL DEFAULT NULL,
  `escolaridad_sigla` char(3) DEFAULT NULL,
  PRIMARY KEY (`id`),
  KEY `fk_apoderados_tipo_documentos1_idx` (`tipo_documento_id`),
  KEY `fk_apoderados_alumnos1_idx` (`alumno_id`),
  KEY `fk_apoderados_tipo_apoderados1_idx` (`tipo_apoderado_id`),
  CONSTRAINT `fk_apoderados_alumnos1` FOREIGN KEY (`alumno_id`) REFERENCES `alumnos` (`id`),
  CONSTRAINT `fk_apoderados_tipo_apoderados1` FOREIGN KEY (`tipo_apoderado_id`) REFERENCES `tipo_apoderados` (`id`),
  CONSTRAINT `fk_apoderados_tipo_documentos1` FOREIGN KEY (`tipo_documento_id`) REFERENCES `tipo_documentos` (`id`)
) ENGINE=InnoDB AUTO_INCREMENT=10 DEFAULT CHARSET=utf8mb4 COLLATE=utf8mb4_0900_ai_ci;
/*!40101 SET character_set_client = @saved_cs_client */;

--
-- Dumping data for table `apoderados`
--

LOCK TABLES `apoderados` WRITE;
/*!40000 ALTER TABLE `apoderados` DISABLE KEYS */;
INSERT INTO `apoderados` VALUES (1,'Camones','Alva','Rosa ed',1,'1978-12-05','PRIMARIA COMPLETA','Ama de casa',1,'Católica','Madre',1,1,'34567823','456789','Huaraz','rosa@gmail.com',1,1,1,0,'2022-08-17 14:33:23','2022-09-07 03:11:56','P'),(2,'Peralta','Torres','Esteban',1,'1960-08-11','SECUNDARIA COMPLETA','',1,'','Padre',1,1,'85654585','','','esteban@mail.com',2,0,1,0,'2022-08-17 14:33:23','2022-09-07 03:11:56','S'),(3,'','','',0,NULL,'','',0,'',NULL,1,1,NULL,'','',NULL,3,0,1,0,'2022-08-17 14:33:23','2022-08-17 14:33:23',''),(4,'Manzanal','Toledo','Rocío',1,'1985-06-05','PRIMARIA INCOMPLETA','Ama de Casa',1,'Católica','Madre',1,2,'95451516','952458824','Huaraz','rocio@gmail.com',1,1,1,0,'2022-09-08 05:03:35','2022-09-08 05:03:35','PI'),(5,'','','',1,NULL,'','',1,'','Padre',1,2,NULL,'','',NULL,2,0,1,0,'2022-09-08 05:03:35','2022-09-08 05:03:35',NULL),(6,'','','',0,NULL,'','',0,'',NULL,1,2,NULL,'','',NULL,3,0,1,0,'2022-09-08 05:03:35','2022-09-08 05:03:35',NULL),(7,'Tolentino','Chauca','Elizabet',1,'1982-06-14','PRIMARIA COMPLETA','Ama de casa',1,'Católica','Madre',1,3,'12321312','952587459','Huaraz','elizabet@mail.com',1,1,1,0,'2022-12-12 03:22:25','2022-12-12 03:22:25','P'),(8,'Caceres','Rivas','Marco',0,'1970-07-02','','',0,'','Padre',1,3,'12312312','','','marco@mail.com',2,0,1,0,'2022-12-12 03:22:25','2022-12-12 03:22:25',NULL),(9,'','','',0,NULL,'','',0,'',NULL,1,3,NULL,'','',NULL,3,0,1,0,'2022-12-12 03:22:25','2022-12-12 03:22:25',NULL);
/*!40000 ALTER TABLE `apoderados` ENABLE KEYS */;
UNLOCK TABLES;

--
-- Table structure for table `asignacion_cursos`
--

DROP TABLE IF EXISTS `asignacion_cursos`;
/*!40101 SET @saved_cs_client     = @@character_set_client */;
/*!50503 SET character_set_client = utf8mb4 */;
CREATE TABLE `asignacion_cursos` (
  `id` int NOT NULL AUTO_INCREMENT,
  `ciclo_seccion_id` int NOT NULL,
  `ciclo_cursos_id` int NOT NULL,
  `docente_id` int DEFAULT NULL,
  `activo` int DEFAULT NULL,
  `borrado` int DEFAULT NULL,
  `created_at` timestamp NULL DEFAULT NULL,
  `updated_at` timestamp NULL DEFAULT NULL,
  PRIMARY KEY (`id`),
  KEY `fk_asignacion_cursos_ciclo_seccion1_idx` (`ciclo_seccion_id`),
  KEY `fk_asignacion_cursos_ciclo_cursos1_idx` (`ciclo_cursos_id`),
  CONSTRAINT `fk_asignacion_cursos_ciclo_cursos1` FOREIGN KEY (`ciclo_cursos_id`) REFERENCES `ciclo_cursos` (`id`),
  CONSTRAINT `fk_asignacion_cursos_ciclo_seccion1` FOREIGN KEY (`ciclo_seccion_id`) REFERENCES `ciclo_seccion` (`id`)
) ENGINE=InnoDB AUTO_INCREMENT=29 DEFAULT CHARSET=utf8mb4 COLLATE=utf8mb4_0900_ai_ci;
/*!40101 SET character_set_client = @saved_cs_client */;

--
-- Dumping data for table `asignacion_cursos`
--

LOCK TABLES `asignacion_cursos` WRITE;
/*!40000 ALTER TABLE `asignacion_cursos` DISABLE KEYS */;
INSERT INTO `asignacion_cursos` VALUES (1,8,19,1,1,1,'2022-09-20 19:24:14','2022-09-20 19:35:47'),(2,8,20,1,1,1,'2022-09-20 19:31:32','2022-09-20 19:35:50'),(3,8,22,4,1,1,'2022-09-20 19:34:49','2022-09-20 19:35:51'),(4,8,19,1,1,0,'2022-09-20 19:35:55','2022-09-20 19:35:55'),(5,11,37,4,1,0,'2022-09-20 22:01:38','2022-09-20 22:01:38'),(6,11,38,4,1,0,'2022-09-20 22:01:59','2022-09-20 22:01:59'),(7,11,39,4,1,0,'2022-09-20 22:02:03','2022-09-20 22:02:03'),(8,11,40,4,1,0,'2022-09-20 22:02:18','2022-09-20 22:02:18'),(9,11,41,4,1,0,'2022-09-20 22:02:23','2022-09-20 22:02:23'),(10,11,42,4,1,0,'2022-09-20 22:02:29','2022-09-20 22:02:29'),(11,11,43,4,1,0,'2022-09-20 22:02:34','2022-09-20 22:02:34'),(12,11,44,4,1,0,'2022-09-20 22:02:38','2022-09-20 22:02:38'),(13,11,45,1,1,0,'2022-09-20 22:02:45','2022-09-20 22:02:45'),(14,11,46,1,1,0,'2022-09-20 22:02:51','2022-09-20 22:02:51'),(15,10,27,4,1,0,'2022-09-20 22:03:02','2022-09-20 22:03:02'),(16,12,48,4,1,0,'2022-09-20 22:03:09','2022-09-20 22:03:09'),(17,16,87,4,1,0,'2022-09-20 22:03:17','2022-09-20 22:03:17'),(18,8,20,4,1,0,'2022-09-20 22:03:26','2022-09-20 22:03:26'),(19,9,23,4,1,0,'2022-09-20 22:03:34','2022-09-20 22:03:34'),(20,10,28,5,1,0,'2022-12-12 03:26:56','2022-12-12 03:26:56'),(21,10,29,5,1,0,'2022-12-12 03:27:01','2022-12-12 03:27:01'),(22,10,30,5,1,0,'2022-12-12 03:27:05','2022-12-12 03:27:05'),(23,10,31,5,1,0,'2022-12-12 03:27:08','2022-12-12 03:27:08'),(24,10,32,5,1,0,'2022-12-12 03:27:12','2022-12-12 03:27:12'),(25,10,33,5,1,0,'2022-12-12 03:27:18','2022-12-12 03:27:18'),(26,10,34,5,1,0,'2022-12-12 03:27:23','2022-12-12 03:27:23'),(27,10,35,5,1,0,'2022-12-12 03:27:30','2022-12-12 03:27:30'),(28,10,36,5,1,0,'2022-12-12 03:27:34','2022-12-12 03:27:34');
/*!40000 ALTER TABLE `asignacion_cursos` ENABLE KEYS */;
UNLOCK TABLES;

--
-- Table structure for table `asistencia_alumnos`
--

DROP TABLE IF EXISTS `asistencia_alumnos`;
/*!40101 SET @saved_cs_client     = @@character_set_client */;
/*!50503 SET character_set_client = utf8mb4 */;
CREATE TABLE `asistencia_alumnos` (
  `id` int NOT NULL AUTO_INCREMENT,
  `fecha` date DEFAULT NULL,
  `alumno_id` int DEFAULT NULL,
  `ciclo_escolar_id` int DEFAULT NULL,
  `ciclo_seccion_id` int DEFAULT NULL,
  `estado` tinyint DEFAULT NULL COMMENT '0->inasistencia\n1->ok\n2->tarde\n',
  `observacion` text,
  `activo` tinyint DEFAULT NULL,
  `borrado` tinyint DEFAULT NULL,
  `created_at` timestamp NULL DEFAULT NULL,
  `updated_at` timestamp NULL DEFAULT NULL,
  `asistencia_id` int NOT NULL,
  PRIMARY KEY (`id`),
  KEY `fk_asistencia_alumnos_asistencia1_idx` (`asistencia_id`),
  CONSTRAINT `fk_asistencia_alumnos_asistencia1` FOREIGN KEY (`asistencia_id`) REFERENCES `asistencias` (`id`)
) ENGINE=InnoDB AUTO_INCREMENT=7 DEFAULT CHARSET=utf8mb4 COLLATE=utf8mb4_0900_ai_ci;
/*!40101 SET character_set_client = @saved_cs_client */;

--
-- Dumping data for table `asistencia_alumnos`
--

LOCK TABLES `asistencia_alumnos` WRITE;
/*!40000 ALTER TABLE `asistencia_alumnos` DISABLE KEYS */;
INSERT INTO `asistencia_alumnos` VALUES (2,'2022-10-10',2,3,11,0,'',1,0,'2022-10-11 05:36:26','2022-10-11 05:36:31',9),(3,'2022-10-10',2,3,11,1,'',1,0,'2022-10-11 05:43:36','2022-10-11 05:43:36',10),(4,'2022-10-10',2,3,11,1,'',1,0,'2022-10-11 05:54:51','2022-10-11 05:54:51',12),(5,'2022-10-10',1,3,11,2,'',1,0,'2022-10-11 05:54:59','2022-10-11 05:54:59',12),(6,'2022-12-05',3,3,10,1,'',1,0,'2022-12-12 03:38:20','2022-12-12 03:38:20',13);
/*!40000 ALTER TABLE `asistencia_alumnos` ENABLE KEYS */;
UNLOCK TABLES;

--
-- Table structure for table `asistencia_docentes`
--

DROP TABLE IF EXISTS `asistencia_docentes`;
/*!40101 SET @saved_cs_client     = @@character_set_client */;
/*!50503 SET character_set_client = utf8mb4 */;
CREATE TABLE `asistencia_docentes` (
  `id` int NOT NULL AUTO_INCREMENT,
  `fecha` date DEFAULT NULL,
  `ciclo_escolar_id` int DEFAULT NULL,
  `estado` tinyint DEFAULT NULL,
  `observacion` text,
  `activo` tinyint DEFAULT NULL,
  `borrado` tinyint DEFAULT NULL,
  `created_at` timestamp NULL DEFAULT NULL,
  `updated_at` timestamp NULL DEFAULT NULL,
  `docente_id` int DEFAULT NULL,
  `docentes_asistencias_dia_id` int NOT NULL,
  PRIMARY KEY (`id`),
  KEY `fk_asistencia_docentes_docentes_asistencias_dia1_idx` (`docentes_asistencias_dia_id`),
  CONSTRAINT `fk_asistencia_docentes_docentes_asistencias_dia1` FOREIGN KEY (`docentes_asistencias_dia_id`) REFERENCES `docentes_asistencias_dias` (`id`)
) ENGINE=InnoDB AUTO_INCREMENT=8 DEFAULT CHARSET=utf8mb4 COLLATE=utf8mb4_0900_ai_ci;
/*!40101 SET character_set_client = @saved_cs_client */;

--
-- Dumping data for table `asistencia_docentes`
--

LOCK TABLES `asistencia_docentes` WRITE;
/*!40000 ALTER TABLE `asistencia_docentes` DISABLE KEYS */;
INSERT INTO `asistencia_docentes` VALUES (3,'2022-09-24',3,1,'',1,0,'2022-09-24 16:02:29','2022-09-24 16:02:29',4,5),(4,'2022-09-24',3,1,'',1,0,'2022-09-24 16:02:32','2022-09-24 16:02:32',1,5),(5,'2022-12-07',3,1,'',1,0,'2022-12-12 03:31:38','2022-12-12 03:31:38',5,8),(6,'2022-12-07',3,0,'Por Enfermedad',1,0,'2022-12-12 03:31:53','2022-12-12 03:31:53',4,8),(7,'2022-12-07',3,2,'5 minutos tarde',1,0,'2022-12-12 03:32:01','2022-12-12 03:32:01',1,8);
/*!40000 ALTER TABLE `asistencia_docentes` ENABLE KEYS */;
UNLOCK TABLES;

--
-- Table structure for table `asistencias`
--

DROP TABLE IF EXISTS `asistencias`;
/*!40101 SET @saved_cs_client     = @@character_set_client */;
/*!50503 SET character_set_client = utf8mb4 */;
CREATE TABLE `asistencias` (
  `id` int NOT NULL AUTO_INCREMENT,
  `fecha` date DEFAULT NULL,
  `ciclo_seccion_id` int DEFAULT NULL,
  `ciclo_escolar_id` int DEFAULT NULL,
  `ciclo_curso_id` int NOT NULL,
  `activo` tinyint DEFAULT NULL,
  `borrado` tinyint DEFAULT NULL,
  `created_at` timestamp NULL DEFAULT NULL,
  `updated_at` timestamp NULL DEFAULT NULL,
  `horario_id` int NOT NULL,
  `tema` varchar(500) DEFAULT NULL,
  PRIMARY KEY (`id`),
  KEY `fk_asistencia_ciclo_cursos1_idx` (`ciclo_curso_id`),
  KEY `fk_asistencias_horarios1_idx` (`horario_id`),
  CONSTRAINT `fk_asistencia_ciclo_cursos1` FOREIGN KEY (`ciclo_curso_id`) REFERENCES `ciclo_cursos` (`id`),
  CONSTRAINT `fk_asistencias_horarios1` FOREIGN KEY (`horario_id`) REFERENCES `horarios` (`id`)
) ENGINE=InnoDB AUTO_INCREMENT=14 DEFAULT CHARSET=utf8mb4 COLLATE=utf8mb4_0900_ai_ci;
/*!40101 SET character_set_client = @saved_cs_client */;

--
-- Dumping data for table `asistencias`
--

LOCK TABLES `asistencias` WRITE;
/*!40000 ALTER TABLE `asistencias` DISABLE KEYS */;
INSERT INTO `asistencias` VALUES (1,'2022-10-10',11,3,38,1,0,'2022-10-11 03:21:28','2022-10-11 05:12:19',226,'Tema 1 ed 2'),(9,'2022-10-10',11,3,38,1,0,'2022-10-11 05:12:41','2022-10-11 05:12:52',216,'tema 1 new ed'),(10,'2022-10-10',11,3,39,1,0,'2022-10-11 05:43:26','2022-10-11 05:43:26',231,''),(12,'2022-10-10',11,3,37,1,0,'2022-10-11 05:54:51','2022-10-11 05:55:11',206,'tema'),(13,'2022-12-05',10,3,28,1,0,'2022-12-12 03:38:17','2022-12-12 03:38:17',181,'Fundamentos del Vooley');
/*!40000 ALTER TABLE `asistencias` ENABLE KEYS */;
UNLOCK TABLES;

--
-- Table structure for table `ciclo_competencias`
--

DROP TABLE IF EXISTS `ciclo_competencias`;
/*!40101 SET @saved_cs_client     = @@character_set_client */;
/*!50503 SET character_set_client = utf8mb4 */;
CREATE TABLE `ciclo_competencias` (
  `id` int NOT NULL AUTO_INCREMENT,
  `nombre` varchar(1000) DEFAULT NULL,
  `orden` int DEFAULT NULL,
  `competencia_id` int DEFAULT NULL,
  `ciclo_cursos_id` int NOT NULL,
  `activo` tinyint DEFAULT NULL,
  `borrado` tinyint DEFAULT NULL,
  `created_at` timestamp NULL DEFAULT NULL,
  `updated_at` timestamp NULL DEFAULT NULL,
  `ciclo_escolar_id` int DEFAULT NULL,
  PRIMARY KEY (`id`),
  KEY `fk_ciclo_competencias_ciclo_cursos1_idx` (`ciclo_cursos_id`),
  CONSTRAINT `fk_ciclo_competencias_ciclo_cursos1` FOREIGN KEY (`ciclo_cursos_id`) REFERENCES `ciclo_cursos` (`id`)
) ENGINE=InnoDB AUTO_INCREMENT=395 DEFAULT CHARSET=utf8mb4 COLLATE=utf8mb4_0900_ai_ci;
/*!40101 SET character_set_client = @saved_cs_client */;

--
-- Dumping data for table `ciclo_competencias`
--

LOCK TABLES `ciclo_competencias` WRITE;
/*!40000 ALTER TABLE `ciclo_competencias` DISABLE KEYS */;
INSERT INTO `ciclo_competencias` VALUES (1,'compe1',1,1,1,1,0,'2022-07-10 05:43:05','2022-07-10 05:43:05',1),(2,'Compe2',2,2,1,1,0,'2022-07-10 05:43:05','2022-07-10 05:43:05',1),(3,'Compe 1 ed',1,3,2,1,0,'2022-07-10 05:43:05','2022-07-10 05:43:05',1),(4,'compe1',1,1,3,1,0,'2022-07-21 04:06:23','2022-07-21 04:06:23',2),(5,'Compe2',2,2,3,1,0,'2022-07-21 04:06:23','2022-07-21 04:06:23',2),(6,'sad',3,5,3,1,0,'2022-07-21 04:06:23','2022-07-21 04:06:23',2),(7,'Compe 1 ed',1,3,4,1,0,'2022-07-21 04:06:23','2022-07-21 04:06:23',2),(8,'Construye su identidad',1,6,11,1,0,'2022-07-21 04:06:23','2022-07-21 04:06:23',2),(9,'Convive y participa democráticamente en la búsqueda del bien común',2,8,11,1,0,'2022-07-21 04:06:23','2022-07-21 04:06:23',2),(10,'Construye interpretaciones históricas',3,19,11,1,0,'2022-07-21 04:06:23','2022-07-21 04:06:23',2),(11,'Gestiona responsablemente el espacio y el ambiente',4,20,11,1,0,'2022-07-21 04:06:23','2022-07-21 04:06:23',2),(12,'Gestiona responsablemente los recursos económicos',5,21,11,1,0,'2022-07-21 04:06:23','2022-07-21 04:06:23',2),(13,'Se desenvuelve de manera autónoma a través de su motricidad',1,37,12,1,0,'2022-07-21 04:06:23','2022-07-21 04:06:23',2),(14,'Asume una vida saludable',2,38,12,1,0,'2022-07-21 04:06:23','2022-07-21 04:06:23',2),(15,'Interactúa a través de sus habilidades sociomotrices',3,39,12,1,0,'2022-07-21 04:06:23','2022-07-21 04:06:23',2),(16,'Se comunica oralmente en su lengua materna',1,55,13,1,0,'2022-07-21 04:06:23','2022-07-21 04:06:23',2),(17,'Lee diversos tipos de textos escritos en su lengua materna',2,56,13,1,0,'2022-07-21 04:06:23','2022-07-21 04:06:23',2),(18,'Escribe diversos tipos de textos en su lengua materna',3,57,13,1,0,'2022-07-21 04:06:23','2022-07-21 04:06:23',2),(19,'Aprecia de manera crítica manifestaciones artístico-culturales',1,73,14,1,0,'2022-07-21 04:06:23','2022-07-21 04:06:23',2),(20,'Crea proyectos desde los lenguajes artísticos',2,74,14,1,0,'2022-07-21 04:06:23','2022-07-21 04:06:23',2),(21,'Se comunica oralmente en castellano como segunda lengua',1,75,15,1,0,'2022-07-21 04:06:23','2022-07-21 04:06:23',2),(22,'Lee diversos tipos de textos escritos en castellano como segunda lengua',2,76,15,1,0,'2022-07-21 04:06:23','2022-07-21 04:06:23',2),(23,'Escribe diversos tipos de textos en castellano como segunda lengua',3,77,15,1,0,'2022-07-21 04:06:23','2022-07-21 04:06:23',2),(24,'Se comunica oralmente en inglés como lengua extranjera',1,78,16,1,0,'2022-07-21 04:06:23','2022-07-21 04:06:23',2),(25,'Lee diversos tipos de textos escritos en inglés como lengua extranjera',2,79,16,1,0,'2022-07-21 04:06:23','2022-07-21 04:06:23',2),(26,'Escribe diversos tipos de textos en inglés como lengua extranjera',3,80,16,1,0,'2022-07-21 04:06:23','2022-07-21 04:06:23',2),(27,'Resuelve problemas de cantidad',1,81,17,1,0,'2022-07-21 04:06:23','2022-07-21 04:06:23',2),(28,'Resuelve problemas de regularidad, equivalencia y cambio',2,82,17,1,0,'2022-07-21 04:06:23','2022-07-21 04:06:23',2),(29,'Resuelve problemas de forma, movimiento y localización',3,83,17,1,0,'2022-07-21 04:06:23','2022-07-21 04:06:23',2),(30,'Resuelve problemas de gestión de datos e incertidumbre',4,84,17,1,0,'2022-07-21 04:06:23','2022-07-21 04:06:23',2),(31,'Indaga mediante métodos científicos para construir sus conocimientos',1,85,18,1,0,'2022-07-21 04:06:23','2022-07-21 04:06:23',2),(32,'Competencia 1',1,1,19,1,0,'2022-07-21 04:08:51','2022-11-24 18:23:35',3),(33,'Competencia 2',2,2,19,1,0,'2022-07-21 04:08:51','2022-11-24 18:23:40',3),(34,'Competencia 3',3,5,19,1,0,'2022-07-21 04:08:51','2022-11-24 18:23:44',3),(35,'Competencia 1',1,3,20,1,0,'2022-07-21 04:08:51','2022-11-24 18:30:14',3),(36,'Construye su identidad',1,6,27,1,0,'2022-07-21 04:08:51','2022-07-21 04:08:51',3),(37,'Convive y participa democráticamente en la búsqueda del bien común',2,8,27,1,0,'2022-07-21 04:08:51','2022-07-21 04:08:51',3),(38,'Construye interpretaciones históricas',3,19,27,1,0,'2022-07-21 04:08:51','2022-07-21 04:08:51',3),(39,'Gestiona responsablemente el espacio y el ambiente',4,20,27,1,0,'2022-07-21 04:08:51','2022-07-21 04:08:51',3),(40,'Gestiona responsablemente los recursos económicos',5,21,27,1,0,'2022-07-21 04:08:51','2022-07-21 04:08:51',3),(41,'Se desenvuelve de manera autónoma a través de su motricidad',1,37,28,1,0,'2022-07-21 04:08:51','2022-07-21 04:08:51',3),(42,'Asume una vida saludable',2,38,28,1,0,'2022-07-21 04:08:51','2022-07-21 04:08:51',3),(43,'Interactúa a través de sus habilidades sociomotrices',3,39,28,1,0,'2022-07-21 04:08:51','2022-07-21 04:08:51',3),(44,'Se comunica oralmente en su lengua materna',1,55,29,1,0,'2022-07-21 04:08:51','2022-07-21 04:08:51',3),(45,'Lee diversos tipos de textos escritos en su lengua materna',2,56,29,1,0,'2022-07-21 04:08:51','2022-07-21 04:08:51',3),(46,'Escribe diversos tipos de textos en su lengua materna',3,57,29,1,0,'2022-07-21 04:08:51','2022-07-21 04:08:51',3),(47,'Aprecia de manera crítica manifestaciones artístico-culturales',1,73,30,1,0,'2022-07-21 04:08:51','2022-07-21 04:08:51',3),(48,'Crea proyectos desde los lenguajes artísticos',2,74,30,1,0,'2022-07-21 04:08:51','2022-07-21 04:08:51',3),(49,'Se comunica oralmente en castellano como segunda lengua',1,75,31,1,0,'2022-07-21 04:08:51','2022-07-21 04:08:51',3),(50,'Lee diversos tipos de textos escritos en castellano como segunda lengua',2,76,31,1,0,'2022-07-21 04:08:51','2022-07-21 04:08:51',3),(51,'Escribe diversos tipos de textos en castellano como segunda lengua',3,77,31,1,0,'2022-07-21 04:08:51','2022-07-21 04:08:51',3),(52,'Se comunica oralmente en inglés como lengua extranjera',1,78,32,1,0,'2022-07-21 04:08:51','2022-07-21 04:08:51',3),(53,'Lee diversos tipos de textos escritos en inglés como lengua extranjera',2,79,32,1,0,'2022-07-21 04:08:51','2022-07-21 04:08:51',3),(54,'Escribe diversos tipos de textos en inglés como lengua extranjera',3,80,32,1,0,'2022-07-21 04:08:51','2022-07-21 04:08:51',3),(55,'Resuelve problemas de cantidad',1,81,33,1,0,'2022-07-21 04:08:51','2022-07-21 04:08:51',3),(56,'Resuelve problemas de regularidad, equivalencia y cambio',2,82,33,1,0,'2022-07-21 04:08:51','2022-07-21 04:08:51',3),(57,'Resuelve problemas de forma, movimiento y localización',3,83,33,1,0,'2022-07-21 04:08:51','2022-07-21 04:08:51',3),(58,'Resuelve problemas de gestión de datos e incertidumbre',4,84,33,1,0,'2022-07-21 04:08:51','2022-07-21 04:08:51',3),(59,'Indaga mediante métodos científicos para construir sus conocimientos',1,85,34,1,0,'2022-07-21 04:08:51','2022-07-21 04:08:51',3),(60,'Explica el mundo físico basándose en conocimientos sobre los seres vivos, materia y energía, biodiversidad, Tierra y universo',2,86,34,1,0,'2022-07-21 04:08:51','2022-07-21 04:08:51',3),(61,'Diseña y construye soluciones tecnológicas para resolver problemas de su entorno',3,87,34,1,0,'2022-07-21 04:08:51','2022-07-21 04:08:51',3),(62,'Construye su identidad como persona humana, amada por Dios, digna, libre y trascendente, comprendiendo la doctrina de su propia religión, abierto al diálogo con las que le son cercanas.',1,88,35,1,0,'2022-07-21 04:08:51','2022-07-21 04:08:51',3),(63,'Asume la experiencia del encuentro personal y comunitario con Dios en su proyecto de vida en coherencia con su creencia religiosa',2,89,35,1,0,'2022-07-21 04:08:51','2022-07-21 04:08:51',3),(64,'Se desenvuelve en entornos virtuales generados por las TIC',1,90,36,1,0,'2022-07-21 04:08:51','2022-07-21 04:08:51',3),(65,'Gestiona su aprendizaje de manera autónoma',2,91,36,1,0,'2022-07-21 04:08:51','2022-07-21 04:08:51',3),(66,'Construye su identidad',1,9,37,1,0,'2022-07-21 04:08:51','2022-07-21 04:08:51',3),(67,'Convive y participa democráticamente en la búsqueda del bien común',2,10,37,1,0,'2022-07-21 04:08:51','2022-07-21 04:08:51',3),(68,'Construye interpretaciones históricas',3,22,37,1,0,'2022-07-21 04:08:51','2022-07-21 04:08:51',3),(69,'Gestiona responsablemente el espacio y el ambiente',4,23,37,1,0,'2022-07-21 04:08:51','2022-07-21 04:08:51',3),(70,'Gestiona responsablemente los recursos económicos',5,24,37,1,0,'2022-07-21 04:08:51','2022-07-21 04:08:51',3),(71,'Se desenvuelve de manera autónoma a través de su motricidad',1,40,38,1,0,'2022-07-21 04:08:51','2022-07-21 04:08:51',3),(72,'Asume una vida saludable',2,41,38,1,0,'2022-07-21 04:08:51','2022-07-21 04:08:51',3),(73,'Interactúa a través de sus habilidades sociomotrices',3,42,38,1,0,'2022-07-21 04:08:51','2022-07-21 04:08:51',3),(74,'Se comunica oralmente en su lengua materna',1,58,39,1,0,'2022-07-21 04:08:51','2022-07-21 04:08:51',3),(75,'Lee diversos tipos de textos escritos en su lengua materna',2,59,39,1,0,'2022-07-21 04:08:51','2022-07-21 04:08:51',3),(76,'Escribe diversos tipos de textos en su lengua materna',3,60,39,1,0,'2022-07-21 04:08:51','2022-07-21 04:08:51',3),(77,'Aprecia de manera crítica manifestaciones artístico-culturales',1,92,40,1,0,'2022-07-21 04:08:51','2022-07-21 04:08:51',3),(78,'Crea proyectos desde los lenguajes artísticos',2,93,40,1,0,'2022-07-21 04:08:51','2022-07-21 04:08:51',3),(79,'Se comunica oralmente en castellano como segunda lengua',1,94,41,1,0,'2022-07-21 04:08:51','2022-07-21 04:08:51',3),(80,'Lee diversos tipos de textos escritos en castellano como segunda lengua',2,95,41,1,0,'2022-07-21 04:08:51','2022-07-21 04:08:51',3),(81,'Escribe diversos tipos de textos en castellano como segunda lengua',3,96,41,1,0,'2022-07-21 04:08:51','2022-07-21 04:08:51',3),(82,'Se comunica oralmente en inglés como lengua extranjera',1,97,42,1,0,'2022-07-21 04:08:51','2022-07-21 04:08:51',3),(83,'Lee diversos tipos de textos escritos en inglés como lengua extranjera',2,98,42,1,0,'2022-07-21 04:08:51','2022-07-21 04:08:51',3),(84,'Escribe diversos tipos de textos en inglés como lengua extranjera',3,99,42,1,0,'2022-07-21 04:08:51','2022-07-21 04:08:51',3),(85,'Resuelve problemas de cantidad',1,100,43,1,0,'2022-07-21 04:08:52','2022-07-21 04:08:52',3),(86,'Resuelve problemas de regularidad, equivalencia y cambio',2,101,43,1,0,'2022-07-21 04:08:52','2022-07-21 04:08:52',3),(87,'Resuelve problemas de forma, movimiento y localización',3,102,43,1,0,'2022-07-21 04:08:52','2022-07-21 04:08:52',3),(88,'Resuelve problemas de gestión de datos e incertidumbre',4,103,43,1,0,'2022-07-21 04:08:52','2022-07-21 04:08:52',3),(89,'Indaga mediante métodos científicos para construir sus conocimientos',1,104,44,1,0,'2022-07-21 04:08:52','2022-07-21 04:08:52',3),(90,'Explica el mundo físico basándose en conocimientos sobre los seres vivos, materia y energía, biodiversidad, Tierra y universo',2,105,44,1,0,'2022-07-21 04:08:52','2022-07-21 04:08:52',3),(91,'Diseña y construye soluciones tecnológicas para resolver problemas de su entorno',3,106,44,1,0,'2022-07-21 04:08:52','2022-07-21 04:08:52',3),(92,'Construye su identidad como persona humana, amada por Dios, digna, libre y trascendente, comprendiendo la doctrina de su propia religión, abierto al diálogo con las que le son cercanas.',1,107,45,1,0,'2022-07-21 04:08:52','2022-07-21 04:08:52',3),(93,'Asume la experiencia del encuentro personal y comunitario con Dios en su proyecto de vida en coherencia con su creencia religiosa',2,108,45,1,0,'2022-07-21 04:08:52','2022-07-21 04:08:52',3),(94,'Se desenvuelve en entornos virtuales generados por las TIC',1,109,46,1,0,'2022-07-21 04:08:52','2022-07-21 04:08:52',3),(95,'Gestiona su aprendizaje de manera autónoma',2,110,46,1,0,'2022-07-21 04:08:52','2022-07-21 04:08:52',3),(96,'Construye su identidad',1,11,47,1,0,'2022-07-21 04:08:52','2022-07-21 04:08:52',3),(97,'Convive y participa democráticamente en la búsqueda del bien común',2,12,47,1,0,'2022-07-21 04:08:52','2022-07-21 04:08:52',3),(98,'Construye interpretaciones históricas',3,25,47,1,0,'2022-07-21 04:08:52','2022-07-21 04:08:52',3),(99,'Gestiona responsablemente el espacio y el ambiente',4,26,47,1,0,'2022-07-21 04:08:52','2022-07-21 04:08:52',3),(100,'Gestiona responsablemente los recursos económicos',5,27,47,1,0,'2022-07-21 04:08:52','2022-07-21 04:08:52',3),(101,'Se desenvuelve de manera autónoma a través de su motricidad',1,43,48,1,0,'2022-07-21 04:08:52','2022-07-21 04:08:52',3),(102,'Asume una vida saludable',2,44,48,1,0,'2022-07-21 04:08:52','2022-07-21 04:08:52',3),(103,'Interactúa a través de sus habilidades sociomotrices',3,45,48,1,0,'2022-07-21 04:08:52','2022-07-21 04:08:52',3),(104,'Se comunica oralmente en su lengua materna',1,61,49,1,0,'2022-07-21 04:08:52','2022-07-21 04:08:52',3),(105,'Lee diversos tipos de textos escritos en su lengua materna',2,62,49,1,0,'2022-07-21 04:08:52','2022-07-21 04:08:52',3),(106,'Escribe diversos tipos de textos en su lengua materna',3,63,49,1,0,'2022-07-21 04:08:52','2022-07-21 04:08:52',3),(107,'Aprecia de manera crítica manifestaciones artístico-culturales',1,111,50,1,0,'2022-07-21 04:08:52','2022-07-21 04:08:52',3),(108,'Crea proyectos desde los lenguajes artísticos',2,112,50,1,0,'2022-07-21 04:08:52','2022-07-21 04:08:52',3),(109,'Se comunica oralmente en castellano como segunda lengua',1,113,51,1,0,'2022-07-21 04:08:52','2022-07-21 04:08:52',3),(110,'Lee diversos tipos de textos escritos en castellano como segunda lengua',2,114,51,1,0,'2022-07-21 04:08:52','2022-07-21 04:08:52',3),(111,'Escribe diversos tipos de textos en castellano como segunda lengua',3,115,51,1,0,'2022-07-21 04:08:52','2022-07-21 04:08:52',3),(112,'Se comunica oralmente en inglés como lengua extranjera',1,116,52,1,0,'2022-07-21 04:08:52','2022-07-21 04:08:52',3),(113,'Lee diversos tipos de textos escritos en inglés como lengua extranjera',2,117,52,1,0,'2022-07-21 04:08:52','2022-07-21 04:08:52',3),(114,'Escribe diversos tipos de textos en inglés como lengua extranjera',3,118,52,1,0,'2022-07-21 04:08:52','2022-07-21 04:08:52',3),(115,'Resuelve problemas de cantidad',1,119,53,1,0,'2022-07-21 04:08:52','2022-07-21 04:08:52',3),(116,'Resuelve problemas de regularidad, equivalencia y cambio',2,120,53,1,0,'2022-07-21 04:08:52','2022-07-21 04:08:52',3),(117,'Resuelve problemas de forma, movimiento y localización',3,121,53,1,0,'2022-07-21 04:08:52','2022-07-21 04:08:52',3),(118,'Resuelve problemas de gestión de datos e incertidumbre',4,122,53,1,0,'2022-07-21 04:08:52','2022-07-21 04:08:52',3),(119,'Indaga mediante métodos científicos para construir sus conocimientos',1,123,54,1,0,'2022-07-21 04:08:52','2022-07-21 04:08:52',3),(120,'Explica el mundo físico basándose en conocimientos sobre los seres vivos, materia y energía, biodiversidad, Tierra y universo',2,124,54,1,0,'2022-07-21 04:08:52','2022-07-21 04:08:52',3),(121,'Diseña y construye soluciones tecnológicas para resolver problemas de su entorno',3,125,54,1,0,'2022-07-21 04:08:52','2022-07-21 04:08:52',3),(122,'Construye su identidad como persona humana, amada por Dios, digna, libre y trascendente, comprendiendo la doctrina de su propia religión, abierto al diálogo con las que le son cercanas.',1,126,55,1,0,'2022-07-21 04:08:52','2022-07-21 04:08:52',3),(123,'Asume la experiencia del encuentro personal y comunitario con Dios en su proyecto de vida en coherencia con su creencia religiosa',2,127,55,1,0,'2022-07-21 04:08:52','2022-07-21 04:08:52',3),(124,'Se desenvuelve en entornos virtuales generados por las TIC',1,128,56,1,0,'2022-07-21 04:08:52','2022-07-21 04:08:52',3),(125,'Gestiona su aprendizaje de manera autónoma',2,129,56,1,0,'2022-07-21 04:08:52','2022-07-21 04:08:52',3),(126,'Construye su identidad',1,13,57,1,0,'2022-07-21 04:08:52','2022-07-21 04:08:52',3),(127,'Convive y participa democráticamente en la búsqueda del bien común',2,14,57,1,0,'2022-07-21 04:08:52','2022-07-21 04:08:52',3),(128,'Construye interpretaciones históricas',3,28,57,1,0,'2022-07-21 04:08:52','2022-07-21 04:08:52',3),(129,'Gestiona responsablemente el espacio y el ambiente',4,29,57,1,0,'2022-07-21 04:08:52','2022-07-21 04:08:52',3),(130,'Gestiona responsablemente los recursos económicos',5,30,57,1,0,'2022-07-21 04:08:52','2022-07-21 04:08:52',3),(131,'Se desenvuelve de manera autónoma a través de su motricidad',1,46,58,1,0,'2022-07-21 04:08:52','2022-07-21 04:08:52',3),(132,'Asume una vida saludable',2,47,58,1,0,'2022-07-21 04:08:52','2022-07-21 04:08:52',3),(133,'Interactúa a través de sus habilidades sociomotrices',3,48,58,1,0,'2022-07-21 04:08:52','2022-07-21 04:08:52',3),(134,'Se comunica oralmente en su lengua materna',1,64,59,1,0,'2022-07-21 04:08:52','2022-07-21 04:08:52',3),(135,'Lee diversos tipos de textos escritos en su lengua materna',2,65,59,1,0,'2022-07-21 04:08:52','2022-07-21 04:08:52',3),(136,'Escribe diversos tipos de textos en su lengua materna',3,66,59,1,0,'2022-07-21 04:08:52','2022-07-21 04:08:52',3),(137,'Aprecia de manera crítica manifestaciones artístico-culturales',1,130,60,1,0,'2022-07-21 04:08:52','2022-07-21 04:08:52',3),(138,'Crea proyectos desde los lenguajes artísticos',2,131,60,1,0,'2022-07-21 04:08:52','2022-07-21 04:08:52',3),(139,'Se comunica oralmente en castellano como segunda lengua',1,132,61,1,0,'2022-07-21 04:08:52','2022-07-21 04:08:52',3),(140,'Lee diversos tipos de textos escritos en castellano como segunda lengua',2,133,61,1,0,'2022-07-21 04:08:52','2022-07-21 04:08:52',3),(141,'Escribe diversos tipos de textos en castellano como segunda lengua',3,134,61,1,0,'2022-07-21 04:08:52','2022-07-21 04:08:52',3),(142,'Se comunica oralmente en inglés como lengua extranjera',1,135,62,1,0,'2022-07-21 04:08:52','2022-07-21 04:08:52',3),(143,'Lee diversos tipos de textos escritos en inglés como lengua extranjera',2,136,62,1,0,'2022-07-21 04:08:52','2022-07-21 04:08:52',3),(144,'Escribe diversos tipos de textos en inglés como lengua extranjera',3,137,62,1,0,'2022-07-21 04:08:52','2022-07-21 04:08:52',3),(145,'Resuelve problemas de cantidad',1,138,63,1,0,'2022-07-21 04:08:52','2022-07-21 04:08:52',3),(146,'Resuelve problemas de regularidad, equivalencia y cambio',2,139,63,1,0,'2022-07-21 04:08:52','2022-07-21 04:08:52',3),(147,'Resuelve problemas de forma, movimiento y localización',3,140,63,1,0,'2022-07-21 04:08:52','2022-07-21 04:08:52',3),(148,'Resuelve problemas de gestión de datos e incertidumbre',4,141,63,1,0,'2022-07-21 04:08:52','2022-07-21 04:08:52',3),(149,'Indaga mediante métodos científicos para construir sus conocimientos',1,142,64,1,0,'2022-07-21 04:08:52','2022-07-21 04:08:52',3),(150,'Explica el mundo físico basándose en conocimientos sobre los seres vivos, materia y energía, biodiversidad, Tierra y universo',2,143,64,1,0,'2022-07-21 04:08:52','2022-07-21 04:08:52',3),(151,'Diseña y construye soluciones tecnológicas para resolver problemas de su entorno',3,144,64,1,0,'2022-07-21 04:08:52','2022-07-21 04:08:52',3),(152,'Construye su identidad como persona humana, amada por Dios, digna, libre y trascendente, comprendiendo la doctrina de su propia religión, abierto al diálogo con las que le son cercanas.',1,145,65,1,0,'2022-07-21 04:08:52','2022-07-21 04:08:52',3),(153,'Asume la experiencia del encuentro personal y comunitario con Dios en su proyecto de vida en coherencia con su creencia religiosa',2,146,65,1,0,'2022-07-21 04:08:52','2022-07-21 04:08:52',3),(154,'Se desenvuelve en entornos virtuales generados por las TIC',1,147,66,1,0,'2022-07-21 04:08:52','2022-07-21 04:08:52',3),(155,'Gestiona su aprendizaje de manera autónoma',2,148,66,1,0,'2022-07-21 04:08:52','2022-07-21 04:08:52',3),(156,'Construye su identidad',1,15,67,1,0,'2022-07-21 04:08:52','2022-07-21 04:08:52',3),(157,'Convive y participa democráticamente en la búsqueda del bien común',2,16,67,1,0,'2022-07-21 04:08:52','2022-07-21 04:08:52',3),(158,'Construye interpretaciones históricas',3,31,67,1,0,'2022-07-21 04:08:52','2022-07-21 04:08:52',3),(159,'Gestiona responsablemente el espacio y el ambiente',4,32,67,1,0,'2022-07-21 04:08:52','2022-07-21 04:08:52',3),(160,'Gestiona responsablemente los recursos económicos',5,33,67,1,0,'2022-07-21 04:08:52','2022-07-21 04:08:52',3),(161,'Se desenvuelve de manera autónoma a través de su motricidad',1,49,68,1,0,'2022-07-21 04:08:52','2022-07-21 04:08:52',3),(162,'Asume una vida saludable',2,50,68,1,0,'2022-07-21 04:08:52','2022-07-21 04:08:52',3),(163,'Interactúa a través de sus habilidades sociomotrices',3,51,68,1,0,'2022-07-21 04:08:52','2022-07-21 04:08:52',3),(164,'Se comunica oralmente en su lengua materna',1,67,69,1,0,'2022-07-21 04:08:52','2022-07-21 04:08:52',3),(165,'Lee diversos tipos de textos escritos en su lengua materna',2,68,69,1,0,'2022-07-21 04:08:52','2022-07-21 04:08:52',3),(166,'Escribe diversos tipos de textos en su lengua materna',3,69,69,1,0,'2022-07-21 04:08:52','2022-07-21 04:08:52',3),(167,'Aprecia de manera crítica manifestaciones artístico-culturales',1,149,70,1,0,'2022-07-21 04:08:52','2022-07-21 04:08:52',3),(168,'Crea proyectos desde los lenguajes artísticos',2,150,70,1,0,'2022-07-21 04:08:52','2022-07-21 04:08:52',3),(169,'Se comunica oralmente en castellano como segunda lengua',1,151,71,1,0,'2022-07-21 04:08:52','2022-07-21 04:08:52',3),(170,'Lee diversos tipos de textos escritos en castellano como segunda lengua',2,152,71,1,0,'2022-07-21 04:08:52','2022-07-21 04:08:52',3),(171,'Escribe diversos tipos de textos en castellano como segunda lengua',3,153,71,1,0,'2022-07-21 04:08:52','2022-07-21 04:08:52',3),(172,'Se comunica oralmente en inglés como lengua extranjera',1,154,72,1,0,'2022-07-21 04:08:52','2022-07-21 04:08:52',3),(173,'Lee diversos tipos de textos escritos en inglés como lengua extranjera',2,155,72,1,0,'2022-07-21 04:08:52','2022-07-21 04:08:52',3),(174,'Escribe diversos tipos de textos en inglés como lengua extranjera',3,156,72,1,0,'2022-07-21 04:08:52','2022-07-21 04:08:52',3),(175,'Resuelve problemas de cantidad',1,157,73,1,0,'2022-07-21 04:08:52','2022-07-21 04:08:52',3),(176,'Resuelve problemas de regularidad, equivalencia y cambio',2,158,73,1,0,'2022-07-21 04:08:52','2022-07-21 04:08:52',3),(177,'Resuelve problemas de forma, movimiento y localización',3,159,73,1,0,'2022-07-21 04:08:52','2022-07-21 04:08:52',3),(178,'Resuelve problemas de gestión de datos e incertidumbre',4,160,73,1,0,'2022-07-21 04:08:52','2022-07-21 04:08:52',3),(179,'Indaga mediante métodos científicos para construir sus conocimientos',1,161,74,1,0,'2022-07-21 04:08:52','2022-07-21 04:08:52',3),(180,'Explica el mundo físico basándose en conocimientos sobre los seres vivos, materia y energía, biodiversidad, Tierra y universo',2,162,74,1,0,'2022-07-21 04:08:52','2022-07-21 04:08:52',3),(181,'Diseña y construye soluciones tecnológicas para resolver problemas de su entorno',3,163,74,1,0,'2022-07-21 04:08:52','2022-07-21 04:08:52',3),(182,'Construye su identidad como persona humana, amada por Dios, digna, libre y trascendente, comprendiendo la doctrina de su propia religión, abierto al diálogo con las que le son cercanas.',1,164,75,1,0,'2022-07-21 04:08:52','2022-07-21 04:08:52',3),(183,'Asume la experiencia del encuentro personal y comunitario con Dios en su proyecto de vida en coherencia con su creencia religiosa',2,165,75,1,0,'2022-07-21 04:08:52','2022-07-21 04:08:52',3),(184,'Se desenvuelve en entornos virtuales generados por las TIC',1,166,76,1,0,'2022-07-21 04:08:52','2022-07-21 04:08:52',3),(185,'Gestiona su aprendizaje de manera autónoma',2,167,76,1,0,'2022-07-21 04:08:52','2022-07-21 04:08:52',3),(186,'Construye su identidad',1,17,77,1,0,'2022-07-21 04:08:52','2022-07-21 04:08:52',3),(187,'Convive y participa democráticamente en la búsqueda del bien común',2,18,77,1,0,'2022-07-21 04:08:52','2022-07-21 04:08:52',3),(188,'Construye interpretaciones históricas',3,34,77,1,0,'2022-07-21 04:08:52','2022-07-21 04:08:52',3),(189,'Gestiona responsablemente el espacio y el ambiente',4,35,77,1,0,'2022-07-21 04:08:52','2022-07-21 04:08:52',3),(190,'Gestiona responsablemente los recursos económicos',5,36,77,1,0,'2022-07-21 04:08:52','2022-07-21 04:08:52',3),(191,'Se desenvuelve de manera autónoma a través de su motricidad',1,52,78,1,0,'2022-07-21 04:08:52','2022-07-21 04:08:52',3),(192,'Asume una vida saludable',2,53,78,1,0,'2022-07-21 04:08:52','2022-07-21 04:08:52',3),(193,'Interactúa a través de sus habilidades sociomotrices',3,54,78,1,0,'2022-07-21 04:08:52','2022-07-21 04:08:52',3),(194,'Se comunica oralmente en su lengua materna',1,70,79,1,0,'2022-07-21 04:08:52','2022-07-21 04:08:52',3),(195,'Lee diversos tipos de textos escritos en su lengua materna',2,71,79,1,0,'2022-07-21 04:08:52','2022-07-21 04:08:52',3),(196,'Escribe diversos tipos de textos en su lengua materna',3,72,79,1,0,'2022-07-21 04:08:52','2022-07-21 04:08:52',3),(197,'Aprecia de manera crítica manifestaciones artístico-culturales',1,168,80,1,0,'2022-07-21 04:08:52','2022-07-21 04:08:52',3),(198,'Crea proyectos desde los lenguajes artísticos',2,169,80,1,0,'2022-07-21 04:08:52','2022-07-21 04:08:52',3),(199,'Se comunica oralmente en castellano como segunda lengua',1,170,81,1,0,'2022-07-21 04:08:52','2022-07-21 04:08:52',3),(200,'Lee diversos tipos de textos escritos en castellano como segunda lengua',2,171,81,1,0,'2022-07-21 04:08:52','2022-07-21 04:08:52',3),(201,'Escribe diversos tipos de textos en castellano como segunda lengua',3,172,81,1,0,'2022-07-21 04:08:52','2022-07-21 04:08:52',3),(202,'Se comunica oralmente en inglés como lengua extranjera',1,173,82,1,0,'2022-07-21 04:08:52','2022-07-21 04:08:52',3),(203,'Lee diversos tipos de textos escritos en inglés como lengua extranjera',2,174,82,1,0,'2022-07-21 04:08:52','2022-07-21 04:08:52',3),(204,'Escribe diversos tipos de textos en inglés como lengua extranjera',3,175,82,1,0,'2022-07-21 04:08:52','2022-07-21 04:08:52',3),(205,'Resuelve problemas de cantidad',1,176,83,1,0,'2022-07-21 04:08:52','2022-07-21 04:08:52',3),(206,'Resuelve problemas de regularidad, equivalencia y cambio',2,177,83,1,0,'2022-07-21 04:08:52','2022-07-21 04:08:52',3),(207,'Resuelve problemas de forma, movimiento y localización',3,178,83,1,0,'2022-07-21 04:08:52','2022-07-21 04:08:52',3),(208,'Resuelve problemas de gestión de datos e incertidumbre',4,179,83,1,0,'2022-07-21 04:08:52','2022-07-21 04:08:52',3),(209,'Indaga mediante métodos científicos para construir sus conocimientos',1,180,84,1,0,'2022-07-21 04:08:52','2022-07-21 04:08:52',3),(210,'Explica el mundo físico basándose en conocimientos sobre los seres vivos, materia y energía, biodiversidad, Tierra y universo',2,181,84,1,0,'2022-07-21 04:08:52','2022-07-21 04:08:52',3),(211,'Diseña y construye soluciones tecnológicas para resolver problemas de su entorno',3,182,84,1,0,'2022-07-21 04:08:52','2022-07-21 04:08:52',3),(212,'Construye su identidad como persona humana, amada por Dios, digna, libre y trascendente, comprendiendo la doctrina de su propia religión, abierto al diálogo con las que le son cercanas.',1,183,85,1,0,'2022-07-21 04:08:52','2022-07-21 04:08:52',3),(213,'Asume la experiencia del encuentro personal y comunitario con Dios en su proyecto de vida en coherencia con su creencia religiosa',2,184,85,1,0,'2022-07-21 04:08:52','2022-07-21 04:08:52',3),(214,'Se desenvuelve en entornos virtuales generados por las TIC',1,185,86,1,0,'2022-07-21 04:08:52','2022-07-21 04:08:52',3),(215,'Gestiona su aprendizaje de manera autónoma',2,186,86,1,0,'2022-07-21 04:08:52','2022-07-21 04:08:52',3),(216,'Construye su identidad',1,187,87,1,0,'2022-07-21 04:08:52','2022-07-21 04:08:52',3),(217,'Convive y participa democráticamente en la búsqueda del bien común',1,188,87,1,0,'2022-07-21 04:08:52','2022-07-21 04:08:52',3),(218,'Construye interpretaciones históricas',1,189,88,1,0,'2022-07-21 04:08:52','2022-07-21 04:08:52',3),(219,'Gestiona responsablemente el espacio y el ambiente',2,190,88,1,0,'2022-07-21 04:08:52','2022-07-21 04:08:52',3),(220,'Gestiona responsablemente los recurso económicos',3,191,88,1,0,'2022-07-21 04:08:52','2022-07-21 04:08:52',3),(221,'Gestiona proyectos de emprendimiento económico o social',1,192,89,1,0,'2022-07-21 04:08:52','2022-07-21 04:08:52',3),(222,'Se desenvuelve de manera autónoma a través de su motricidad',1,193,90,1,0,'2022-07-21 04:08:52','2022-07-21 04:08:52',3),(223,'Asume una vida saludable',2,194,90,1,0,'2022-07-21 04:08:52','2022-07-21 04:08:52',3),(224,'Interactúa a través de sus habilidades sociomotrices',3,195,90,1,0,'2022-07-21 04:08:52','2022-07-21 04:08:52',3),(225,'Se comunica oralmente en su lengua materna',1,196,91,1,0,'2022-07-21 04:08:52','2022-07-21 04:08:52',3),(226,'Lee diversos tipos de textos escritos en su lengua materna',2,197,91,1,0,'2022-07-21 04:08:52','2022-07-21 04:08:52',3),(227,'Escribe diversos tipos de textos en su lengua materna',3,198,91,1,0,'2022-07-21 04:08:52','2022-07-21 04:08:52',3),(228,'Aprecia de manera crítica manifestaciones artístico-culturales',1,199,92,1,0,'2022-07-21 04:08:52','2022-07-21 04:08:52',3),(229,'Crea proyectos desde los lenguajes artísticos',2,200,92,1,0,'2022-07-21 04:08:52','2022-07-21 04:08:52',3),(230,'Se comunica oralmente en castellano como segunda lengua',1,201,93,1,0,'2022-07-21 04:08:52','2022-07-21 04:08:52',3),(231,'Lee diversos tipos de textos escritos en castellano como segunda lengua',2,202,93,1,0,'2022-07-21 04:08:52','2022-07-21 04:08:52',3),(232,'Escribe diversos tipos de textos en castellano como segunda lengua',3,203,93,1,0,'2022-07-21 04:08:52','2022-07-21 04:08:52',3),(233,'Se comunica oralmente en inglés como lengua extranjera',1,204,94,1,0,'2022-07-21 04:08:52','2022-07-21 04:08:52',3),(234,'Lee diversos tipos de textos escritos en inglés como lengua extranjera',2,205,94,1,0,'2022-07-21 04:08:52','2022-07-21 04:08:52',3),(235,'Escribe diversos tipos de textos en inglés como lengua extranjera',3,206,94,1,0,'2022-07-21 04:08:52','2022-07-21 04:08:52',3),(236,'Resuelve problemas de cantidad',1,207,95,1,0,'2022-07-21 04:08:52','2022-07-21 04:08:52',3),(237,'Resuelve problemas de regularidad, equivalencia y cambio',2,208,95,1,0,'2022-07-21 04:08:52','2022-07-21 04:08:52',3),(238,'Resuelve problemas de forma, movimiento y localización',3,209,95,1,0,'2022-07-21 04:08:52','2022-07-21 04:08:52',3),(239,'Resuelve problemas de gestión de datos e incertidumbre',4,210,95,1,0,'2022-07-21 04:08:52','2022-07-21 04:08:52',3),(240,'Indaga mediante métodos científicos para construir sus conocimientos',1,211,96,1,0,'2022-07-21 04:08:52','2022-07-21 04:08:52',3),(241,'Explica el mundo físico basándose en conocimientos sobre los seres vivos, materia y energía, biodiversidad, Tierra y universo',2,212,96,1,0,'2022-07-21 04:08:52','2022-07-21 04:08:52',3),(242,'Diseña y construye soluciones tecnológicas para resolver problemas de su entorno',3,213,96,1,0,'2022-07-21 04:08:52','2022-07-21 04:08:52',3),(243,'Construye su identidad como persona humana, amada por Dios, digna, libre y trascendente comprendiendo la doctrina de su propia religión, abierto al diálogo con las que le son cercanas',1,214,97,1,0,'2022-07-21 04:08:52','2022-07-21 04:08:52',3),(244,'Asume la experiencia del encuentro personal y comunitario con Dios en su proyecto de vida en coherencia con su creencia religiosa',2,215,97,1,0,'2022-07-21 04:08:52','2022-07-21 04:08:52',3),(245,'Se desenvuelve en entornos virtuales generados por las TIC',1,216,98,1,0,'2022-07-21 04:08:52','2022-07-21 04:08:52',3),(246,'Gestiona su aprendizaje de manera autónoma',2,217,98,1,0,'2022-07-21 04:08:52','2022-07-21 04:08:52',3),(247,'Construye su identidad',1,218,99,1,0,'2022-07-21 04:08:52','2022-07-21 04:08:52',3),(248,'Convive y participa democráticamente en la búsqueda del bien común',2,219,99,1,0,'2022-07-21 04:08:52','2022-07-21 04:08:52',3),(249,'Construye interpretaciones históricas',1,220,100,1,0,'2022-07-21 04:08:52','2022-07-21 04:08:52',3),(250,'Gestiona responsablemente el espacio y el ambiente',2,221,100,1,0,'2022-07-21 04:08:52','2022-07-21 04:08:52',3),(251,'Gestiona responsablemente los recurso económicos',3,222,100,1,0,'2022-07-21 04:08:52','2022-07-21 04:08:52',3),(252,'Gestiona proyectos de emprendimiento económico o social',1,223,101,1,0,'2022-07-21 04:08:52','2022-07-21 04:08:52',3),(253,'Se desenvuelve de manera autónoma a través de su motricidad',1,224,102,1,0,'2022-07-21 04:08:52','2022-07-21 04:08:52',3),(254,'Asume una vida saludable',2,225,102,1,0,'2022-07-21 04:08:52','2022-07-21 04:08:52',3),(255,'Interactúa a través de sus habilidades sociomotrices',3,226,102,1,0,'2022-07-21 04:08:52','2022-07-21 04:08:52',3),(256,'Se comunica oralmente en su lengua materna',1,227,103,1,0,'2022-07-21 04:08:52','2022-07-21 04:08:52',3),(257,'Lee diversos tipos de textos escritos en su lengua materna',2,228,103,1,0,'2022-07-21 04:08:52','2022-07-21 04:08:52',3),(258,'Escribe diversos tipos de textos en su lengua materna',3,229,103,1,0,'2022-07-21 04:08:52','2022-07-21 04:08:52',3),(259,'Aprecia de manera crítica manifestaciones artístico-culturales',1,230,104,1,0,'2022-07-21 04:08:52','2022-07-21 04:08:52',3),(260,'Crea proyectos desde los lenguajes artísticos',2,231,104,1,0,'2022-07-21 04:08:52','2022-07-21 04:08:52',3),(261,'Se comunica oralmente en castellano como segunda lengua',1,232,105,1,0,'2022-07-21 04:08:52','2022-07-21 04:08:52',3),(262,'Lee diversos tipos de textos escritos en castellano como segunda lengua',2,233,105,1,0,'2022-07-21 04:08:52','2022-07-21 04:08:52',3),(263,'Escribe diversos tipos de textos en castellano como segunda lengua',3,234,105,1,0,'2022-07-21 04:08:52','2022-07-21 04:08:52',3),(264,'Se comunica oralmente en inglés como lengua extranjera',1,235,106,1,0,'2022-07-21 04:08:52','2022-07-21 04:08:52',3),(265,'Lee diversos tipos de textos escritos en inglés como lengua extranjera',2,236,106,1,0,'2022-07-21 04:08:52','2022-07-21 04:08:52',3),(266,'Escribe diversos tipos de textos en inglés como lengua extranjera',3,237,106,1,0,'2022-07-21 04:08:52','2022-07-21 04:08:52',3),(267,'Resuelve problemas de cantidad',1,238,107,1,0,'2022-07-21 04:08:52','2022-07-21 04:08:52',3),(268,'Resuelve problemas de regularidad, equivalencia y cambio',2,239,107,1,0,'2022-07-21 04:08:52','2022-07-21 04:08:52',3),(269,'Resuelve problemas de forma, movimiento y localización',3,240,107,1,0,'2022-07-21 04:08:52','2022-07-21 04:08:52',3),(270,'Resuelve problemas de gestión de datos e incertidumbre',4,241,107,1,0,'2022-07-21 04:08:52','2022-07-21 04:08:52',3),(271,'Indaga mediante métodos científicos para construir sus conocimientos',1,242,108,1,0,'2022-07-21 04:08:52','2022-07-21 04:08:52',3),(272,'Explica el mundo físico basándose en conocimientos sobre los seres vivos, materia y energía, biodiversidad, Tierra y universo',2,243,108,1,0,'2022-07-21 04:08:52','2022-07-21 04:08:52',3),(273,'Diseña y construye soluciones tecnológicas para resolver problemas de su entorno',3,244,108,1,0,'2022-07-21 04:08:52','2022-07-21 04:08:52',3),(274,'Construye su identidad como persona humana, amada por Dios, digna, libre y trascendente comprendiendo la doctrina de su propia religión, abierto al diálogo con las que le son cercanas',1,245,109,1,0,'2022-07-21 04:08:52','2022-07-21 04:08:52',3),(275,'Asume la experiencia del encuentro personal y comunitario con Dios en su proyecto de vida en coherencia con su creencia religiosa',2,246,109,1,0,'2022-07-21 04:08:52','2022-07-21 04:08:52',3),(276,'Se desenvuelve en entornos virtuales generados por las TIC',1,247,110,1,0,'2022-07-21 04:08:52','2022-07-21 04:08:52',3),(277,'Gestiona su aprendizaje de manera autónoma',2,248,110,1,0,'2022-07-21 04:08:52','2022-07-21 04:08:52',3),(278,'Construye su identidad',1,249,111,1,0,'2022-07-21 04:08:52','2022-07-21 04:08:52',3),(279,'Convive y participa democráticamente en la búsqueda del bien común',2,250,111,1,0,'2022-07-21 04:08:52','2022-07-21 04:08:52',3),(280,'Construye interpretaciones históricas',1,251,112,1,0,'2022-07-21 04:08:52','2022-07-21 04:08:52',3),(281,'Gestiona responsablemente el espacio y el ambiente',2,252,112,1,0,'2022-07-21 04:08:52','2022-07-21 04:08:52',3),(282,'Gestiona responsablemente los recurso económicos',3,253,112,1,0,'2022-07-21 04:08:52','2022-07-21 04:08:52',3),(283,'Gestiona proyectos de emprendimiento económico o social',1,254,113,1,0,'2022-07-21 04:08:52','2022-07-21 04:08:52',3),(284,'Se desenvuelve de manera autónoma a través de su motricidad',1,255,114,1,0,'2022-07-21 04:08:52','2022-07-21 04:08:52',3),(285,'Asume una vida saludable',2,256,114,1,0,'2022-07-21 04:08:52','2022-07-21 04:08:52',3),(286,'Interactúa a través de sus habilidades sociomotrices',3,257,114,1,0,'2022-07-21 04:08:52','2022-07-21 04:08:52',3),(287,'Se comunica oralmente en su lengua materna',1,258,115,1,0,'2022-07-21 04:08:52','2022-07-21 04:08:52',3),(288,'Lee diversos tipos de textos escritos en su lengua materna',2,259,115,1,0,'2022-07-21 04:08:52','2022-07-21 04:08:52',3),(289,'Escribe diversos tipos de textos en su lengua materna',3,260,115,1,0,'2022-07-21 04:08:52','2022-07-21 04:08:52',3),(290,'Aprecia de manera crítica manifestaciones artístico-culturales',1,261,116,1,0,'2022-07-21 04:08:52','2022-07-21 04:08:52',3),(291,'Crea proyectos desde los lenguajes artísticos',2,262,116,1,0,'2022-07-21 04:08:52','2022-07-21 04:08:52',3),(292,'Se comunica oralmente en castellano como segunda lengua',1,263,117,1,0,'2022-07-21 04:08:52','2022-07-21 04:08:52',3),(293,'Lee diversos tipos de textos escritos en castellano como segunda lengua',2,264,117,1,0,'2022-07-21 04:08:52','2022-07-21 04:08:52',3),(294,'Escribe diversos tipos de textos en castellano como segunda lengua',3,265,117,1,0,'2022-07-21 04:08:52','2022-07-21 04:08:52',3),(295,'Se comunica oralmente en inglés como lengua extranjera',1,266,118,1,0,'2022-07-21 04:08:52','2022-07-21 04:08:52',3),(296,'Lee diversos tipos de textos escritos en inglés como lengua extranjera',2,267,118,1,0,'2022-07-21 04:08:52','2022-07-21 04:08:52',3),(297,'Escribe diversos tipos de textos en inglés como lengua extranjera',3,268,118,1,0,'2022-07-21 04:08:52','2022-07-21 04:08:52',3),(298,'Resuelve problemas de cantidad',1,269,119,1,0,'2022-07-21 04:08:52','2022-07-21 04:08:52',3),(299,'Resuelve problemas de regularidad, equivalencia y cambio',2,270,119,1,0,'2022-07-21 04:08:52','2022-07-21 04:08:52',3),(300,'Resuelve problemas de forma, movimiento y localización',3,271,119,1,0,'2022-07-21 04:08:52','2022-07-21 04:08:52',3),(301,'Resuelve problemas de gestión de datos e incertidumbre',4,272,119,1,0,'2022-07-21 04:08:52','2022-07-21 04:08:52',3),(302,'Indaga mediante métodos científicos para construir sus conocimientos',1,273,120,1,0,'2022-07-21 04:08:52','2022-07-21 04:08:52',3),(303,'Explica el mundo físico basándose en conocimientos sobre los seres vivos, materia y energía, biodiversidad, Tierra y universo',2,274,120,1,0,'2022-07-21 04:08:52','2022-07-21 04:08:52',3),(304,'Diseña y construye soluciones tecnológicas para resolver problemas de su entorno',3,275,120,1,0,'2022-07-21 04:08:52','2022-07-21 04:08:52',3),(305,'Construye su identidad como persona humana, amada por Dios, digna, libre y trascendente comprendiendo la doctrina de su propia religión, abierto al diálogo con las que le son cercanas',1,276,121,1,0,'2022-07-21 04:08:52','2022-07-21 04:08:52',3),(306,'Asume la experiencia del encuentro personal y comunitario con Dios en su proyecto de vida en coherencia con su creencia religiosa',2,277,121,1,0,'2022-07-21 04:08:52','2022-07-21 04:08:52',3),(307,'Se desenvuelve en entornos virtuales generados por las TIC',1,278,122,1,0,'2022-07-21 04:08:52','2022-07-21 04:08:52',3),(308,'Gestiona su aprendizaje de manera autónoma',2,279,122,1,0,'2022-07-21 04:08:52','2022-07-21 04:08:52',3),(309,'Construye su identidad',1,280,123,1,0,'2022-07-21 04:08:52','2022-07-21 04:08:52',3),(310,'Convive y participa democráticamente en la búsqueda del bien común',2,281,123,1,0,'2022-07-21 04:08:52','2022-07-21 04:08:52',3),(311,'Construye interpretaciones históricas',1,282,124,1,0,'2022-07-21 04:08:52','2022-07-21 04:08:52',3),(312,'Gestiona responsablemente el espacio y el ambiente',2,283,124,1,0,'2022-07-21 04:08:52','2022-07-21 04:08:52',3),(313,'Gestiona responsablemente los recurso económicos',3,284,124,1,0,'2022-07-21 04:08:52','2022-07-21 04:08:52',3),(314,'Gestiona proyectos de emprendimiento económico o social',1,285,125,1,0,'2022-07-21 04:08:52','2022-07-21 04:08:52',3),(315,'Se desenvuelve de manera autónoma a través de su motricidad',1,286,126,1,0,'2022-07-21 04:08:52','2022-07-21 04:08:52',3),(316,'Asume una vida saludable',2,287,126,1,0,'2022-07-21 04:08:52','2022-07-21 04:08:52',3),(317,'Interactúa a través de sus habilidades sociomotrices',3,288,126,1,0,'2022-07-21 04:08:52','2022-07-21 04:08:52',3),(318,'Se comunica oralmente en su lengua materna',1,289,127,1,0,'2022-07-21 04:08:52','2022-07-21 04:08:52',3),(319,'Lee diversos tipos de textos escritos en su lengua materna',2,290,127,1,0,'2022-07-21 04:08:52','2022-07-21 04:08:52',3),(320,'Escribe diversos tipos de textos en su lengua materna',3,291,127,1,0,'2022-07-21 04:08:52','2022-07-21 04:08:52',3),(321,'Aprecia de manera crítica manifestaciones artístico-culturales',1,292,128,1,0,'2022-07-21 04:08:52','2022-07-21 04:08:52',3),(322,'Crea proyectos desde los lenguajes artísticos',2,293,128,1,0,'2022-07-21 04:08:52','2022-07-21 04:08:52',3),(323,'Se comunica oralmente en castellano como segunda lengua',1,294,129,1,0,'2022-07-21 04:08:52','2022-07-21 04:08:52',3),(324,'Lee diversos tipos de textos escritos en castellano como segunda lengua',2,295,129,1,0,'2022-07-21 04:08:52','2022-07-21 04:08:52',3),(325,'Escribe diversos tipos de textos en castellano como segunda lengua',3,296,129,1,0,'2022-07-21 04:08:52','2022-07-21 04:08:52',3),(326,'Se comunica oralmente en inglés como lengua extranjera',1,297,130,1,0,'2022-07-21 04:08:52','2022-07-21 04:08:52',3),(327,'Lee diversos tipos de textos escritos en inglés como lengua extranjera',2,298,130,1,0,'2022-07-21 04:08:52','2022-07-21 04:08:52',3),(328,'Escribe diversos tipos de textos en inglés como lengua extranjera',3,299,130,1,0,'2022-07-21 04:08:52','2022-07-21 04:08:52',3),(329,'Resuelve problemas de cantidad',1,300,131,1,0,'2022-07-21 04:08:52','2022-07-21 04:08:52',3),(330,'Resuelve problemas de regularidad, equivalencia y cambio',2,301,131,1,0,'2022-07-21 04:08:52','2022-07-21 04:08:52',3),(331,'Resuelve problemas de forma, movimiento y localización',3,302,131,1,0,'2022-07-21 04:08:52','2022-07-21 04:08:52',3),(332,'Resuelve problemas de gestión de datos e incertidumbre',4,303,131,1,0,'2022-07-21 04:08:52','2022-07-21 04:08:52',3),(333,'Indaga mediante métodos científicos para construir sus conocimientos',1,304,132,1,0,'2022-07-21 04:08:52','2022-07-21 04:08:52',3),(334,'Explica el mundo físico basándose en conocimientos sobre los seres vivos, materia y energía, biodiversidad, Tierra y universo',2,305,132,1,0,'2022-07-21 04:08:52','2022-07-21 04:08:52',3),(335,'Diseña y construye soluciones tecnológicas para resolver problemas de su entorno',3,306,132,1,0,'2022-07-21 04:08:52','2022-07-21 04:08:52',3),(336,'Construye su identidad como persona humana, amada por Dios, digna, libre y trascendente comprendiendo la doctrina de su propia religión, abierto al diálogo con las que le son cercanas',1,307,133,1,0,'2022-07-21 04:08:52','2022-07-21 04:08:52',3),(337,'Asume la experiencia del encuentro personal y comunitario con Dios en su proyecto de vida en coherencia con su creencia religiosa',2,308,133,1,0,'2022-07-21 04:08:52','2022-07-21 04:08:52',3),(338,'Se desenvuelve en entornos virtuales generados por las TIC',1,309,134,1,0,'2022-07-21 04:08:52','2022-07-21 04:08:52',3),(339,'Gestiona su aprendizaje de manera autónoma',2,310,134,1,0,'2022-07-21 04:08:52','2022-07-21 04:08:52',3),(340,'Construye su identidad',1,311,135,1,0,'2022-07-21 04:08:52','2022-07-21 04:08:52',3),(341,'Convive y participa democráticamente en la búsqueda del bien común',2,312,135,1,0,'2022-07-21 04:08:52','2022-07-21 04:08:52',3),(342,'Construye interpretaciones históricas',1,313,136,1,0,'2022-07-21 04:08:52','2022-07-21 04:08:52',3),(343,'Gestiona responsablemente el espacio y el ambiente',2,314,136,1,0,'2022-07-21 04:08:52','2022-07-21 04:08:52',3),(344,'Gestiona responsablemente los recurso económicos',3,315,136,1,0,'2022-07-21 04:08:52','2022-07-21 04:08:52',3),(345,'Gestiona proyectos de emprendimiento económico o social',1,316,137,1,0,'2022-07-21 04:08:52','2022-07-21 04:08:52',3),(346,'Se desenvuelve de manera autónoma a través de su motricidad',1,317,138,1,0,'2022-07-21 04:08:52','2022-07-21 04:08:52',3),(347,'Asume una vida saludable',2,318,138,1,0,'2022-07-21 04:08:52','2022-07-21 04:08:52',3),(348,'Interactúa a través de sus habilidades sociomotrices',3,319,138,1,0,'2022-07-21 04:08:52','2022-07-21 04:08:52',3),(349,'Se comunica oralmente en su lengua materna',1,320,139,1,0,'2022-07-21 04:08:52','2022-07-21 04:08:52',3),(350,'Lee diversos tipos de textos escritos en su lengua materna',2,321,139,1,0,'2022-07-21 04:08:52','2022-07-21 04:08:52',3),(351,'Escribe diversos tipos de textos en su lengua materna',3,322,139,1,0,'2022-07-21 04:08:52','2022-07-21 04:08:52',3),(352,'Aprecia de manera crítica manifestaciones artístico-culturales',1,323,140,1,0,'2022-07-21 04:08:52','2022-07-21 04:08:52',3),(353,'Crea proyectos desde los lenguajes artísticos',2,324,140,1,0,'2022-07-21 04:08:52','2022-07-21 04:08:52',3),(354,'Se comunica oralmente en castellano como segunda lengua',1,325,141,1,0,'2022-07-21 04:08:52','2022-07-21 04:08:52',3),(355,'Lee diversos tipos de textos escritos en castellano como segunda lengua',2,326,141,1,0,'2022-07-21 04:08:52','2022-07-21 04:08:52',3),(356,'Escribe diversos tipos de textos en castellano como segunda lengua',3,327,141,1,0,'2022-07-21 04:08:52','2022-07-21 04:08:52',3),(357,'Se comunica oralmente en inglés como lengua extranjera',1,328,142,1,0,'2022-07-21 04:08:52','2022-07-21 04:08:52',3),(358,'Lee diversos tipos de textos escritos en inglés como lengua extranjera',2,329,142,1,0,'2022-07-21 04:08:52','2022-07-21 04:08:52',3),(359,'Escribe diversos tipos de textos en inglés como lengua extranjera',3,330,142,1,0,'2022-07-21 04:08:52','2022-07-21 04:08:52',3),(360,'Resuelve problemas de cantidad',1,331,143,1,0,'2022-07-21 04:08:52','2022-07-21 04:08:52',3),(361,'Resuelve problemas de regularidad, equivalencia y cambio',2,332,143,1,0,'2022-07-21 04:08:52','2022-07-21 04:08:52',3),(362,'Resuelve problemas de forma, movimiento y localización',3,333,143,1,0,'2022-07-21 04:08:52','2022-07-21 04:08:52',3),(363,'Resuelve problemas de gestión de datos e incertidumbre',4,334,143,1,0,'2022-07-21 04:08:52','2022-07-21 04:08:52',3),(364,'Indaga mediante métodos científicos para construir sus conocimientos',1,335,144,1,0,'2022-07-21 04:08:52','2022-07-21 04:08:52',3),(365,'Explica el mundo físico basándose en conocimientos sobre los seres vivos, materia y energía, biodiversidad, Tierra y universo',2,336,144,1,0,'2022-07-21 04:08:52','2022-07-21 04:08:52',3),(366,'Diseña y construye soluciones tecnológicas para resolver problemas de su entorno',3,337,144,1,0,'2022-07-21 04:08:52','2022-07-21 04:08:52',3),(367,'Construye su identidad como persona humana, amada por Dios, digna, libre y trascendente comprendiendo la doctrina de su propia religión, abierto al diálogo con las que le son cercanas',1,338,145,1,0,'2022-07-21 04:08:52','2022-07-21 04:08:52',3),(368,'Asume la experiencia del encuentro personal y comunitario con Dios en su proyecto de vida en coherencia con su creencia religiosa',2,339,145,1,0,'2022-07-21 04:08:52','2022-07-21 04:08:52',3),(369,'Se desenvuelve en entornos virtuales generados por las TIC',1,340,146,1,0,'2022-07-21 04:08:52','2022-07-21 04:08:52',3),(370,'Gestiona su aprendizaje de manera autónoma',2,341,146,1,0,'2022-07-21 04:08:52','2022-07-21 04:08:52',3),(371,'Competencia 2',2,342,20,1,0,'2022-11-24 18:30:20','2022-11-24 18:30:20',3),(372,'Competencia 3',3,343,20,1,0,'2022-11-24 18:30:24','2022-11-24 18:30:24',3),(373,'Competencia 1',1,344,21,1,0,'2022-11-24 18:50:02','2022-11-24 18:50:02',3),(374,'Competencia 2',2,345,21,1,0,'2022-11-24 18:50:07','2022-11-24 18:50:07',3),(375,'Competencia 3',3,346,21,1,0,'2022-11-24 18:50:11','2022-11-24 18:50:11',3),(376,'Competencia 1',1,347,22,1,0,'2022-11-24 18:51:35','2022-11-24 18:51:35',3),(377,'Competencia 2',2,348,22,1,0,'2022-11-24 18:51:39','2022-11-24 18:51:39',3),(378,'Competencia 3',3,349,22,1,0,'2022-11-24 18:51:42','2022-11-24 18:51:42',3),(379,'Competencia 1',1,350,23,1,0,'2022-11-24 19:01:28','2022-11-24 19:01:28',3),(380,'Competencia 2',2,351,23,1,0,'2022-11-24 19:01:34','2022-11-24 19:01:34',3),(381,'Competencia 3',3,352,23,1,0,'2022-11-24 19:01:38','2022-11-24 19:01:38',3),(382,'Competencia 1',1,353,24,1,0,'2022-11-24 19:02:57','2022-11-24 19:02:57',3),(383,'Competencia 2',2,354,24,1,0,'2022-11-24 19:03:01','2022-11-24 19:03:01',3),(384,'Competencia 3',3,355,24,1,0,'2022-11-24 19:03:04','2022-11-24 19:03:04',3),(385,'Competencia 1',1,356,25,1,0,'2022-11-24 19:03:10','2022-11-24 19:03:10',3),(386,'Competencia 2',2,357,25,1,0,'2022-11-24 19:03:13','2022-11-24 19:03:13',3),(387,'Competencia 3',3,358,25,1,0,'2022-11-24 19:03:17','2022-11-24 19:03:17',3),(388,'Competencia 1',1,359,26,1,0,'2022-11-24 19:03:25','2022-11-24 19:03:25',3),(389,'Competencia 2',2,360,26,1,0,'2022-11-24 19:03:28','2022-11-24 19:03:28',3),(390,'Competencia 3',3,361,26,1,0,'2022-11-24 19:03:32','2022-11-24 19:03:32',3);
/*!40000 ALTER TABLE `ciclo_competencias` ENABLE KEYS */;
UNLOCK TABLES;

--
-- Table structure for table `ciclo_cursos`
--

DROP TABLE IF EXISTS `ciclo_cursos`;
/*!40101 SET @saved_cs_client     = @@character_set_client */;
/*!50503 SET character_set_client = utf8mb4 */;
CREATE TABLE `ciclo_cursos` (
  `id` int NOT NULL AUTO_INCREMENT,
  `nombre` varchar(200) DEFAULT NULL,
  `orden` int DEFAULT NULL,
  `ciclo_grado_id` int NOT NULL,
  `curso_id` int DEFAULT NULL,
  `opcion` tinyint DEFAULT NULL COMMENT '1->trimestral\n2->bimestral',
  `activo` tinyint DEFAULT NULL,
  `borrado` tinyint DEFAULT NULL,
  `created_at` timestamp NULL DEFAULT NULL,
  `updated_at` timestamp NULL DEFAULT NULL,
  `ciclo_escolar_id` int DEFAULT NULL,
  PRIMARY KEY (`id`),
  KEY `FK_ciclo_grado_idx` (`ciclo_grado_id`),
  CONSTRAINT `FK_ciclo_grado` FOREIGN KEY (`ciclo_grado_id`) REFERENCES `ciclo_grados` (`id`)
) ENGINE=InnoDB AUTO_INCREMENT=147 DEFAULT CHARSET=utf8mb4 COLLATE=utf8mb4_0900_ai_ci;
/*!40101 SET character_set_client = @saved_cs_client */;

--
-- Dumping data for table `ciclo_cursos`
--

LOCK TABLES `ciclo_cursos` WRITE;
/*!40000 ALTER TABLE `ciclo_cursos` DISABLE KEYS */;
INSERT INTO `ciclo_cursos` VALUES (1,'Curso1',1,1,2,1,1,0,'2022-07-10 05:43:05','2022-07-10 05:43:05',1),(2,'Curso2',2,1,3,1,1,0,'2022-07-10 05:43:05','2022-07-10 05:43:05',1),(3,'Matemática',1,14,2,1,1,0,'2022-07-21 04:06:23','2022-07-21 04:06:23',2),(4,'Comunicación',2,14,3,1,1,0,'2022-07-21 04:06:23','2022-07-21 04:06:23',2),(5,'Persona Social',3,14,4,1,1,0,'2022-07-21 04:06:23','2022-07-21 04:06:23',2),(6,'Ciencia y Ambiente',4,14,5,1,1,0,'2022-07-21 04:06:23','2022-07-21 04:06:23',2),(7,'Matemática',1,15,6,1,1,0,'2022-07-21 04:06:23','2022-07-21 04:06:23',2),(8,'Comunicación',2,15,7,1,1,0,'2022-07-21 04:06:23','2022-07-21 04:06:23',2),(9,'Persona Social',3,15,8,1,1,0,'2022-07-21 04:06:23','2022-07-21 04:06:23',2),(10,'Ciencia y Ambiente',4,15,9,1,1,0,'2022-07-21 04:06:23','2022-07-21 04:06:23',2),(11,'Personal social',1,16,10,1,1,0,'2022-07-21 04:06:23','2022-07-21 04:06:23',2),(12,'Educación física',2,16,73,1,1,0,'2022-07-21 04:06:23','2022-07-21 04:06:23',2),(13,'Comunicación',3,16,74,1,1,0,'2022-07-21 04:06:23','2022-07-21 04:06:23',2),(14,'Arte y cultura',4,16,75,1,1,0,'2022-07-21 04:06:23','2022-07-21 04:06:23',2),(15,'Castellano como segunda lengua',5,16,76,1,1,0,'2022-07-21 04:06:23','2022-07-21 04:06:23',2),(16,'Ingles como lengua extranjero',6,16,77,1,1,0,'2022-07-21 04:06:23','2022-07-21 04:06:23',2),(17,'Matemática',7,16,78,1,1,0,'2022-07-21 04:06:23','2022-07-21 04:06:23',2),(18,'Ciencia y tecnología',8,16,79,1,1,0,'2022-07-21 04:06:23','2022-07-21 04:06:23',2),(19,'Matemática',1,17,2,1,1,0,'2022-07-21 04:08:51','2022-08-03 17:50:51',3),(20,'Comunicación',2,17,3,1,1,0,'2022-07-21 04:08:51','2022-08-03 17:50:51',3),(21,'Persona Social',3,17,4,1,1,0,'2022-07-21 04:08:51','2022-08-03 17:50:51',3),(22,'Ciencia y Ambiente',4,17,5,1,1,0,'2022-07-21 04:08:51','2022-08-03 17:50:51',3),(23,'Matemática',1,18,6,1,1,0,'2022-07-21 04:08:51','2022-08-03 17:50:51',3),(24,'Comunicación',2,18,7,1,1,0,'2022-07-21 04:08:51','2022-08-03 17:50:51',3),(25,'Persona Social',3,18,8,1,1,0,'2022-07-21 04:08:51','2022-08-03 17:50:51',3),(26,'Ciencia y Ambiente',4,18,9,1,1,0,'2022-07-21 04:08:51','2022-08-03 17:50:51',3),(27,'Personal social',1,19,10,1,1,0,'2022-07-21 04:08:51','2022-08-03 17:50:51',3),(28,'Educación física',2,19,73,1,1,0,'2022-07-21 04:08:51','2022-08-03 17:50:51',3),(29,'Comunicación',3,19,74,1,1,0,'2022-07-21 04:08:51','2022-08-03 17:50:51',3),(30,'Arte y cultura',4,19,75,1,1,0,'2022-07-21 04:08:51','2022-08-03 17:50:51',3),(31,'Castellano como segunda lengua',5,19,76,1,1,0,'2022-07-21 04:08:51','2022-08-03 17:50:51',3),(32,'Ingles como lengua extranjero',6,19,77,1,1,0,'2022-07-21 04:08:51','2022-08-03 17:50:51',3),(33,'Matemática',7,19,78,1,1,0,'2022-07-21 04:08:51','2022-08-03 17:50:51',3),(34,'Ciencia y tecnología',8,19,79,1,1,0,'2022-07-21 04:08:51','2022-08-03 17:50:51',3),(35,'Educación religiosa',9,19,80,1,1,0,'2022-07-21 04:08:51','2022-08-03 17:50:51',3),(36,'Competencias transversales',10,19,81,1,1,0,'2022-07-21 04:08:51','2022-08-03 17:50:51',3),(37,'Personal social',1,20,82,1,1,0,'2022-07-21 04:08:51','2022-08-03 17:50:51',3),(38,'Educación física',2,20,85,1,1,0,'2022-07-21 04:08:51','2022-08-03 17:50:51',3),(39,'Comunicación',3,20,86,1,1,0,'2022-07-21 04:08:51','2022-08-03 17:50:51',3),(40,'Arte y cultura',4,20,87,1,1,0,'2022-07-21 04:08:51','2022-08-03 17:50:51',3),(41,'Castellano como segunda lengua',5,20,88,1,1,0,'2022-07-21 04:08:51','2022-08-03 17:50:51',3),(42,'Ingles como lengua extranjero',6,20,89,1,1,0,'2022-07-21 04:08:51','2022-08-03 17:50:51',3),(43,'Matemática',7,20,90,1,1,0,'2022-07-21 04:08:52','2022-08-03 17:50:51',3),(44,'Ciencia y tecnología',8,20,91,1,1,0,'2022-07-21 04:08:52','2022-08-03 17:50:51',3),(45,'Educación religiosa',9,20,92,1,1,0,'2022-07-21 04:08:52','2022-08-03 17:50:51',3),(46,'Competencias transversales',10,20,93,1,1,0,'2022-07-21 04:08:52','2022-08-03 17:50:51',3),(47,'Personal social',1,21,94,1,1,0,'2022-07-21 04:08:52','2022-08-03 17:50:51',3),(48,'Educación física',2,21,97,1,1,0,'2022-07-21 04:08:52','2022-08-03 17:50:51',3),(49,'Comunicación',3,21,98,1,1,0,'2022-07-21 04:08:52','2022-08-03 17:50:51',3),(50,'Arte y cultura',4,21,99,1,1,0,'2022-07-21 04:08:52','2022-08-03 17:50:51',3),(51,'Castellano como segunda lengua',5,21,100,1,1,0,'2022-07-21 04:08:52','2022-08-03 17:50:51',3),(52,'Ingles como lengua extranjero',6,21,101,1,1,0,'2022-07-21 04:08:52','2022-08-03 17:50:51',3),(53,'Matemática',7,21,102,1,1,0,'2022-07-21 04:08:52','2022-08-03 17:50:51',3),(54,'Ciencia y tecnología',8,21,103,1,1,0,'2022-07-21 04:08:52','2022-08-03 17:50:51',3),(55,'Educación religiosa',9,21,104,1,1,0,'2022-07-21 04:08:52','2022-08-03 17:50:51',3),(56,'Competencias transversales',10,21,105,1,1,0,'2022-07-21 04:08:52','2022-08-03 17:50:51',3),(57,'Personal social',1,22,106,1,1,0,'2022-07-21 04:08:52','2022-08-03 17:50:51',3),(58,'Educación física',2,22,109,1,1,0,'2022-07-21 04:08:52','2022-08-03 17:50:51',3),(59,'Comunicación',3,22,110,1,1,0,'2022-07-21 04:08:52','2022-08-03 17:50:51',3),(60,'Arte y cultura',4,22,111,1,1,0,'2022-07-21 04:08:52','2022-08-03 17:50:51',3),(61,'Castellano como segunda lengua',5,22,112,1,1,0,'2022-07-21 04:08:52','2022-08-03 17:50:51',3),(62,'Ingles como lengua extranjero',6,22,113,1,1,0,'2022-07-21 04:08:52','2022-08-03 17:50:51',3),(63,'Matemática',7,22,114,1,1,0,'2022-07-21 04:08:52','2022-08-03 17:50:51',3),(64,'Ciencia y tecnología',8,22,115,1,1,0,'2022-07-21 04:08:52','2022-08-03 17:50:51',3),(65,'Educación religiosa',9,22,116,1,1,0,'2022-07-21 04:08:52','2022-08-03 17:50:51',3),(66,'Competencias transversales',10,22,117,1,1,0,'2022-07-21 04:08:52','2022-08-03 17:50:51',3),(67,'Personal social',1,23,118,1,1,0,'2022-07-21 04:08:52','2022-08-03 17:50:51',3),(68,'Educación física',2,23,121,1,1,0,'2022-07-21 04:08:52','2022-08-03 17:50:51',3),(69,'Comunicación',3,23,122,1,1,0,'2022-07-21 04:08:52','2022-08-03 17:50:51',3),(70,'Arte y cultura',4,23,123,1,1,0,'2022-07-21 04:08:52','2022-08-03 17:50:51',3),(71,'Castellano como segunda lengua',5,23,124,1,1,0,'2022-07-21 04:08:52','2022-08-03 17:50:51',3),(72,'Ingles como lengua extranjero',6,23,125,1,1,0,'2022-07-21 04:08:52','2022-08-03 17:50:51',3),(73,'Matemática',7,23,126,1,1,0,'2022-07-21 04:08:52','2022-08-03 17:50:51',3),(74,'Ciencia y tecnología',8,23,127,1,1,0,'2022-07-21 04:08:52','2022-08-03 17:50:51',3),(75,'Educación religiosa',9,23,128,1,1,0,'2022-07-21 04:08:52','2022-08-03 17:50:51',3),(76,'Competencias transversales',10,23,129,1,1,0,'2022-07-21 04:08:52','2022-08-03 17:50:51',3),(77,'Personal social',1,24,130,1,1,0,'2022-07-21 04:08:52','2022-08-03 17:50:51',3),(78,'Educación física',2,24,133,1,1,0,'2022-07-21 04:08:52','2022-08-03 17:50:51',3),(79,'Comunicación',3,24,134,1,1,0,'2022-07-21 04:08:52','2022-08-03 17:50:51',3),(80,'Arte y cultura',4,24,135,1,1,0,'2022-07-21 04:08:52','2022-08-03 17:50:51',3),(81,'Castellano como segunda lengua',5,24,136,1,1,0,'2022-07-21 04:08:52','2022-08-03 17:50:51',3),(82,'Ingles como lengua extranjero',6,24,137,1,1,0,'2022-07-21 04:08:52','2022-08-03 17:50:51',3),(83,'Matemática',7,24,138,1,1,0,'2022-07-21 04:08:52','2022-08-03 17:50:51',3),(84,'Ciencia y tecnología',8,24,139,1,1,0,'2022-07-21 04:08:52','2022-08-03 17:50:51',3),(85,'Educación religiosa',9,24,140,1,1,0,'2022-07-21 04:08:52','2022-08-03 17:50:51',3),(86,'Competencias transversales',10,24,141,1,1,0,'2022-07-21 04:08:52','2022-08-03 17:50:51',3),(87,'Desarrollo personal, ciudadanía y cívica',1,25,13,1,1,0,'2022-07-21 04:08:52','2022-08-03 17:50:51',3),(88,'Ciencias sociales',2,25,14,1,1,0,'2022-07-21 04:08:52','2022-08-03 17:50:51',3),(89,'Educación para el trabajo',3,25,15,1,1,0,'2022-07-21 04:08:52','2022-08-03 17:50:51',3),(90,'Educación física',4,25,16,1,1,0,'2022-07-21 04:08:52','2022-08-03 17:50:51',3),(91,'Comunicación',5,25,17,1,1,0,'2022-07-21 04:08:52','2022-08-03 17:50:51',3),(92,'Arte y cultura',6,25,18,1,1,0,'2022-07-21 04:08:52','2022-08-03 17:50:51',3),(93,'Castellano como segunda lengua',7,25,19,1,1,0,'2022-07-21 04:08:52','2022-08-03 17:50:51',3),(94,'Ingles como lenguaje extranjera',8,25,20,1,1,0,'2022-07-21 04:08:52','2022-08-03 17:50:51',3),(95,'Matemática',9,25,21,1,1,0,'2022-07-21 04:08:52','2022-08-03 17:50:51',3),(96,'Ciencia y tecnología',10,25,22,1,1,0,'2022-07-21 04:08:52','2022-08-03 17:50:51',3),(97,'Educación religiosa',11,25,23,1,1,0,'2022-07-21 04:08:52','2022-08-03 17:50:51',3),(98,'Competencias transversales',12,25,24,1,1,0,'2022-07-21 04:08:52','2022-08-03 17:50:51',3),(99,'Desarrollo personal, ciudadanía y cívica',1,26,25,1,1,0,'2022-07-21 04:08:52','2022-08-03 17:50:51',3),(100,'Ciencias sociales',2,26,26,1,1,0,'2022-07-21 04:08:52','2022-12-12 03:05:19',3),(101,'Educación para el trabajo',3,26,27,1,1,0,'2022-07-21 04:08:52','2022-08-03 17:50:51',3),(102,'Educación física',4,26,28,1,1,0,'2022-07-21 04:08:52','2022-08-03 17:50:51',3),(103,'Comunicación',5,26,29,1,1,0,'2022-07-21 04:08:52','2022-08-03 17:50:51',3),(104,'Arte y cultura',6,26,30,1,1,0,'2022-07-21 04:08:52','2022-08-03 17:50:51',3),(105,'Castellano como segunda lengua',7,26,31,1,1,0,'2022-07-21 04:08:52','2022-08-03 17:50:51',3),(106,'Ingles como lenguaje extranjera',8,26,32,1,1,0,'2022-07-21 04:08:52','2022-08-03 17:50:51',3),(107,'Matemática',9,26,33,1,1,0,'2022-07-21 04:08:52','2022-08-03 17:50:51',3),(108,'Ciencia y tecnología',10,26,34,1,1,0,'2022-07-21 04:08:52','2022-08-03 17:50:51',3),(109,'Educación religiosa',11,26,35,1,1,0,'2022-07-21 04:08:52','2022-08-03 17:50:51',3),(110,'Competencias transversales',12,26,36,1,1,0,'2022-07-21 04:08:52','2022-08-03 17:50:51',3),(111,'Desarrollo personal, ciudadanía y cívica',1,27,37,1,1,0,'2022-07-21 04:08:52','2022-08-03 17:50:51',3),(112,'Ciencias sociales',2,27,38,1,1,0,'2022-07-21 04:08:52','2022-08-03 17:50:51',3),(113,'Educación para el trabajo',3,27,39,1,1,0,'2022-07-21 04:08:52','2022-08-03 17:50:51',3),(114,'Educación física',4,27,40,1,1,0,'2022-07-21 04:08:52','2022-08-03 17:50:51',3),(115,'Comunicación',5,27,41,1,1,0,'2022-07-21 04:08:52','2022-08-03 17:50:51',3),(116,'Arte y cultura',6,27,42,1,1,0,'2022-07-21 04:08:52','2022-08-03 17:50:51',3),(117,'Castellano como segunda lengua',7,27,43,1,1,0,'2022-07-21 04:08:52','2022-08-03 17:50:51',3),(118,'Ingles como lenguaje extranjera',8,27,44,1,1,0,'2022-07-21 04:08:52','2022-08-03 17:50:51',3),(119,'Matemática',9,27,45,1,1,0,'2022-07-21 04:08:52','2022-08-03 17:50:51',3),(120,'Ciencia y tecnología',10,27,46,1,1,0,'2022-07-21 04:08:52','2022-08-03 17:50:51',3),(121,'Educación religiosa',11,27,47,1,1,0,'2022-07-21 04:08:52','2022-08-03 17:50:51',3),(122,'Competencias transversales',12,27,48,1,1,0,'2022-07-21 04:08:52','2022-08-03 17:50:51',3),(123,'Desarrollo personal, ciudadanía y cívica',1,28,49,1,1,0,'2022-07-21 04:08:52','2022-08-03 17:50:51',3),(124,'Ciencias sociales',2,28,50,1,1,0,'2022-07-21 04:08:52','2022-08-03 17:50:51',3),(125,'Educación para el trabajo',3,28,51,1,1,0,'2022-07-21 04:08:52','2022-08-03 17:50:51',3),(126,'Educación física',4,28,52,1,1,0,'2022-07-21 04:08:52','2022-08-03 17:50:51',3),(127,'Comunicación',5,28,53,1,1,0,'2022-07-21 04:08:52','2022-08-03 17:50:51',3),(128,'Arte y cultura',6,28,54,1,1,0,'2022-07-21 04:08:52','2022-08-03 17:50:51',3),(129,'Castellano como segunda lengua',7,28,55,1,1,0,'2022-07-21 04:08:52','2022-08-03 17:50:51',3),(130,'Ingles como lenguaje extranjera',8,28,56,1,1,0,'2022-07-21 04:08:52','2022-08-03 17:50:51',3),(131,'Matemática',9,28,57,1,1,0,'2022-07-21 04:08:52','2022-08-03 17:50:51',3),(132,'Ciencia y tecnología',10,28,58,1,1,0,'2022-07-21 04:08:52','2022-08-03 17:50:51',3),(133,'Educación religiosa',11,28,59,1,1,0,'2022-07-21 04:08:52','2022-08-03 17:50:51',3),(134,'Competencias transversales',12,28,60,1,1,0,'2022-07-21 04:08:52','2022-08-03 17:50:51',3),(135,'Desarrollo personal, ciudadanía y cívica',1,29,61,1,1,0,'2022-07-21 04:08:52','2022-08-03 17:50:51',3),(136,'Ciencias sociales',2,29,62,1,1,0,'2022-07-21 04:08:52','2022-08-03 17:50:51',3),(137,'Educación para el trabajo',3,29,63,1,1,0,'2022-07-21 04:08:52','2022-08-03 17:50:51',3),(138,'Educación física',4,29,64,1,1,0,'2022-07-21 04:08:52','2022-08-03 17:50:51',3),(139,'Comunicación',5,29,65,1,1,0,'2022-07-21 04:08:52','2022-08-03 17:50:51',3),(140,'Arte y cultura',6,29,66,1,1,0,'2022-07-21 04:08:52','2022-08-03 17:50:51',3),(141,'Castellano como segunda lengua',7,29,67,1,1,0,'2022-07-21 04:08:52','2022-08-03 17:50:51',3),(142,'Ingles como lenguaje extranjera',8,29,68,1,1,0,'2022-07-21 04:08:52','2022-08-03 17:50:51',3),(143,'Matemática',9,29,69,1,1,0,'2022-07-21 04:08:52','2022-08-03 17:50:51',3),(144,'Ciencia y tecnología',10,29,70,1,1,0,'2022-07-21 04:08:52','2022-08-03 17:50:51',3),(145,'Educación religiosa',11,29,71,1,1,0,'2022-07-21 04:08:52','2022-08-03 17:50:51',3),(146,'Competencias transversales',12,29,72,1,1,0,'2022-07-21 04:08:52','2022-08-03 17:50:51',3);
/*!40000 ALTER TABLE `ciclo_cursos` ENABLE KEYS */;
UNLOCK TABLES;

--
-- Table structure for table `ciclo_escolars`
--

DROP TABLE IF EXISTS `ciclo_escolars`;
/*!40101 SET @saved_cs_client     = @@character_set_client */;
/*!50503 SET character_set_client = utf8mb4 */;
CREATE TABLE `ciclo_escolars` (
  `id` int NOT NULL AUTO_INCREMENT,
  `year` int DEFAULT NULL,
  `nombre` varchar(100) DEFAULT NULL,
  `fecha_ini_clases` date DEFAULT NULL,
  `fecha_fin_clases` date DEFAULT NULL,
  `activo` tinyint DEFAULT NULL,
  `activo_matricula` tinyint DEFAULT NULL,
  `borrado` tinyint DEFAULT NULL,
  `created_at` timestamp NULL DEFAULT NULL,
  `updated_at` timestamp NULL DEFAULT NULL,
  `opcion` tinyint DEFAULT NULL COMMENT '1->trimestral\n2->bimestral',
  PRIMARY KEY (`id`)
) ENGINE=InnoDB AUTO_INCREMENT=4 DEFAULT CHARSET=utf8mb4 COLLATE=utf8mb4_0900_ai_ci;
/*!40101 SET character_set_client = @saved_cs_client */;

--
-- Dumping data for table `ciclo_escolars`
--

LOCK TABLES `ciclo_escolars` WRITE;
/*!40000 ALTER TABLE `ciclo_escolars` DISABLE KEYS */;
INSERT INTO `ciclo_escolars` VALUES (1,2022,'Año 2022 ed','2022-03-01','2022-12-30',0,0,1,'2022-07-10 05:43:05','2022-07-10 06:10:50',1),(2,2022,'Año 2022','2022-04-01','2022-12-15',0,0,1,'2022-07-21 04:06:23','2022-07-21 04:08:23',1),(3,2022,'Año 2022','2022-03-01','2022-12-15',1,1,0,'2022-07-21 04:08:51','2022-12-12 03:16:04',1);
/*!40000 ALTER TABLE `ciclo_escolars` ENABLE KEYS */;
UNLOCK TABLES;

--
-- Table structure for table `ciclo_grados`
--

DROP TABLE IF EXISTS `ciclo_grados`;
/*!40101 SET @saved_cs_client     = @@character_set_client */;
/*!50503 SET character_set_client = utf8mb4 */;
CREATE TABLE `ciclo_grados` (
  `id` int NOT NULL AUTO_INCREMENT,
  `grado_id` int DEFAULT NULL,
  `nombre` varchar(200) DEFAULT NULL,
  `ciclo` varchar(100) DEFAULT NULL,
  `orden` int DEFAULT NULL,
  `ciclo_niveles_id` int NOT NULL,
  `activo` tinyint DEFAULT NULL,
  `borrado` tinyint DEFAULT NULL,
  `created_at` timestamp NULL DEFAULT NULL,
  `updated_at` timestamp NULL DEFAULT NULL,
  `ciclo_escolar_id` int DEFAULT NULL,
  PRIMARY KEY (`id`),
  KEY `fk_ciclo_grados_ciclo_niveles1_idx` (`ciclo_niveles_id`),
  CONSTRAINT `fk_ciclo_grados_ciclo_niveles1` FOREIGN KEY (`ciclo_niveles_id`) REFERENCES `ciclo_niveles` (`id`)
) ENGINE=InnoDB AUTO_INCREMENT=30 DEFAULT CHARSET=utf8mb4 COLLATE=utf8mb4_0900_ai_ci;
/*!40101 SET character_set_client = @saved_cs_client */;

--
-- Dumping data for table `ciclo_grados`
--

LOCK TABLES `ciclo_grados` WRITE;
/*!40000 ALTER TABLE `ciclo_grados` DISABLE KEYS */;
INSERT INTO `ciclo_grados` VALUES (1,1,'Cuna Inicial','1',1,1,1,0,'2022-07-10 05:43:05','2022-07-10 05:43:05',1),(2,2,'Inicial','2',2,1,1,0,'2022-07-10 05:43:05','2022-07-10 05:43:05',1),(3,3,'Primer Grado','3',1,2,1,0,'2022-07-10 05:43:05','2022-07-10 05:43:05',1),(4,4,'Segundo Grado','3',2,2,1,0,'2022-07-10 05:43:05','2022-07-10 05:43:05',1),(5,5,'Tercer Grado','4',3,2,1,0,'2022-07-10 05:43:05','2022-07-10 05:43:05',1),(6,6,'Cuarto Grado','4',4,2,1,0,'2022-07-10 05:43:05','2022-07-10 05:43:05',1),(7,7,'Quinto Grado','5',5,2,1,0,'2022-07-10 05:43:05','2022-07-10 05:43:05',1),(8,8,'Sexto Grado','5',6,2,1,0,'2022-07-10 05:43:05','2022-07-10 05:43:05',1),(9,9,'Primer Grado','6',1,3,1,0,'2022-07-10 05:43:05','2022-07-10 05:43:05',1),(10,10,'Segundo Grado','6',2,3,1,0,'2022-07-10 05:43:05','2022-07-10 05:43:05',1),(11,11,'Tercer Grado','7',3,3,1,0,'2022-07-10 05:43:05','2022-07-10 05:43:05',1),(12,12,'Cuarto Grado','7',4,3,1,0,'2022-07-10 05:43:05','2022-07-10 05:43:05',1),(13,13,'Quinto Grado','7',5,3,1,0,'2022-07-10 05:43:05','2022-07-10 05:43:05',1),(14,1,'Cuna Inicial','1',1,4,1,0,'2022-07-21 04:06:23','2022-07-21 04:06:23',2),(15,2,'Inicial','2',2,4,1,0,'2022-07-21 04:06:23','2022-07-21 04:06:23',2),(16,3,'Primer Grado','3',1,5,1,0,'2022-07-21 04:06:23','2022-07-21 04:06:23',2),(17,1,'Cuna Inicial','1',1,6,1,0,'2022-07-21 04:08:51','2022-07-21 04:08:51',3),(18,2,'Inicial','2',2,6,1,0,'2022-07-21 04:08:51','2022-07-21 04:08:51',3),(19,3,'Primer Grado','3',1,7,1,0,'2022-07-21 04:08:51','2022-07-21 04:08:51',3),(20,4,'Segundo Grado','3',2,7,1,0,'2022-07-21 04:08:51','2022-07-21 04:08:51',3),(21,5,'Tercer Grado','4',3,7,1,0,'2022-07-21 04:08:52','2022-07-21 04:08:52',3),(22,6,'Cuarto Grado','4',4,7,1,0,'2022-07-21 04:08:52','2022-07-21 04:08:52',3),(23,7,'Quinto Grado','5',5,7,1,0,'2022-07-21 04:08:52','2022-07-21 04:08:52',3),(24,8,'Sexto Grado','5',6,7,1,0,'2022-07-21 04:08:52','2022-07-21 04:08:52',3),(25,9,'Primer Grado','6',1,8,1,0,'2022-07-21 04:08:52','2022-07-21 04:08:52',3),(26,10,'Segundo Grado','6',2,8,1,0,'2022-07-21 04:08:52','2022-07-21 04:08:52',3),(27,11,'Tercer Grado','7',3,8,1,0,'2022-07-21 04:08:52','2022-07-21 04:08:52',3),(28,12,'Cuarto Grado','7',4,8,1,0,'2022-07-21 04:08:52','2022-07-21 04:08:52',3),(29,13,'Quinto Grado','7',5,8,1,0,'2022-07-21 04:08:52','2022-07-21 04:08:52',3);
/*!40000 ALTER TABLE `ciclo_grados` ENABLE KEYS */;
UNLOCK TABLES;

--
-- Table structure for table `ciclo_indicadores`
--

DROP TABLE IF EXISTS `ciclo_indicadores`;
/*!40101 SET @saved_cs_client     = @@character_set_client */;
/*!50503 SET character_set_client = utf8mb4 */;
CREATE TABLE `ciclo_indicadores` (
  `id` int NOT NULL AUTO_INCREMENT,
  `nombre` varchar(500) DEFAULT NULL,
  `orden` int DEFAULT NULL,
  `indicador_id` int DEFAULT NULL,
  `activo` tinyint DEFAULT NULL,
  `borrado` tinyint DEFAULT NULL,
  `created_at` timestamp NULL DEFAULT NULL,
  `updated_at` timestamp NULL DEFAULT NULL,
  `ciclo_competencia_id` int NOT NULL,
  `ciclo_escolar_id` int DEFAULT NULL,
  PRIMARY KEY (`id`),
  KEY `fk_ciclo_indicadores_ciclo_competencias1_idx` (`ciclo_competencia_id`),
  CONSTRAINT `fk_ciclo_indicadores_ciclo_competencias1` FOREIGN KEY (`ciclo_competencia_id`) REFERENCES `ciclo_competencias` (`id`)
) ENGINE=InnoDB AUTO_INCREMENT=1081 DEFAULT CHARSET=utf8mb4 COLLATE=utf8mb4_0900_ai_ci;
/*!40101 SET character_set_client = @saved_cs_client */;

--
-- Dumping data for table `ciclo_indicadores`
--

LOCK TABLES `ciclo_indicadores` WRITE;
/*!40000 ALTER TABLE `ciclo_indicadores` DISABLE KEYS */;
INSERT INTO `ciclo_indicadores` VALUES (1,'Indicador 1',1,1,1,0,'2022-11-09 04:43:28','2022-11-24 16:41:39',32,3),(2,'Indicador 2',2,2,1,0,'2022-11-09 04:43:36','2022-11-09 04:43:36',32,3),(4,'Indicador 3',3,4,1,0,'2022-11-24 17:04:56','2022-11-24 17:04:56',32,3),(5,'Indicador 1',1,5,1,0,'2022-11-24 18:29:19','2022-11-24 18:29:19',33,3),(6,'Indicador 2',2,6,1,0,'2022-11-24 18:29:24','2022-11-24 18:29:24',33,3),(7,'Indicador 3',3,7,1,0,'2022-11-24 18:29:32','2022-11-24 18:29:32',33,3),(8,'Indicador 1',1,8,1,0,'2022-11-24 18:29:42','2022-11-24 18:29:42',34,3),(9,'Indicador 2',2,9,1,0,'2022-11-24 18:29:49','2022-11-24 18:29:49',34,3),(10,'Indicador 3',3,10,1,0,'2022-11-24 18:29:55','2022-11-24 18:29:55',34,3),(14,'Indicador 1',1,14,1,0,'2022-11-24 18:30:56','2022-11-24 18:30:56',371,3),(15,'Indicador 2',2,15,1,0,'2022-11-24 18:31:01','2022-11-24 18:31:01',371,3),(16,'Indicador 3',3,16,1,0,'2022-11-24 18:31:06','2022-11-24 18:31:06',371,3),(19,'Indicador 1',1,19,1,0,'2022-11-24 18:37:11','2022-11-24 18:37:11',372,3),(21,'Indicador 1',1,21,1,0,'2022-11-24 18:40:26','2022-11-24 18:40:26',35,3),(22,'Indicador 2',2,22,1,0,'2022-11-24 18:46:35','2022-11-24 18:46:35',35,3),(23,'Indicador 3',3,23,1,0,'2022-11-24 18:47:28','2022-11-24 18:47:28',35,3),(25,'Indicador 2',2,25,1,0,'2022-11-24 18:49:40','2022-11-24 18:49:40',372,3),(26,'Indicador 3',3,26,1,0,'2022-11-24 18:49:44','2022-11-24 18:49:44',372,3),(27,'Indicador 1',1,27,1,0,'2022-11-24 18:50:31','2022-11-24 18:50:31',373,3),(28,'Indicador 2',2,28,1,0,'2022-11-24 18:50:35','2022-11-24 18:50:35',373,3),(29,'Indicador 3',3,29,1,0,'2022-11-24 18:50:39','2022-11-24 18:50:39',373,3),(30,'Indicador 1',1,30,1,0,'2022-11-24 18:50:45','2022-11-24 18:50:45',374,3),(31,'Indicador 2',2,31,1,0,'2022-11-24 18:50:54','2022-11-24 18:50:54',374,3),(32,'Indicador 3',3,32,1,0,'2022-11-24 18:51:03','2022-11-24 18:51:03',374,3),(33,'Indicador 1',1,33,1,0,'2022-11-24 18:51:14','2022-11-24 18:51:14',375,3),(34,'Indicador 2',2,34,1,0,'2022-11-24 18:51:19','2022-11-24 18:51:19',375,3),(35,'Indicador 3',3,35,1,0,'2022-11-24 18:51:23','2022-11-24 18:51:23',375,3),(36,'Indicador 1',1,36,1,0,'2022-11-24 18:51:54','2022-11-24 18:51:54',376,3),(37,'Indicador 2',2,37,1,0,'2022-11-24 18:51:57','2022-11-24 18:51:57',376,3),(38,'Indicador 3',3,38,1,0,'2022-11-24 18:52:01','2022-11-24 18:52:01',376,3),(39,'Indicador 1',1,39,1,0,'2022-11-24 18:52:07','2022-11-24 18:52:07',377,3),(40,'Indicador 2',2,40,1,0,'2022-11-24 18:52:11','2022-11-24 18:52:11',377,3),(41,'Indicador 3',3,41,1,0,'2022-11-24 18:52:14','2022-11-24 18:52:14',377,3),(42,'Indicador 1',1,42,1,0,'2022-11-24 18:52:20','2022-11-24 18:52:20',378,3),(43,'Indicador 2',2,43,1,0,'2022-11-24 18:52:23','2022-11-24 18:52:23',378,3),(44,'Indicador 3',3,44,1,0,'2022-11-24 18:52:26','2022-11-24 18:52:26',378,3),(45,'Indicador 1',1,45,1,0,'2022-11-24 19:02:03','2022-11-24 19:02:03',379,3),(46,'Indicador 2',2,46,1,0,'2022-11-24 19:02:08','2022-11-24 19:02:08',379,3),(47,'Indicador 3',3,47,1,0,'2022-11-24 19:02:12','2022-11-24 19:02:12',379,3),(48,'Indicador 1',1,48,1,0,'2022-11-24 19:02:18','2022-11-24 19:02:18',380,3),(49,'Indicador 2',2,49,1,0,'2022-11-24 19:02:26','2022-11-24 19:02:26',380,3),(50,'Indicador 3',3,50,1,0,'2022-11-24 19:02:35','2022-11-24 19:02:35',380,3),(51,'Indicador 1',1,51,1,0,'2022-11-24 19:05:53','2022-11-24 19:05:53',382,3),(52,'Indicador 2',2,52,1,0,'2022-11-24 19:05:57','2022-11-24 19:05:57',382,3),(53,'Indicador 3',3,53,1,0,'2022-11-24 19:06:00','2022-11-24 19:06:00',382,3),(54,'Indicador 1',1,54,1,0,'2022-11-24 19:06:06','2022-11-24 19:06:06',383,3),(55,'Indicador 2',2,55,1,0,'2022-11-24 19:07:22','2022-11-24 19:07:22',383,3),(56,'Indicador 3',3,56,1,0,'2022-11-24 19:07:25','2022-11-24 19:07:25',383,3),(57,'Indicador 1',1,57,1,0,'2022-11-24 19:07:31','2022-11-24 19:07:31',384,3),(58,'Indicador 2',2,58,1,0,'2022-11-24 19:07:34','2022-11-24 19:07:34',384,3),(59,'Indicador 3',3,59,1,0,'2022-11-24 19:07:38','2022-11-24 19:07:38',384,3),(60,'Indicador 1',1,60,1,0,'2022-11-24 19:07:46','2022-11-24 19:07:46',385,3),(61,'Indicador 2',2,61,1,0,'2022-11-24 19:07:50','2022-11-24 19:07:50',385,3),(62,'Indicador 3',3,62,1,0,'2022-11-24 19:07:53','2022-11-24 19:07:53',385,3),(63,'Indicador 1',1,63,1,0,'2022-11-24 19:07:59','2022-11-24 19:07:59',386,3),(64,'Indicador 2',2,64,1,0,'2022-11-24 19:08:02','2022-11-24 19:08:02',386,3),(65,'Indicador 3',3,65,1,0,'2022-11-24 19:08:05','2022-11-24 19:08:05',386,3),(66,'Indicador 1',1,66,1,0,'2022-11-24 19:08:10','2022-11-24 19:08:10',387,3),(67,'Indicador 2',2,67,1,0,'2022-11-24 19:08:13','2022-11-24 19:08:13',387,3),(68,'Indicador 3',3,68,1,0,'2022-11-24 19:08:16','2022-11-24 19:08:16',387,3),(69,'Indicador 1',1,69,1,0,'2022-11-24 19:08:31','2022-11-24 19:08:31',381,3),(70,'Indicador 2',2,70,1,0,'2022-11-24 19:08:35','2022-11-24 19:08:35',381,3),(71,'Indicador 3',3,71,1,0,'2022-11-24 19:08:38','2022-11-24 19:08:38',381,3),(72,'Indicador 1',1,72,1,0,'2022-11-24 19:09:02','2022-11-24 19:09:02',388,3),(73,'Indicador 2',2,73,1,0,'2022-11-24 19:09:05','2022-11-24 19:09:05',388,3),(74,'Indicador 3',3,74,1,0,'2022-11-24 19:09:09','2022-11-24 19:09:09',388,3),(75,'Indicador 1',1,75,1,0,'2022-11-24 19:09:15','2022-11-24 19:09:15',390,3),(76,'Indicador 2',2,76,1,0,'2022-11-24 19:09:20','2022-11-24 19:09:20',390,3),(77,'Indicador 3',3,77,1,0,'2022-11-24 19:09:24','2022-11-24 19:09:24',390,3),(78,'Indicador 1',1,78,1,0,'2022-11-24 19:09:29','2022-11-24 19:09:29',389,3),(79,'Indicador 2',2,79,1,0,'2022-11-24 19:09:32','2022-11-24 19:09:32',389,3),(80,'Indicador 3',3,80,1,0,'2022-11-24 19:09:36','2022-11-24 19:09:36',389,3),(81,'Indicador 1',1,81,1,0,'2022-11-24 19:10:22','2022-11-24 19:10:22',36,3),(82,'Indicador 2',2,82,1,0,'2022-11-24 19:10:26','2022-11-24 19:10:26',36,3),(83,'Indicador 3',3,83,1,0,'2022-11-24 19:10:30','2022-11-24 19:10:30',36,3),(84,'Indicador 1',1,84,1,0,'2022-11-24 19:10:36','2022-11-24 19:10:36',37,3),(85,'Indicador 2',2,85,1,0,'2022-11-24 19:10:40','2022-11-24 19:10:40',37,3),(86,'Indicador 3',3,86,1,0,'2022-11-24 19:10:43','2022-11-24 19:10:43',37,3),(87,'Indicador 1',1,87,1,0,'2022-11-24 19:10:48','2022-11-24 19:10:48',38,3),(88,'Indicador 2',2,88,1,0,'2022-11-24 19:10:52','2022-11-24 19:10:52',38,3),(89,'Indicador 3',3,89,1,0,'2022-11-24 19:10:56','2022-11-24 19:10:56',38,3),(90,'Indicador 1',1,90,1,0,'2022-11-24 19:11:05','2022-11-24 19:11:05',39,3),(91,'Indicador 2',2,91,1,0,'2022-11-24 19:11:09','2022-11-24 19:11:09',39,3),(92,'Indicador 3',3,92,1,0,'2022-11-24 19:11:12','2022-11-24 19:11:12',39,3),(93,'Indicador 1',1,93,1,0,'2022-11-24 19:11:22','2022-11-24 19:11:22',40,3),(94,'Indicador 2',2,94,1,0,'2022-11-24 19:11:26','2022-11-24 19:11:26',40,3),(95,'Indicador 3',3,95,1,0,'2022-11-24 19:11:29','2022-11-24 19:11:29',40,3),(96,'Indicador 1',1,96,1,0,'2022-11-24 19:11:42','2022-11-24 19:11:42',41,3),(97,'Indicador 2',2,97,1,0,'2022-11-24 19:11:48','2022-11-24 19:11:48',41,3),(98,'Indicador 3',3,98,1,0,'2022-11-24 19:11:52','2022-11-24 19:11:52',41,3),(99,'Indicador 1',1,99,1,0,'2022-11-24 19:11:57','2022-11-24 19:11:57',42,3),(100,'Indicador 2',2,100,1,0,'2022-11-24 19:12:01','2022-11-24 19:12:01',42,3),(101,'Indicador 3',3,101,1,0,'2022-11-24 19:12:05','2022-11-24 19:12:05',42,3),(102,'Indicador 1',1,102,1,0,'2022-11-24 19:12:11','2022-11-24 19:12:11',43,3),(103,'Indicador 2',2,103,1,0,'2022-11-24 19:12:14','2022-11-24 19:12:14',43,3),(104,'Indicador 3',3,104,1,0,'2022-11-24 19:12:18','2022-11-24 19:12:18',43,3),(105,'Indicador 1',1,105,1,0,'2022-11-24 19:12:33','2022-11-24 19:12:33',44,3),(106,'Indicador 2',2,106,1,0,'2022-11-24 19:12:37','2022-11-24 19:12:37',44,3),(107,'Indicador 3',3,107,1,0,'2022-11-24 19:12:41','2022-11-24 19:12:41',44,3),(108,'Indicador 1',1,108,1,0,'2022-11-24 19:12:48','2022-11-24 19:12:48',45,3),(109,'Indicador 2',2,109,1,0,'2022-11-24 19:12:51','2022-11-24 19:12:51',45,3),(110,'Indicador 3',3,110,1,0,'2022-11-24 19:12:55','2022-11-24 19:12:55',45,3),(111,'Indicador 1',1,111,1,0,'2022-11-24 19:13:03','2022-11-24 19:13:03',46,3),(112,'Indicador 2',2,112,1,0,'2022-11-24 19:13:07','2022-11-24 19:13:07',46,3),(113,'Indicador 3',3,113,1,0,'2022-11-24 19:13:11','2022-11-24 19:13:11',46,3),(114,'Indicador 1',1,114,1,0,'2022-11-24 19:13:22','2022-11-24 19:13:22',47,3),(115,'Indicador 2',2,115,1,0,'2022-11-24 19:13:25','2022-11-24 19:13:25',47,3),(116,'Indicador 3',3,116,1,0,'2022-11-24 19:13:29','2022-11-24 19:13:29',47,3),(117,'Indicador 1',1,117,1,0,'2022-11-24 19:13:36','2022-11-24 19:13:36',48,3),(118,'Indicador 2',2,118,1,0,'2022-11-24 19:13:40','2022-11-24 19:13:40',48,3),(119,'Indicador 3',3,119,1,0,'2022-11-24 19:13:47','2022-11-24 19:13:47',48,3),(120,'Indicador 1',1,120,1,0,'2022-11-24 19:15:55','2022-11-24 19:15:55',49,3),(121,'Indicador 2',2,121,1,0,'2022-11-24 19:15:58','2022-11-24 19:15:58',49,3),(122,'Indicador 3',3,122,1,0,'2022-11-24 19:16:02','2022-11-24 19:16:02',49,3),(123,'Indicador 1',1,123,1,0,'2022-11-24 19:16:06','2022-11-24 19:16:06',50,3),(124,'Indicador 2',2,124,1,0,'2022-11-24 19:16:09','2022-11-24 19:16:09',50,3),(125,'Indicador 3',3,125,1,0,'2022-11-24 19:16:13','2022-11-24 19:16:13',50,3),(126,'Indicador 1',1,126,1,0,'2022-11-24 19:16:20','2022-11-24 19:16:20',51,3),(127,'Indicador 2',2,127,1,0,'2022-11-24 19:16:23','2022-11-24 19:16:23',51,3),(128,'Indicador 3',3,128,1,0,'2022-11-24 19:16:26','2022-11-24 19:16:26',51,3),(129,'Indicador 1',1,129,1,0,'2022-11-24 19:16:37','2022-11-24 19:16:37',52,3),(130,'Indicador 2',2,130,1,0,'2022-11-24 19:16:40','2022-11-24 19:16:40',52,3),(131,'Indicador 3',3,131,1,0,'2022-11-24 19:16:44','2022-11-24 19:16:44',52,3),(132,'Indicador 1',1,132,1,0,'2022-11-24 19:16:51','2022-11-24 19:16:51',53,3),(133,'Indicador 2',2,133,1,0,'2022-11-24 19:16:55','2022-11-24 19:16:55',53,3),(134,'Indicador 3',3,134,1,0,'2022-11-24 19:17:01','2022-11-24 19:17:01',53,3),(135,'Indicador 1',1,135,1,0,'2022-11-24 19:17:13','2022-11-24 19:17:13',54,3),(136,'Indicador 2',2,136,1,0,'2022-11-24 19:17:17','2022-11-24 19:17:17',54,3),(137,'Indicador 3',3,137,1,0,'2022-11-24 19:17:22','2022-11-24 19:17:22',54,3),(138,'Indicador 1',1,138,1,0,'2022-11-24 19:17:36','2022-11-24 19:17:36',55,3),(139,'Indicador 2',2,139,1,0,'2022-11-24 19:17:42','2022-11-24 19:17:42',55,3),(140,'Indicador 3',3,140,1,0,'2022-11-24 19:17:45','2022-11-24 19:17:45',55,3),(141,'Indicador 1',1,141,1,0,'2022-11-24 19:17:50','2022-11-24 19:17:50',56,3),(142,'Indicador 2',2,142,1,0,'2022-11-24 19:17:54','2022-11-24 19:17:54',56,3),(143,'Indicador 3',3,143,1,0,'2022-11-24 19:17:58','2022-11-24 19:17:58',56,3),(144,'Indicador 1',1,144,1,0,'2022-11-24 19:18:04','2022-11-24 19:18:04',57,3),(145,'Indicador 2',2,145,1,0,'2022-11-24 19:18:08','2022-11-24 19:18:08',57,3),(146,'Indicador 3',3,146,1,0,'2022-11-24 19:18:12','2022-11-24 19:18:12',57,3),(147,'Indicador 1',1,147,1,0,'2022-11-24 19:18:20','2022-11-24 19:18:20',58,3),(148,'Indicador 2',2,148,1,0,'2022-11-24 19:18:24','2022-11-24 19:18:24',58,3),(149,'Indicador 3',3,149,1,0,'2022-11-24 19:18:27','2022-11-24 19:18:27',58,3),(150,'Indicador 1',1,150,1,0,'2022-11-24 19:18:41','2022-11-24 19:18:41',59,3),(151,'Indicador 2',2,151,1,0,'2022-11-24 19:18:45','2022-11-24 19:18:45',59,3),(152,'Indicador 3',3,152,1,0,'2022-11-24 19:18:50','2022-11-24 19:18:50',59,3),(153,'Indicador 1',1,153,1,0,'2022-11-24 19:18:55','2022-11-24 19:18:55',60,3),(154,'Indicador 2',2,154,1,0,'2022-11-24 19:18:59','2022-11-24 19:18:59',60,3),(155,'Indicador 3',3,155,1,0,'2022-11-24 19:19:03','2022-11-24 19:19:03',60,3),(156,'Indicador 1',1,156,1,0,'2022-11-24 19:19:13','2022-11-24 19:19:13',61,3),(157,'Indicador 2',2,157,1,0,'2022-11-24 19:19:16','2022-11-24 19:19:16',61,3),(158,'Indicador 3',3,158,1,0,'2022-11-24 19:19:20','2022-11-24 19:19:20',61,3),(159,'Indicador 1',1,159,1,0,'2022-11-24 19:19:31','2022-11-24 19:19:31',62,3),(160,'Indicador 2',2,160,1,0,'2022-11-24 19:19:34','2022-11-24 19:19:34',62,3),(161,'Indicador 3',3,161,1,0,'2022-11-24 19:19:39','2022-11-24 19:19:39',62,3),(162,'Indicador 1',1,162,1,0,'2022-11-24 19:19:43','2022-11-24 19:19:43',63,3),(163,'Indicador 2',2,163,1,0,'2022-11-24 19:19:47','2022-11-24 19:19:47',63,3),(164,'Indicador 3',3,164,1,0,'2022-11-24 19:19:51','2022-11-24 19:19:51',63,3),(165,'Indicador 1',1,165,1,0,'2022-11-24 19:20:01','2022-11-24 19:20:01',64,3),(166,'Indicador 2',2,166,1,0,'2022-11-24 19:20:04','2022-11-24 19:20:10',64,3),(167,'Indicador 3',3,167,1,0,'2022-11-24 19:20:14','2022-11-24 19:20:14',64,3),(168,'Indicador 1',1,168,1,0,'2022-11-24 19:20:19','2022-11-24 19:20:19',65,3),(169,'Indicador 2',2,169,1,0,'2022-11-24 19:20:23','2022-11-24 19:20:23',65,3),(170,'Indicador 3',3,170,1,0,'2022-11-24 19:20:26','2022-11-24 19:20:26',65,3),(171,'Indicador 1',1,171,1,0,'2022-11-24 19:22:30','2022-11-24 19:22:30',66,3),(172,'Indicador 2',2,172,1,0,'2022-11-24 19:22:35','2022-11-24 19:22:35',66,3),(173,'Indicador 3',3,173,1,0,'2022-11-24 19:22:39','2022-11-24 19:22:39',66,3),(174,'Indicador 1',1,174,1,0,'2022-11-24 19:22:48','2022-11-24 19:22:48',67,3),(175,'Indicador 2',2,175,1,0,'2022-11-24 19:22:54','2022-11-24 19:22:54',67,3),(176,'Indicador 3',3,176,1,0,'2022-11-24 19:22:58','2022-11-24 19:22:58',67,3),(177,'Indicador 1',1,177,1,0,'2022-11-24 19:23:27','2022-11-24 19:23:27',68,3),(178,'Indicador 2',2,178,1,0,'2022-11-24 19:23:31','2022-11-24 19:23:31',68,3),(179,'Indicador 3',3,179,1,0,'2022-11-24 19:23:34','2022-11-24 19:23:34',68,3),(180,'Indicador 1',1,180,1,0,'2022-11-24 19:23:43','2022-11-24 19:23:43',69,3),(181,'Indicador 2',2,181,1,0,'2022-11-24 19:23:47','2022-11-24 19:23:47',69,3),(182,'Indicador 3',3,182,1,0,'2022-11-24 19:23:50','2022-11-24 19:23:50',69,3),(183,'Indicador 1',1,183,1,0,'2022-11-24 19:23:56','2022-11-24 19:23:56',70,3),(184,'Indicador 2',2,184,1,0,'2022-11-24 19:23:59','2022-11-24 19:23:59',70,3),(185,'Indicador 3',3,185,1,0,'2022-11-24 19:24:03','2022-11-24 19:24:03',70,3),(186,'Indicador 1',1,186,1,0,'2022-11-24 19:24:20','2022-11-24 19:24:20',74,3),(187,'Indicador 2',2,187,1,0,'2022-11-24 19:24:24','2022-11-24 19:24:24',74,3),(188,'Indicador 3',3,188,1,0,'2022-11-24 19:24:27','2022-11-24 19:24:27',74,3),(189,'Indicador 1',1,189,1,0,'2022-11-24 19:24:34','2022-11-24 19:24:34',75,3),(190,'Indicador 2',2,190,1,0,'2022-11-24 19:24:39','2022-11-24 19:24:39',75,3),(191,'Indicador 3',3,191,1,0,'2022-11-24 19:24:42','2022-11-24 19:24:42',75,3),(192,'Indicador 1',1,192,1,0,'2022-11-24 19:24:46','2022-11-24 19:24:46',76,3),(193,'Indicador 2',2,193,1,0,'2022-11-24 19:24:49','2022-11-24 19:24:49',76,3),(194,'Indicador 3',3,194,1,0,'2022-11-24 19:24:53','2022-11-24 19:24:53',76,3),(195,'Indicador 1',1,195,1,0,'2022-11-24 19:25:05','2022-11-24 19:25:05',77,3),(196,'Indicador 1',1,196,1,0,'2022-11-25 00:58:31','2022-11-25 00:58:31',71,3),(197,'Indicador 2',2,197,1,0,'2022-11-25 00:58:36','2022-11-25 00:58:36',71,3),(198,'Indicador 3',3,198,1,0,'2022-11-25 00:58:41','2022-11-25 00:58:41',71,3),(199,'Indicador 1',1,199,1,0,'2022-11-25 00:58:47','2022-11-25 00:58:47',72,3),(200,'Indicador 2',2,200,1,0,'2022-11-25 00:58:52','2022-11-25 00:58:52',72,3),(201,'Indicador 3',3,201,1,0,'2022-11-25 00:58:56','2022-11-25 00:58:56',72,3),(202,'Indicador 1',1,202,1,0,'2022-11-25 00:59:03','2022-11-25 00:59:03',73,3),(203,'Indicador 2',2,203,1,0,'2022-11-25 00:59:07','2022-11-25 00:59:07',73,3),(204,'Indicador 3',3,204,1,0,'2022-11-25 00:59:12','2022-11-25 00:59:12',73,3),(205,'Indicador 2',2,205,1,0,'2022-11-25 00:59:36','2022-11-25 00:59:36',77,3),(206,'Indicador 3',3,206,1,0,'2022-11-25 00:59:44','2022-11-25 00:59:44',77,3),(207,'Indicador 1',1,207,1,0,'2022-11-25 00:59:49','2022-11-25 00:59:49',78,3),(208,'Indicador 2',2,208,1,0,'2022-11-25 00:59:53','2022-11-25 00:59:53',78,3),(209,'Indicador 3',3,209,1,0,'2022-11-25 00:59:57','2022-11-25 00:59:57',78,3),(210,'Indicador 1',1,210,1,0,'2022-11-25 01:01:39','2022-11-25 01:01:39',79,3),(211,'Indicador 2',2,211,1,0,'2022-11-25 01:01:44','2022-11-25 01:01:44',79,3),(212,'Indicador 3',3,212,1,0,'2022-11-25 01:01:47','2022-11-25 01:01:47',79,3),(213,'Indicador 1',1,213,1,0,'2022-11-25 01:01:53','2022-11-25 01:01:53',80,3),(214,'Indicador 2',2,214,1,0,'2022-11-25 01:01:57','2022-11-25 01:01:57',80,3),(215,'Indicador 3',3,215,1,0,'2022-11-25 01:02:01','2022-11-25 01:02:01',80,3),(216,'Indicador 1',1,216,1,0,'2022-11-25 01:02:13','2022-11-25 01:02:13',81,3),(217,'Indicador 2',2,217,1,0,'2022-11-25 01:02:17','2022-11-25 01:02:17',81,3),(218,'Indicador 3',3,218,1,0,'2022-11-25 01:02:26','2022-11-25 01:02:26',81,3),(219,'Indicador 1',1,219,1,0,'2022-11-25 01:02:59','2022-11-25 01:02:59',82,3),(220,'Indicador 2',2,220,1,0,'2022-11-25 01:03:05','2022-11-25 01:03:05',82,3),(221,'Indicador 3',3,221,1,0,'2022-11-25 01:03:10','2022-11-25 01:03:10',82,3),(222,'Indicador 1',1,222,1,0,'2022-11-25 01:03:16','2022-11-25 01:03:16',83,3),(223,'Indicador 2',2,223,1,0,'2022-11-25 01:03:20','2022-11-25 01:03:20',83,3),(224,'Indicador 3',3,224,1,0,'2022-11-25 01:03:24','2022-11-25 01:03:24',83,3),(225,'Indicador 1',1,225,1,0,'2022-11-25 01:03:31','2022-11-25 01:03:31',84,3),(226,'Indicador 2',2,226,1,0,'2022-11-25 01:03:35','2022-11-25 01:03:35',84,3),(227,'Indicador 3',3,227,1,0,'2022-11-25 01:03:39','2022-11-25 01:03:39',84,3),(228,'Indicador 1',1,228,1,0,'2022-11-25 01:03:51','2022-11-25 01:03:51',85,3),(229,'Indicador 2',2,229,1,0,'2022-11-25 01:03:56','2022-11-25 01:03:56',85,3),(230,'Indicador 3',3,230,1,0,'2022-11-25 01:04:01','2022-11-25 01:04:01',85,3),(231,'Indicador 1',1,231,1,0,'2022-11-25 01:04:10','2022-11-25 01:04:10',86,3),(232,'Indicador 2',2,232,1,0,'2022-11-25 01:04:15','2022-11-25 01:04:15',86,3),(233,'Indicador 3',3,233,1,0,'2022-11-25 01:04:19','2022-11-25 01:04:19',86,3),(234,'Indicador 1',1,234,1,0,'2022-11-25 01:05:54','2022-11-25 01:05:54',87,3),(235,'Indicador 2',2,235,1,0,'2022-11-25 01:05:58','2022-11-25 01:05:58',87,3),(236,'Indicador 3',3,236,1,0,'2022-11-25 01:06:21','2022-11-25 01:06:21',87,3),(237,'Indicador 1',1,237,1,0,'2022-11-25 01:06:32','2022-11-25 01:06:32',88,3),(238,'Indicador 2',2,238,1,0,'2022-11-25 01:06:36','2022-11-25 01:06:36',88,3),(239,'Indicador 3',3,239,1,0,'2022-11-25 01:06:42','2022-11-25 01:06:42',88,3),(240,'Indicador 1',1,240,1,0,'2022-11-25 01:07:04','2022-11-25 01:07:04',89,3),(241,'Indicador 2',2,241,1,0,'2022-11-25 01:07:09','2022-11-25 01:07:09',89,3),(242,'Indicador 3',3,242,1,0,'2022-11-25 01:07:12','2022-11-25 01:07:12',89,3),(243,'Indicador 1',1,243,1,0,'2022-11-25 01:07:17','2022-11-25 01:07:17',90,3),(244,'Indicador 2',2,244,1,0,'2022-11-25 01:07:22','2022-11-25 01:07:22',90,3),(245,'Indicador 3',3,245,1,0,'2022-11-25 01:07:27','2022-11-25 01:07:27',90,3),(246,'Indicador 1',1,246,1,0,'2022-11-25 01:07:36','2022-11-25 01:07:36',91,3),(247,'Indicador 2',2,247,1,0,'2022-11-25 01:07:40','2022-11-25 01:07:40',91,3),(248,'Indicador 3',3,248,1,0,'2022-11-25 01:07:44','2022-11-25 01:07:44',91,3),(249,'Indicador 1',1,249,1,0,'2022-11-25 01:08:16','2022-11-25 01:08:16',92,3),(250,'Indicador 2',2,250,1,0,'2022-11-25 01:08:20','2022-11-25 01:08:20',92,3),(251,'Indicador 3',3,251,1,0,'2022-11-25 01:08:24','2022-11-25 01:08:24',92,3),(252,'Indicador 1',1,252,1,0,'2022-11-25 01:08:29','2022-11-25 01:08:29',93,3),(253,'Indicador 2',2,253,1,0,'2022-11-25 01:08:33','2022-11-25 01:08:33',93,3),(254,'Indicador 3',3,254,1,0,'2022-11-25 01:08:37','2022-11-25 01:08:37',93,3),(255,'Indicador 1',1,255,1,0,'2022-11-25 01:10:33','2022-11-25 01:10:33',94,3),(256,'Indicador 2',2,256,1,0,'2022-11-25 01:10:37','2022-11-25 01:10:37',94,3),(257,'Indicador 3',3,257,1,0,'2022-11-25 01:10:41','2022-11-25 01:10:41',94,3),(258,'Indicador 1',1,258,1,0,'2022-11-25 01:10:47','2022-11-25 01:10:47',95,3),(259,'Indicador 2',2,259,1,0,'2022-11-25 01:10:52','2022-11-25 01:10:52',95,3),(260,'Indicador 3',3,260,1,0,'2022-11-25 01:10:59','2022-11-25 01:10:59',95,3),(261,'Indicador 1',1,261,1,0,'2022-11-25 01:14:19','2022-11-25 01:14:19',96,3),(262,'Indicador 2',2,262,1,0,'2022-11-25 01:14:26','2022-11-25 01:14:26',96,3),(263,'Indicador 3',3,263,1,0,'2022-11-25 01:14:31','2022-11-25 01:14:31',96,3),(264,'Indicador 1',1,264,1,0,'2022-11-25 01:14:39','2022-11-25 01:14:39',97,3),(265,'Indicador 2',2,265,1,0,'2022-11-25 01:14:43','2022-11-25 01:14:43',97,3),(266,'Indicador 3',3,266,1,0,'2022-11-25 01:14:49','2022-11-25 01:14:49',97,3),(267,'Indicador 1',1,267,1,0,'2022-11-25 01:14:59','2022-11-25 01:14:59',98,3),(268,'Indicador 2',2,268,1,0,'2022-11-25 01:15:04','2022-11-25 01:15:04',98,3),(269,'Indicador 3',3,269,1,0,'2022-11-25 01:15:11','2022-11-25 01:15:11',98,3),(270,'Indicador 1',1,270,1,0,'2022-11-25 01:15:24','2022-11-25 01:15:24',99,3),(271,'Indicador 2',2,271,1,0,'2022-11-25 01:15:29','2022-11-25 01:15:29',99,3),(272,'Indicador 3',3,272,1,0,'2022-11-25 01:15:34','2022-11-25 01:15:34',99,3),(273,'Indicador 1',1,273,1,0,'2022-11-25 01:15:40','2022-11-25 01:15:40',100,3),(274,'Indicador 2',2,274,1,0,'2022-11-25 01:15:44','2022-11-25 01:15:44',100,3),(275,'Indicador 3',3,275,1,0,'2022-11-25 01:15:47','2022-11-25 01:15:47',100,3),(276,'Indicador 1',1,276,1,0,'2022-11-25 01:16:06','2022-11-25 01:16:06',101,3),(277,'Indicador 2',2,277,1,0,'2022-11-25 01:16:11','2022-11-25 01:16:11',101,3),(278,'Indicador 3',3,278,1,0,'2022-11-25 01:16:15','2022-11-25 01:16:15',101,3),(279,'Indicador 1',1,279,1,0,'2022-11-25 01:16:20','2022-11-25 01:16:20',102,3),(280,'Indicador 2',2,280,1,0,'2022-11-25 01:16:24','2022-11-25 01:16:24',102,3),(281,'Indicador 3',3,281,1,0,'2022-11-25 01:16:28','2022-11-25 01:16:28',102,3),(282,'Indicador 1',1,282,1,0,'2022-11-25 01:16:37','2022-11-25 01:16:37',103,3),(283,'Indicador 2',2,283,1,0,'2022-11-25 01:16:42','2022-11-25 01:16:42',103,3),(284,'Indicador 3',3,284,1,0,'2022-11-25 01:16:47','2022-11-25 01:16:47',103,3),(285,'Indicador 1',1,285,1,0,'2022-11-25 01:17:04','2022-11-25 01:17:04',104,3),(286,'Indicador 2',2,286,1,0,'2022-11-25 01:17:08','2022-11-25 01:17:08',104,3),(287,'Indicador 3',3,287,1,0,'2022-11-25 01:17:14','2022-11-25 01:17:14',104,3),(288,'Indicador 1',1,288,1,0,'2022-11-25 01:17:29','2022-11-25 01:17:29',105,3),(289,'Indicador 2',2,289,1,0,'2022-11-25 01:17:33','2022-11-25 01:17:33',105,3),(290,'Indicador 3',3,290,1,0,'2022-11-25 01:17:41','2022-11-25 01:17:41',105,3),(291,'Indicador 1',1,291,1,0,'2022-11-25 01:18:00','2022-11-25 01:18:00',106,3),(292,'Indicador 2',2,292,1,0,'2022-11-25 01:18:06','2022-11-25 01:18:06',106,3),(293,'Indicador 3',3,293,1,0,'2022-11-25 01:18:15','2022-11-25 01:18:15',106,3),(294,'Indicador 1',1,294,1,0,'2022-11-25 01:18:35','2022-11-25 01:18:35',107,3),(295,'Indicador 2',2,295,1,0,'2022-11-25 01:18:39','2022-11-25 01:18:39',107,3),(296,'Indicador 3',3,296,1,0,'2022-11-25 01:18:45','2022-11-25 01:18:45',107,3),(297,'Indicador 1',1,297,1,0,'2022-11-25 01:18:51','2022-11-25 01:18:51',108,3),(298,'Indicador 2',2,298,1,0,'2022-11-25 01:18:55','2022-11-25 01:18:55',108,3),(299,'Indicador 3',3,299,1,0,'2022-11-25 01:18:59','2022-11-25 01:18:59',108,3),(300,'Indicador 1',1,300,1,0,'2022-11-25 01:19:11','2022-11-25 01:19:11',109,3),(301,'Indicador 2',2,301,1,0,'2022-11-25 01:19:15','2022-11-25 01:19:15',109,3),(302,'Indicador 3',3,302,1,0,'2022-11-25 01:19:21','2022-11-25 01:19:21',109,3),(303,'Indicador 1',1,303,1,0,'2022-11-25 01:19:28','2022-11-25 01:19:28',110,3),(304,'Indicador 2',2,304,1,0,'2022-11-25 01:19:32','2022-11-25 01:19:32',110,3),(305,'Indicador 3',3,305,1,0,'2022-11-25 01:19:36','2022-11-25 01:19:36',110,3),(306,'Indicador 1',1,306,1,0,'2022-11-25 01:19:49','2022-11-25 01:19:49',111,3),(307,'Indicador 2',2,307,1,0,'2022-11-25 01:19:53','2022-11-25 01:19:53',111,3),(308,'Indicador 3',3,308,1,0,'2022-11-25 01:19:59','2022-11-25 01:19:59',111,3),(309,'Indicador 1',1,309,1,0,'2022-11-25 01:20:34','2022-11-25 01:20:34',112,3),(310,'Indicador 2',2,310,1,0,'2022-11-25 01:20:39','2022-11-25 01:20:39',112,3),(311,'Indicador 3',3,311,1,0,'2022-11-25 01:20:44','2022-11-25 01:20:44',112,3),(312,'Indicador 1',1,312,1,0,'2022-11-25 01:21:25','2022-11-25 01:21:25',113,3),(313,'Indicador 2',2,313,1,0,'2022-11-25 01:21:29','2022-11-25 01:21:29',113,3),(314,'Indicador 3',3,314,1,0,'2022-11-25 01:21:33','2022-11-25 01:21:33',113,3),(315,'Indicador 1',1,315,1,0,'2022-11-25 01:21:38','2022-11-25 01:21:38',114,3),(316,'Indicador 2',2,316,1,0,'2022-11-25 01:21:42','2022-11-25 01:21:42',114,3),(317,'Indicador 3',3,317,1,0,'2022-11-25 01:21:46','2022-11-25 01:21:46',114,3),(318,'Indicador 1',1,318,1,0,'2022-11-25 01:22:06','2022-11-25 01:22:06',115,3),(319,'Indicador 2',2,319,1,0,'2022-11-25 01:22:10','2022-11-25 01:22:10',115,3),(320,'Indicador 3',3,320,1,0,'2022-11-25 01:22:14','2022-11-25 01:22:14',115,3),(321,'Indicador 1',1,321,1,0,'2022-11-25 01:22:19','2022-11-25 01:22:19',116,3),(322,'Indicador 2',2,322,1,0,'2022-11-25 01:22:22','2022-11-25 01:22:22',116,3),(323,'Indicador 3',3,323,1,0,'2022-11-25 01:22:26','2022-11-25 01:22:26',116,3),(324,'Indicador 1',1,324,1,0,'2022-11-25 01:22:33','2022-11-25 01:22:33',117,3),(325,'Indicador 2',2,325,1,0,'2022-11-25 01:22:38','2022-11-25 01:22:38',117,3),(326,'Indicador 3',3,326,1,0,'2022-11-25 01:22:42','2022-11-25 01:22:42',117,3),(327,'Indicador 1',1,327,1,0,'2022-11-25 01:22:59','2022-11-25 01:22:59',118,3),(328,'Indicador 2',2,328,1,0,'2022-11-25 01:23:04','2022-11-25 01:23:04',118,3),(329,'Indicador 3',3,329,1,0,'2022-11-25 01:23:09','2022-11-25 01:23:09',118,3),(330,'Indicador 1',1,330,1,0,'2022-11-25 01:23:29','2022-11-25 01:23:29',119,3),(331,'Indicador 2',2,331,1,0,'2022-11-25 01:23:34','2022-11-25 01:23:34',119,3),(332,'Indicador 3',3,332,1,0,'2022-11-25 01:23:38','2022-11-25 01:23:38',119,3),(333,'Indicador 1',1,333,1,0,'2022-11-25 01:23:44','2022-11-25 01:23:44',120,3),(334,'Indicador 2',2,334,1,0,'2022-11-25 01:23:48','2022-11-25 01:23:48',120,3),(335,'Indicador 3',3,335,1,0,'2022-11-25 01:23:52','2022-11-25 01:23:52',120,3),(336,'Indicador 1',1,336,1,0,'2022-11-25 01:24:00','2022-11-25 01:24:00',121,3),(337,'Indicador 2',2,337,1,0,'2022-11-25 01:24:05','2022-11-25 01:24:05',121,3),(338,'Indicador 3',3,338,1,0,'2022-11-25 01:24:09','2022-11-25 01:24:09',121,3),(339,'Indicador 1',1,339,1,0,'2022-11-25 01:24:23','2022-11-25 01:24:23',122,3),(340,'Indicador 2',2,340,1,0,'2022-11-25 01:24:27','2022-11-25 01:24:27',122,3),(341,'Indicador 3',3,341,1,0,'2022-11-25 01:24:31','2022-11-25 01:24:31',122,3),(342,'Indicador 1',1,342,1,0,'2022-11-25 01:24:37','2022-11-25 01:24:37',123,3),(343,'Indicador 2',2,343,1,0,'2022-11-25 01:24:41','2022-11-25 01:24:41',123,3),(344,'Indicador 3',3,344,1,0,'2022-11-25 01:24:45','2022-11-25 01:24:45',123,3),(345,'Indicador 1',1,345,1,0,'2022-11-25 01:24:57','2022-11-25 01:24:57',124,3),(346,'Indicador 2',2,346,1,0,'2022-11-25 01:25:01','2022-11-25 01:25:01',124,3),(347,'Indicador 3',3,347,1,0,'2022-11-25 01:25:05','2022-11-25 01:25:05',124,3),(348,'Indicador 1',1,348,1,0,'2022-11-25 01:25:14','2022-11-25 01:25:14',125,3),(349,'Indicador 2',2,349,1,0,'2022-11-25 01:25:18','2022-11-25 01:25:18',125,3),(350,'Indicador 3',3,350,1,0,'2022-11-25 01:25:22','2022-11-25 01:25:22',125,3),(351,'Indicador 1',1,351,1,0,'2022-11-25 01:28:08','2022-11-25 01:28:08',126,3),(352,'Indicador 2',2,352,1,0,'2022-11-25 01:28:13','2022-11-25 01:28:13',126,3),(353,'Indicador 3',3,353,1,0,'2022-11-25 01:28:17','2022-11-25 01:28:17',126,3),(355,'Indicador 1',1,355,1,0,'2022-11-25 01:28:31','2022-11-25 01:28:31',127,3),(356,'Indicador 2',2,356,1,0,'2022-11-25 01:28:34','2022-11-25 01:28:34',127,3),(357,'Indicador 3',3,357,1,0,'2022-11-25 01:28:38','2022-11-25 01:28:38',127,3),(358,'Indicador 1',1,358,1,0,'2022-11-25 01:28:51','2022-11-25 01:28:51',128,3),(359,'Indicador 2',2,359,1,0,'2022-11-25 01:28:55','2022-11-25 01:28:55',128,3),(360,'Indicador 3',3,360,1,0,'2022-11-25 01:29:01','2022-11-25 01:29:01',128,3),(361,'Indicador 1',1,361,1,0,'2022-11-25 01:29:14','2022-11-25 01:29:14',129,3),(362,'Indicador 2',2,362,1,0,'2022-11-25 01:29:18','2022-11-25 01:29:18',129,3),(363,'Indicador 3',3,363,1,0,'2022-11-25 01:29:22','2022-11-25 01:29:22',129,3),(364,'Indicador 1',1,364,1,0,'2022-11-25 01:29:37','2022-11-25 01:29:37',130,3),(365,'Indicador 2',2,365,1,0,'2022-11-25 01:29:41','2022-11-25 01:29:41',130,3),(366,'Indicador 3',3,366,1,0,'2022-11-25 01:29:45','2022-11-25 01:29:45',130,3),(367,'Indicador 1',1,367,1,0,'2022-11-25 01:30:02','2022-11-25 01:30:02',131,3),(368,'Indicador 2',2,368,1,0,'2022-11-25 01:30:06','2022-11-25 01:30:06',131,3),(369,'Indicador 3',3,369,1,0,'2022-11-25 01:30:10','2022-11-25 01:30:10',131,3),(370,'Indicador 1',1,370,1,0,'2022-11-25 01:30:18','2022-11-25 01:30:18',132,3),(371,'Indicador 2',2,371,1,0,'2022-11-25 01:30:21','2022-11-25 01:30:21',132,3),(372,'Indicador 3',3,372,1,0,'2022-11-25 01:30:25','2022-11-25 01:30:25',132,3),(373,'Indicador 1',1,373,1,0,'2022-11-25 01:30:44','2022-11-25 01:30:44',133,3),(374,'Indicador 2',2,374,1,0,'2022-11-25 01:30:48','2022-11-25 01:30:48',133,3),(375,'Indicador 3',3,375,1,0,'2022-11-25 01:30:53','2022-11-25 01:30:53',133,3),(376,'Indicador 1',1,376,1,0,'2022-11-25 01:31:20','2022-11-25 01:31:20',134,3),(377,'Indicador 2',2,377,1,0,'2022-11-25 01:31:31','2022-11-25 01:31:31',134,3),(378,'Indicador 3',3,378,1,0,'2022-11-25 01:31:37','2022-11-25 01:31:37',134,3),(379,'Indicador 1',1,379,1,0,'2022-11-25 01:31:43','2022-11-25 01:31:43',135,3),(380,'Indicador 2',2,380,1,0,'2022-11-25 01:31:47','2022-11-25 01:31:47',135,3),(381,'Indicador 3',3,381,1,0,'2022-11-25 01:31:53','2022-11-25 01:31:53',135,3),(382,'Indicador 1',1,382,1,0,'2022-11-25 01:32:02','2022-11-25 01:32:02',136,3),(383,'Indicador 2',2,383,1,0,'2022-11-25 01:32:06','2022-11-25 01:32:06',136,3),(384,'Indicador 3',3,384,1,0,'2022-11-25 01:32:10','2022-11-25 01:32:10',136,3),(385,'Indicador 1',1,385,1,0,'2022-11-25 01:32:23','2022-11-25 01:32:23',137,3),(386,'Indicador 2',2,386,1,0,'2022-11-25 01:32:27','2022-11-25 01:32:27',137,3),(387,'Indicador 3',3,387,1,0,'2022-11-25 01:32:31','2022-11-25 01:32:31',137,3),(388,'Indicador 1',1,388,1,0,'2022-11-25 01:32:37','2022-11-25 01:32:37',138,3),(389,'Indicador 2',2,389,1,0,'2022-11-25 01:32:42','2022-11-25 01:32:42',138,3),(390,'Indicador 3',3,390,1,0,'2022-11-25 01:32:46','2022-11-25 01:32:46',138,3),(391,'Indicador 1',1,391,1,0,'2022-11-25 01:32:58','2022-11-25 01:32:58',139,3),(392,'Indicador 2',2,392,1,0,'2022-11-25 01:33:03','2022-11-25 01:33:03',139,3),(393,'Indicador 3',3,393,1,0,'2022-11-25 01:33:11','2022-11-25 01:33:11',139,3),(394,'Indicador 1',1,394,1,0,'2022-11-25 01:33:19','2022-11-25 01:33:19',140,3),(395,'Indicador 2',2,395,1,0,'2022-11-25 01:33:24','2022-11-25 01:33:24',140,3),(396,'Indicador 3',3,396,1,0,'2022-11-25 01:33:31','2022-11-25 01:33:31',140,3),(397,'Indicador 1',1,397,1,0,'2022-11-25 01:33:42','2022-11-25 01:33:42',141,3),(398,'Indicador 2',2,398,1,0,'2022-11-25 01:33:49','2022-11-25 01:33:49',141,3),(399,'Indicador 3',3,399,1,0,'2022-11-25 01:33:53','2022-11-25 01:33:53',141,3),(400,'Indicador 1',1,400,1,0,'2022-11-25 01:34:06','2022-11-25 01:34:06',142,3),(401,'Indicador 2',2,401,1,0,'2022-11-25 01:34:12','2022-11-25 01:34:12',142,3),(402,'Indicador 3',3,402,1,0,'2022-11-25 01:34:17','2022-11-25 01:34:17',142,3),(403,'Indicador 1',1,403,1,0,'2022-11-25 01:34:29','2022-11-25 01:34:29',143,3),(404,'Indicador 2',2,404,1,0,'2022-11-25 01:34:33','2022-11-25 01:34:33',143,3),(405,'Indicador 3',3,405,1,0,'2022-11-25 01:34:37','2022-11-25 01:34:37',143,3),(406,'Indicador 1',1,406,1,0,'2022-11-25 01:34:45','2022-11-25 01:34:45',144,3),(407,'Indicador 2',2,407,1,0,'2022-11-25 01:34:50','2022-11-25 01:34:50',144,3),(408,'Indicador 3',3,408,1,0,'2022-11-25 01:34:55','2022-11-25 01:34:55',144,3),(409,'Indicador 1',1,409,1,0,'2022-11-25 01:35:27','2022-11-25 01:35:27',145,3),(410,'Indicador 2',2,410,1,0,'2022-11-25 01:35:32','2022-11-25 01:35:32',145,3),(411,'Indicador 3',3,411,1,0,'2022-11-25 01:35:36','2022-11-25 01:35:36',145,3),(412,'Indicador 1',1,412,1,0,'2022-11-25 01:35:41','2022-11-25 01:35:41',146,3),(413,'Indicador 2',2,413,1,0,'2022-11-25 01:35:45','2022-11-25 01:35:45',146,3),(414,'Indicador 3',3,414,1,0,'2022-11-25 01:35:49','2022-11-25 01:35:49',146,3),(415,'Indicador 1',1,415,1,0,'2022-11-25 01:35:56','2022-11-25 01:35:56',147,3),(416,'Indicador 2',2,416,1,0,'2022-11-25 01:36:01','2022-11-25 01:36:01',147,3),(417,'Indicador 3',3,417,1,0,'2022-11-25 01:36:05','2022-11-25 01:36:05',147,3),(418,'Indicador 1',1,418,1,0,'2022-11-25 01:36:16','2022-11-25 01:36:16',148,3),(419,'Indicador 2',2,419,1,0,'2022-11-25 01:36:20','2022-11-25 01:36:20',148,3),(420,'Indicador 3',3,420,1,0,'2022-11-25 01:36:24','2022-11-25 01:36:24',148,3),(421,'Indicador 1',1,421,1,0,'2022-11-25 01:36:49','2022-11-25 01:36:49',149,3),(422,'Indicador 2',2,422,1,0,'2022-11-25 01:36:55','2022-11-25 01:36:55',149,3),(423,'Indicador 3',3,423,1,0,'2022-11-25 01:37:03','2022-11-25 01:37:03',149,3),(424,'Indicador 1',1,424,1,0,'2022-11-25 01:37:30','2022-11-25 01:37:30',150,3),(425,'Indicador 2',2,425,1,0,'2022-11-25 01:37:33','2022-11-25 01:37:33',150,3),(426,'Indicador 3',3,426,1,0,'2022-11-25 01:37:37','2022-11-25 01:37:37',150,3),(427,'Indicador 1',1,427,1,0,'2022-11-25 01:37:44','2022-11-25 01:37:44',151,3),(428,'Indicador 2',2,428,1,0,'2022-11-25 01:37:48','2022-11-25 01:37:48',151,3),(429,'Indicador 3',3,429,1,0,'2022-11-25 01:39:49','2022-11-25 01:39:49',151,3),(430,'Indicador 1',1,430,1,0,'2022-11-25 01:40:06','2022-11-25 01:40:06',152,3),(431,'Indicador 2',2,431,1,0,'2022-11-25 01:40:10','2022-11-25 01:40:10',152,3),(432,'Indicador 3',3,432,1,0,'2022-11-25 01:40:15','2022-11-25 01:40:15',152,3),(433,'Indicador 1',1,433,1,0,'2022-11-25 01:40:20','2022-11-25 01:40:20',153,3),(434,'Indicador 2',2,434,1,0,'2022-11-25 01:40:24','2022-11-25 01:40:24',153,3),(435,'Indicador 3',3,435,1,0,'2022-11-25 01:40:28','2022-11-25 01:40:28',153,3),(436,'Indicador 1',1,436,1,0,'2022-11-25 01:40:40','2022-11-25 01:40:40',154,3),(437,'Indicador 2',2,437,1,0,'2022-11-25 01:40:44','2022-11-25 01:40:44',154,3),(438,'Indicador 3',3,438,1,0,'2022-11-25 01:40:47','2022-11-25 01:40:47',154,3),(439,'Indicador 1',1,439,1,0,'2022-11-25 01:40:51','2022-11-25 01:40:51',155,3),(440,'Indicador 2',2,440,1,0,'2022-11-25 01:40:55','2022-11-25 01:40:55',155,3),(441,'Indicador 3',3,441,1,0,'2022-11-25 01:41:00','2022-11-25 01:41:00',155,3),(442,'Indicador 1',1,442,1,0,'2022-11-25 01:46:35','2022-11-25 01:46:35',156,3),(443,'Indicador 2',2,443,1,0,'2022-11-25 01:46:40','2022-11-25 01:46:40',156,3),(444,'Indicador 3',3,444,1,0,'2022-11-25 01:46:44','2022-11-25 01:46:44',156,3),(445,'Indicador 1',1,445,1,0,'2022-11-25 01:46:49','2022-11-25 01:46:49',157,3),(446,'Indicador 2',2,446,1,0,'2022-11-25 01:46:53','2022-11-25 01:46:53',157,3),(447,'Indicador 3',3,447,1,0,'2022-11-25 01:46:58','2022-11-25 01:46:58',157,3),(448,'Indicador 1',1,448,1,0,'2022-11-25 01:47:06','2022-11-25 01:47:06',158,3),(449,'Indicador 2',2,449,1,0,'2022-11-25 01:47:11','2022-11-25 01:47:11',158,3),(450,'Indicador 3',3,450,1,0,'2022-11-25 01:47:15','2022-11-25 01:47:15',158,3),(451,'Indicador 1',1,451,1,0,'2022-11-25 01:47:22','2022-11-25 01:47:22',159,3),(452,'Indicador 2',2,452,1,0,'2022-11-25 01:47:26','2022-11-25 01:47:26',159,3),(453,'Indicador 3',3,453,1,0,'2022-11-25 01:47:30','2022-11-25 01:47:30',159,3),(454,'Indicador 1',1,454,1,0,'2022-11-25 01:47:41','2022-11-25 01:47:41',160,3),(455,'Indicador 2',2,455,1,0,'2022-11-25 01:47:45','2022-11-25 01:47:45',160,3),(456,'Indicador 3',3,456,1,0,'2022-11-25 01:47:49','2022-11-25 01:47:49',160,3),(457,'Indicador 1',1,457,1,0,'2022-11-25 01:48:06','2022-11-25 01:48:06',161,3),(458,'Indicador 2',2,458,1,0,'2022-11-25 01:48:11','2022-11-25 01:48:11',161,3),(459,'Indicador 3',3,459,1,0,'2022-11-25 01:48:16','2022-11-25 01:48:16',161,3),(460,'Indicador 1',1,460,1,0,'2022-11-25 01:48:25','2022-11-25 01:48:25',162,3),(461,'Indicador 2',2,461,1,0,'2022-11-25 01:48:30','2022-11-25 01:48:30',162,3),(462,'Indicador 3',3,462,1,0,'2022-11-25 01:48:34','2022-11-25 01:48:34',162,3),(463,'Indicador 1',1,463,1,0,'2022-11-25 01:48:49','2022-11-25 01:48:49',163,3),(464,'Indicador 2',2,464,1,0,'2022-11-25 01:48:55','2022-11-25 01:48:55',163,3),(465,'Indicador 3',3,465,1,0,'2022-11-25 01:49:00','2022-11-25 01:49:00',163,3),(466,'Indicador 1',1,466,1,0,'2022-11-25 01:49:17','2022-11-25 01:49:17',164,3),(467,'Indicador 2',2,467,1,0,'2022-11-25 01:49:21','2022-11-25 01:49:21',164,3),(468,'Indicador 3',3,468,1,0,'2022-11-25 01:49:24','2022-11-25 01:49:24',164,3),(469,'Indicador 1',1,469,1,0,'2022-11-25 01:49:31','2022-11-25 01:49:31',165,3),(470,'Indicador 2',2,470,1,0,'2022-11-25 01:49:35','2022-11-25 01:49:35',165,3),(471,'Indicador 3',3,471,1,0,'2022-11-25 01:49:40','2022-11-25 01:49:40',165,3),(472,'Indicador 1',1,472,1,0,'2022-11-25 01:49:49','2022-11-25 01:49:49',166,3),(473,'Indicador 2',2,473,1,0,'2022-11-25 01:49:53','2022-11-25 01:49:53',166,3),(474,'Indicador 3',3,474,1,0,'2022-11-25 01:50:02','2022-11-25 01:50:02',166,3),(475,'Indicador 1',1,475,1,0,'2022-11-25 01:50:20','2022-11-25 01:50:20',167,3),(476,'Indicador 2',2,476,1,0,'2022-11-25 01:50:25','2022-11-25 01:50:25',167,3),(477,'Indicador 3',3,477,1,0,'2022-11-25 01:50:29','2022-11-25 01:50:29',167,3),(478,'Indicador 1',1,478,1,0,'2022-11-25 01:50:35','2022-11-25 01:50:35',168,3),(479,'Indicador 2',2,479,1,0,'2022-11-25 01:50:39','2022-11-25 01:50:39',168,3),(480,'Indicador 3',3,480,1,0,'2022-11-25 01:50:42','2022-11-25 01:50:42',168,3),(481,'Indicador 1',1,481,1,0,'2022-11-25 01:52:33','2022-11-25 01:52:33',169,3),(482,'Indicador 2',2,482,1,0,'2022-11-25 01:52:37','2022-11-25 01:52:37',169,3),(483,'Indicador 3',3,483,1,0,'2022-11-25 01:52:41','2022-11-25 01:52:41',169,3),(484,'Indicador 1',1,484,1,0,'2022-11-25 01:52:56','2022-11-25 01:52:56',170,3),(485,'Indicador 2',2,485,1,0,'2022-11-25 01:53:01','2022-11-25 01:53:01',170,3),(486,'Indicador 3',3,486,1,0,'2022-11-25 01:53:05','2022-11-25 01:53:05',170,3),(487,'Indicador 1',1,487,1,0,'2022-11-25 01:53:14','2022-11-25 01:53:14',171,3),(488,'Indicador 2',2,488,1,0,'2022-11-25 01:53:19','2022-11-25 01:53:19',171,3),(489,'Indicador 3',3,489,1,0,'2022-11-25 01:53:23','2022-11-25 01:53:23',171,3),(490,'Indicador 1',1,490,1,0,'2022-11-25 01:53:45','2022-11-25 01:53:45',172,3),(491,'Indicador 2',2,491,1,0,'2022-11-25 01:53:50','2022-11-25 01:53:50',172,3),(492,'Indicador 3',3,492,1,0,'2022-11-25 01:53:53','2022-11-25 01:53:53',172,3),(493,'Indicador 1',1,493,1,0,'2022-11-25 01:54:00','2022-11-25 01:54:00',173,3),(494,'Indicador 2',2,494,1,0,'2022-11-25 01:54:04','2022-11-25 01:54:04',173,3),(495,'Indicador 3',3,495,1,0,'2022-11-25 01:54:08','2022-11-25 01:54:08',173,3),(496,'Indicador 1',1,496,1,0,'2022-11-25 01:54:16','2022-11-25 01:54:16',174,3),(497,'Indicador 2',2,497,1,0,'2022-11-25 01:54:20','2022-11-25 01:54:20',174,3),(498,'Indicador 3',3,498,1,0,'2022-11-25 01:54:24','2022-11-25 01:54:24',174,3),(499,'Indicador 1',1,499,1,0,'2022-11-25 01:54:42','2022-11-25 01:54:42',175,3),(500,'Indicador 2',2,500,1,0,'2022-11-25 01:54:46','2022-11-25 01:54:46',175,3),(501,'Indicador 3',3,501,1,0,'2022-11-25 01:54:50','2022-11-25 01:54:50',175,3),(502,'Indicador 1',1,502,1,0,'2022-11-25 01:54:56','2022-11-25 01:54:56',176,3),(503,'Indicador 2',2,503,1,0,'2022-11-25 01:55:00','2022-11-25 01:55:00',176,3),(504,'Indicador 3',3,504,1,0,'2022-11-25 01:55:04','2022-11-25 01:55:04',176,3),(505,'Indicador 1',1,505,1,0,'2022-11-25 01:55:12','2022-11-25 01:55:12',177,3),(506,'Indicador 2',2,506,1,0,'2022-11-25 01:55:16','2022-11-25 01:55:16',177,3),(507,'Indicador 3',3,507,1,0,'2022-11-25 01:55:20','2022-11-25 01:55:20',177,3),(508,'Indicador 1',1,508,1,0,'2022-11-25 01:55:30','2022-11-25 01:55:30',178,3),(509,'Indicador 2',2,509,1,0,'2022-11-25 01:55:35','2022-11-25 01:55:35',178,3),(510,'Indicador 3',3,510,1,0,'2022-11-25 01:55:39','2022-11-25 01:55:39',178,3),(511,'Indicador 1',1,511,1,0,'2022-11-25 01:55:54','2022-11-25 01:55:54',179,3),(512,'Indicador 2',2,512,1,0,'2022-11-25 01:55:58','2022-11-25 01:55:58',179,3),(513,'Indicador 3',3,513,1,0,'2022-11-25 01:56:01','2022-11-25 01:56:01',179,3),(514,'Indicador 1',1,514,1,0,'2022-11-25 01:56:06','2022-11-25 01:56:06',180,3),(515,'Indicador 2',2,515,1,0,'2022-11-25 01:56:10','2022-11-25 01:56:10',180,3),(516,'Indicador 3',3,516,1,0,'2022-11-25 01:56:14','2022-11-25 01:56:14',180,3),(517,'Indicador 1',1,517,1,0,'2022-11-25 01:56:23','2022-11-25 01:56:23',181,3),(518,'Indicador 2',2,518,1,0,'2022-11-25 01:56:28','2022-11-25 01:56:28',181,3),(519,'Indicador 3',3,519,1,0,'2022-11-25 01:56:35','2022-11-25 01:56:35',181,3),(520,'Indicador 1',1,520,1,0,'2022-11-25 01:56:48','2022-11-25 01:56:48',182,3),(521,'Indicador 2',2,521,1,0,'2022-11-25 01:56:51','2022-11-25 01:56:51',182,3),(522,'Indicador 3',3,522,1,0,'2022-11-25 01:56:59','2022-11-25 01:56:59',182,3),(523,'Indicador 1',1,523,1,0,'2022-11-25 01:57:05','2022-11-25 01:57:05',183,3),(524,'Indicador 2',2,524,1,0,'2022-11-25 01:57:09','2022-11-25 01:57:09',183,3),(525,'Indicador 3',3,525,1,0,'2022-11-25 01:57:14','2022-11-25 01:57:14',183,3),(526,'Indicador 1',1,526,1,0,'2022-11-25 01:57:32','2022-11-25 01:57:32',184,3),(527,'Indicador 2',2,527,1,0,'2022-11-25 01:57:35','2022-11-25 01:57:35',184,3),(528,'Indicador 3',3,528,1,0,'2022-11-25 01:57:39','2022-11-25 01:57:39',184,3),(529,'Indicador 1',1,529,1,0,'2022-11-25 01:57:45','2022-11-25 01:57:45',185,3),(530,'Indicador 2',2,530,1,0,'2022-11-25 01:57:49','2022-11-25 01:57:49',185,3),(531,'Indicador 3',3,531,1,0,'2022-11-25 01:57:52','2022-11-25 01:57:52',185,3),(532,'Indicador 1',1,532,1,0,'2022-11-25 03:35:32','2022-11-25 03:35:32',186,3),(533,'Indicador 2',2,533,1,0,'2022-11-25 03:35:41','2022-11-25 03:35:41',186,3),(534,'Indicador 3',3,534,1,0,'2022-11-25 03:35:48','2022-11-25 03:35:48',186,3),(535,'Indicador 1',1,535,1,0,'2022-11-25 03:35:55','2022-11-25 03:35:55',187,3),(536,'Indicador 2',2,536,1,0,'2022-11-25 03:35:59','2022-11-25 03:35:59',187,3),(537,'Indicador 3',3,537,1,0,'2022-11-25 03:36:14','2022-11-25 03:36:14',187,3),(538,'Indicador 1',1,538,1,0,'2022-11-25 03:36:22','2022-11-25 03:36:22',188,3),(539,'Indicador 2',2,539,1,0,'2022-11-25 03:36:27','2022-11-25 03:36:27',188,3),(540,'Indicador 3',3,540,1,0,'2022-11-25 03:36:32','2022-11-25 03:36:32',188,3),(541,'Indicador 1',1,541,1,0,'2022-11-25 03:36:58','2022-11-25 03:36:58',189,3),(542,'Indicador 2',2,542,1,0,'2022-11-25 03:37:06','2022-11-25 03:37:06',189,3),(543,'Indicador 3',3,543,1,0,'2022-11-25 03:37:21','2022-11-25 03:37:21',189,3),(544,'Indicador 1',1,544,1,0,'2022-11-25 03:37:33','2022-11-25 03:37:33',190,3),(545,'Indicador 2',2,545,1,0,'2022-11-25 03:37:37','2022-11-25 03:37:37',190,3),(546,'Indicador 3',3,546,1,0,'2022-11-25 03:37:42','2022-11-25 03:37:42',190,3),(547,'Indicador 1',1,547,1,0,'2022-11-25 03:38:09','2022-11-25 03:38:09',191,3),(548,'Indicador 2',2,548,1,0,'2022-11-25 03:38:13','2022-11-25 03:38:13',191,3),(549,'Indicador 3',3,549,1,0,'2022-11-25 03:38:18','2022-11-25 03:38:18',191,3),(550,'Indicador 1',1,550,1,0,'2022-11-25 03:38:24','2022-11-25 03:38:24',192,3),(551,'Indicador 2',2,551,1,0,'2022-11-25 03:38:29','2022-11-25 03:38:29',192,3),(552,'Indicador 3',3,552,1,0,'2022-11-25 03:38:37','2022-11-25 03:38:37',192,3),(553,'Indicador 1',1,553,1,0,'2022-11-25 03:38:45','2022-11-25 03:38:45',193,3),(554,'Indicador 2',2,554,1,0,'2022-11-25 03:38:51','2022-11-25 03:38:51',193,3),(555,'Indicador 3',3,555,1,0,'2022-11-25 03:38:55','2022-11-25 03:38:55',193,3),(556,'Indicador 1',1,556,1,0,'2022-11-25 03:39:10','2022-11-25 03:39:10',194,3),(557,'Indicador 2',2,557,1,0,'2022-11-25 03:39:14','2022-11-25 03:39:14',194,3),(558,'Indicador 3',3,558,1,0,'2022-11-25 03:39:18','2022-11-25 03:39:18',194,3),(559,'Indicador 1',1,559,1,0,'2022-11-25 03:39:24','2022-11-25 03:39:24',195,3),(560,'Indicador 2',2,560,1,0,'2022-11-25 03:39:28','2022-11-25 03:39:28',195,3),(561,'Indicador 3',3,561,1,0,'2022-11-25 03:39:32','2022-11-25 03:39:32',195,3),(562,'Indicador 1',1,562,1,0,'2022-11-25 03:39:37','2022-11-25 03:39:37',196,3),(563,'Indicador 2',2,563,1,0,'2022-11-25 03:39:41','2022-11-25 03:39:41',196,3),(564,'Indicador 3',3,564,1,0,'2022-11-25 03:39:45','2022-11-25 03:39:45',196,3),(565,'Indicador 1',1,565,1,0,'2022-11-25 03:40:12','2022-11-25 03:40:12',197,3),(566,'Indicador 2',2,566,1,0,'2022-11-25 03:40:29','2022-11-25 03:40:29',197,3),(567,'Indicador 3',3,567,1,0,'2022-11-25 03:40:33','2022-11-25 03:40:33',197,3),(568,'Indicador 1',1,568,1,0,'2022-11-25 03:40:38','2022-11-25 03:40:38',198,3),(569,'Indicador 2',2,569,1,0,'2022-11-25 03:40:42','2022-11-25 03:40:42',198,3),(570,'Indicador 3',3,570,1,0,'2022-11-25 03:40:46','2022-11-25 03:40:46',198,3),(571,'Indicador 1',1,571,1,0,'2022-11-25 03:40:56','2022-11-25 03:40:56',199,3),(572,'Indicador 2',2,572,1,0,'2022-11-25 03:41:00','2022-11-25 03:41:00',199,3),(573,'Indicador 3',3,573,1,0,'2022-11-25 03:41:04','2022-11-25 03:41:04',199,3),(574,'Indicador 1',1,574,1,0,'2022-11-25 03:41:09','2022-11-25 03:41:09',200,3),(575,'Indicador 2',2,575,1,0,'2022-11-25 03:41:13','2022-11-25 03:41:13',200,3),(576,'Indicador 3',3,576,1,0,'2022-11-25 03:41:17','2022-11-25 03:41:17',200,3),(577,'Indicador 1',1,577,1,0,'2022-11-25 03:41:24','2022-11-25 03:41:24',201,3),(578,'Indicador 2',2,578,1,0,'2022-11-25 03:41:28','2022-11-25 03:41:28',201,3),(579,'Indicador 3',3,579,1,0,'2022-11-25 03:41:32','2022-11-25 03:41:32',201,3),(580,'Indicador 1',1,580,1,0,'2022-11-25 03:41:47','2022-11-25 03:41:47',202,3),(581,'Indicador 2',2,581,1,0,'2022-11-25 03:41:51','2022-11-25 03:41:51',202,3),(582,'Indicador 3',3,582,1,0,'2022-11-25 03:41:55','2022-11-25 03:41:55',202,3),(583,'Indicador 1',1,583,1,0,'2022-11-25 03:42:03','2022-11-25 03:42:03',203,3),(584,'Indicador 2',2,584,1,0,'2022-11-25 03:42:07','2022-11-25 03:42:07',203,3),(585,'Indicador 3',3,585,1,0,'2022-11-25 03:42:12','2022-11-25 03:42:12',203,3),(586,'Indicador 1',1,586,1,0,'2022-11-25 03:42:19','2022-11-25 03:42:19',204,3),(587,'Indicador 2',2,587,1,0,'2022-11-25 03:42:24','2022-11-25 03:42:24',204,3),(588,'Indicador 3',3,588,1,0,'2022-11-25 03:42:28','2022-11-25 03:42:28',204,3),(589,'Indicador 1',1,589,1,0,'2022-11-25 03:42:46','2022-11-25 03:42:56',205,3),(590,'Indicador 2',2,590,1,0,'2022-11-25 03:42:51','2022-11-25 03:43:00',205,3),(591,'Indicador 3',3,591,1,0,'2022-11-25 03:43:07','2022-11-25 03:43:07',205,3),(592,'Indicador 1',1,592,1,0,'2022-11-25 03:43:14','2022-11-25 03:43:14',206,3),(593,'Indicador 2',2,593,1,0,'2022-11-25 03:43:18','2022-11-25 03:43:18',206,3),(594,'Indicador 3',3,594,1,0,'2022-11-25 03:43:22','2022-11-25 03:43:22',206,3),(595,'Indicador 1',1,595,1,0,'2022-11-25 03:44:12','2022-11-25 03:44:12',207,3),(596,'Indicador 2',2,596,1,0,'2022-11-25 03:44:16','2022-11-25 03:44:16',207,3),(597,'Indicador 3',3,597,1,0,'2022-11-25 03:44:21','2022-11-25 03:44:21',207,3),(598,'Indicador 1',1,598,1,0,'2022-11-25 03:44:33','2022-11-25 03:44:33',208,3),(599,'Indicador 2',2,599,1,0,'2022-11-25 03:44:37','2022-11-25 03:44:37',208,3),(600,'Indicador 3',3,600,1,0,'2022-11-25 03:44:41','2022-11-25 03:44:41',208,3),(601,'Indicador 1',1,601,1,0,'2022-11-25 03:44:57','2022-11-25 03:44:57',209,3),(602,'Indicador 2',2,602,1,0,'2022-11-25 03:45:01','2022-11-25 03:45:01',209,3),(603,'Indicador 3',3,603,1,0,'2022-11-25 03:45:05','2022-11-25 03:45:05',209,3),(604,'Indicador 1',1,604,1,0,'2022-11-25 03:45:11','2022-11-25 03:45:11',210,3),(605,'Indicador 2',2,605,1,0,'2022-11-25 03:45:16','2022-11-25 03:45:16',210,3),(606,'Indicador 3',3,606,1,0,'2022-11-25 03:45:35','2022-11-25 03:45:35',210,3),(607,'Indicador 1',1,607,1,0,'2022-11-25 03:45:46','2022-11-25 03:45:46',211,3),(608,'Indicador 2',2,608,1,0,'2022-11-25 03:45:50','2022-11-25 03:45:50',211,3),(609,'Indicador 3',3,609,1,0,'2022-11-25 03:45:55','2022-11-25 03:45:55',211,3),(610,'Indicador 1',1,610,1,0,'2022-11-25 03:47:20','2022-11-25 03:47:20',212,3),(611,'Indicador 2',2,611,1,0,'2022-11-25 03:47:24','2022-11-25 03:47:24',212,3),(612,'Indicador 3',3,612,1,0,'2022-11-25 03:47:28','2022-11-25 03:47:28',212,3),(613,'Indicador 1',1,613,1,0,'2022-11-25 03:47:38','2022-11-25 03:47:38',213,3),(614,'Indicador 2',2,614,1,0,'2022-11-25 03:47:43','2022-11-25 03:47:43',213,3),(615,'Indicador 3',3,615,1,0,'2022-11-25 03:47:47','2022-11-25 03:47:47',213,3),(616,'Indicador 1',1,616,1,0,'2022-11-25 03:47:57','2022-11-25 03:47:57',214,3),(617,'Indicador 2',2,617,1,0,'2022-11-25 03:48:01','2022-11-25 03:48:01',214,3),(618,'Indicador 3',3,618,1,0,'2022-11-25 03:48:05','2022-11-25 03:48:05',214,3),(619,'Indicador 1',1,619,1,0,'2022-11-25 03:48:10','2022-11-25 03:48:10',215,3),(620,'Indicador 2',2,620,1,0,'2022-11-25 03:48:14','2022-11-25 03:48:14',215,3),(621,'Indicador 3',3,621,1,0,'2022-11-25 03:48:18','2022-11-25 03:48:18',215,3),(622,'Indicador 1',1,622,1,0,'2022-11-25 03:50:56','2022-11-25 03:50:56',216,3),(623,'Indicador 2',2,623,1,0,'2022-11-25 03:51:00','2022-11-25 03:51:00',216,3),(624,'Indicador 3',3,624,1,0,'2022-11-25 03:51:04','2022-11-25 03:51:04',216,3),(625,'Indicador 1',1,625,1,0,'2022-11-25 03:51:11','2022-11-25 03:51:11',217,3),(626,'Indicador 2',2,626,1,0,'2022-11-25 03:51:15','2022-11-25 03:51:15',217,3),(627,'Indicador 3',3,627,1,0,'2022-11-25 03:51:20','2022-11-25 03:51:20',217,3),(628,'Indicador 1',1,628,1,0,'2022-11-25 03:51:35','2022-11-25 03:51:35',218,3),(629,'Indicador 2',2,629,1,0,'2022-11-25 03:51:38','2022-11-25 03:51:38',218,3),(630,'Indicador 3',3,630,1,0,'2022-11-25 03:51:42','2022-11-25 03:51:42',218,3),(631,'Indicador 1',1,631,1,0,'2022-11-25 03:51:48','2022-11-25 03:51:48',219,3),(632,'Indicador 2',2,632,1,0,'2022-11-25 03:51:52','2022-11-25 03:51:52',219,3),(633,'Indicador 3',3,633,1,0,'2022-11-25 03:51:56','2022-11-25 03:51:56',219,3),(634,'Indicador 1',1,634,1,0,'2022-11-25 03:52:02','2022-11-25 03:52:02',220,3),(635,'Indicador 2',2,635,1,0,'2022-11-25 03:52:07','2022-11-25 03:52:07',220,3),(636,'Indicador 3',3,636,1,0,'2022-11-25 03:52:11','2022-11-25 03:52:11',220,3),(637,'Indicador 1',1,637,1,0,'2022-11-25 03:52:24','2022-11-25 03:52:24',221,3),(638,'Indicador 2',2,638,1,0,'2022-11-25 03:52:28','2022-11-25 03:52:28',221,3),(639,'Indicador 3',3,639,1,0,'2022-11-25 03:52:32','2022-11-25 03:52:32',221,3),(640,'Indicador 1',1,640,1,0,'2022-11-25 03:52:43','2022-11-25 03:52:43',222,3),(641,'Indicador 2',2,641,1,0,'2022-11-25 03:52:48','2022-11-25 03:52:48',222,3),(642,'Indicador 3',3,642,1,0,'2022-11-25 03:52:56','2022-11-25 03:52:56',222,3),(643,'Indicador 1',1,643,1,0,'2022-11-25 03:53:04','2022-11-25 03:53:04',224,3),(644,'Indicador 2',2,644,1,0,'2022-11-25 03:53:07','2022-11-25 03:53:07',224,3),(645,'Indicador 3',3,645,1,0,'2022-11-25 03:53:11','2022-11-25 03:53:11',224,3),(646,'Indicador 1',1,646,1,0,'2022-11-25 03:53:19','2022-11-25 03:53:19',223,3),(647,'Indicador 2',2,647,1,0,'2022-11-25 03:53:23','2022-11-25 03:53:23',223,3),(648,'Indicador 3',3,648,1,0,'2022-11-25 03:53:27','2022-11-25 03:53:27',223,3),(649,'Indicador 1',1,649,1,0,'2022-11-25 03:54:19','2022-11-25 03:54:19',225,3),(650,'Indicador 2',2,650,1,0,'2022-11-25 03:54:24','2022-11-25 03:54:24',225,3),(651,'Indicador 3',3,651,1,0,'2022-11-25 03:54:28','2022-11-25 03:54:28',225,3),(652,'Indicador 1',1,652,1,0,'2022-11-25 03:54:34','2022-11-25 03:54:34',226,3),(653,'Indicador 2',2,653,1,0,'2022-11-25 03:54:38','2022-11-25 03:54:38',226,3),(654,'Indicador 3',3,654,1,0,'2022-11-25 03:54:42','2022-11-25 03:54:42',226,3),(655,'Indicador 1',1,655,1,0,'2022-11-25 03:54:49','2022-11-25 03:54:49',227,3),(656,'Indicador 2',2,656,1,0,'2022-11-25 03:54:53','2022-11-25 03:54:53',227,3),(657,'Indicador 3',3,657,1,0,'2022-11-25 03:54:57','2022-11-25 03:54:57',227,3),(658,'Indicador 1',1,658,1,0,'2022-11-25 03:55:11','2022-11-25 03:55:11',228,3),(659,'Indicador 2',2,659,1,0,'2022-11-25 03:55:14','2022-11-25 03:55:14',228,3),(660,'Indicador 3',3,660,1,0,'2022-11-25 03:55:19','2022-11-25 03:55:19',228,3),(661,'Indicador 1',1,661,1,0,'2022-11-25 03:55:25','2022-11-25 03:55:25',229,3),(662,'Indicador 2',2,662,1,0,'2022-11-25 03:55:29','2022-11-25 03:55:29',229,3),(663,'Indicador 3',3,663,1,0,'2022-11-25 03:55:33','2022-11-25 03:55:33',229,3),(664,'Indicador 1',1,664,1,0,'2022-11-25 03:55:49','2022-11-25 03:55:49',230,3),(665,'Indicador 2',2,665,1,0,'2022-11-25 03:55:53','2022-11-25 03:55:53',230,3),(666,'Indicador 3',3,666,1,0,'2022-11-25 03:55:57','2022-11-25 03:55:57',230,3),(667,'Indicador 1',1,667,1,0,'2022-11-25 03:56:03','2022-11-25 03:56:03',231,3),(668,'Indicador 2',2,668,1,0,'2022-11-25 03:56:06','2022-11-25 03:56:06',231,3),(669,'Indicador 3',3,669,1,0,'2022-11-25 03:56:10','2022-11-25 03:56:10',231,3),(670,'Indicador 1',1,670,1,0,'2022-11-25 03:56:17','2022-11-25 03:56:17',232,3),(671,'Indicador 2',2,671,1,0,'2022-11-25 03:56:21','2022-11-25 03:56:21',232,3),(672,'Indicador 3',3,672,1,0,'2022-11-25 03:56:28','2022-11-25 03:56:28',232,3),(673,'Indicador 1',1,673,1,0,'2022-11-25 03:56:44','2022-11-25 03:56:44',233,3),(674,'Indicador 2',2,674,1,0,'2022-11-25 03:56:47','2022-11-25 03:56:47',233,3),(675,'Indicador 3',3,675,1,0,'2022-11-25 03:56:52','2022-11-25 03:56:52',233,3),(676,'Indicador 1',1,676,1,0,'2022-11-25 03:56:58','2022-11-25 03:56:58',234,3),(677,'Indicador 2',2,677,1,0,'2022-11-25 03:57:02','2022-11-25 03:57:02',234,3),(678,'Indicador 3',3,678,1,0,'2022-11-25 03:57:18','2022-11-25 03:57:18',234,3),(679,'Indicador 1',1,679,1,0,'2022-11-25 03:59:21','2022-11-25 03:59:21',235,3),(680,'Indicador 2',2,680,1,0,'2022-11-25 03:59:25','2022-11-25 03:59:25',235,3),(681,'Indicador 3',3,681,1,0,'2022-11-25 03:59:29','2022-11-25 03:59:29',235,3),(682,'Indicador 1',1,682,1,0,'2022-11-25 03:59:45','2022-11-25 03:59:45',236,3),(683,'Indicador 2',2,683,1,0,'2022-11-25 03:59:49','2022-11-25 03:59:49',236,3),(684,'Indicador 3',3,684,1,0,'2022-11-25 03:59:53','2022-11-25 03:59:53',236,3),(685,'Indicador 1',1,685,1,0,'2022-11-25 04:00:08','2022-11-25 04:00:08',237,3),(686,'Indicador 2',2,686,1,0,'2022-11-25 04:00:18','2022-11-25 04:00:18',237,3),(687,'Indicador 3',3,687,1,0,'2022-11-25 04:00:23','2022-11-25 04:00:23',237,3),(688,'Indicador 1',1,688,1,0,'2022-11-25 04:00:37','2022-11-25 04:00:37',238,3),(689,'Indicador 2',2,689,1,0,'2022-11-25 04:00:40','2022-11-25 04:00:40',238,3),(690,'Indicador 3',3,690,1,0,'2022-11-25 04:00:44','2022-11-25 04:00:44',238,3),(691,'Indicador 1',1,691,1,0,'2022-11-25 04:01:12','2022-11-25 04:01:12',239,3),(692,'Indicador 2',2,692,1,0,'2022-11-25 04:01:16','2022-11-25 04:01:16',239,3),(693,'Indicador 3',3,693,1,0,'2022-11-25 04:01:19','2022-11-25 04:01:19',239,3),(694,'Indicador 1',1,694,1,0,'2022-11-25 04:01:32','2022-11-25 04:01:32',240,3),(695,'Indicador 2',2,695,1,0,'2022-11-25 04:01:40','2022-11-25 04:01:40',240,3),(696,'Indicador 3',3,696,1,0,'2022-11-25 04:01:44','2022-11-25 04:01:44',240,3),(697,'Indicador 1',1,697,1,0,'2022-11-25 04:01:57','2022-11-25 04:01:57',241,3),(698,'Indicador 2',2,698,1,0,'2022-11-25 04:02:00','2022-11-25 04:02:00',241,3),(699,'Indicador 3',3,699,1,0,'2022-11-25 04:02:04','2022-11-25 04:02:04',241,3),(700,'Indicador 1',1,700,1,0,'2022-11-25 04:02:21','2022-11-25 04:02:21',242,3),(701,'Indicador 2',2,701,1,0,'2022-11-25 04:02:25','2022-11-25 04:02:25',242,3),(702,'Indicador 3',3,702,1,0,'2022-11-25 04:02:29','2022-11-25 04:02:29',242,3),(703,'Indicador 1',1,703,1,0,'2022-11-25 04:02:45','2022-11-25 04:02:45',243,3),(704,'Indicador 2',2,704,1,0,'2022-11-25 04:02:48','2022-11-25 04:02:48',243,3),(705,'Indicador 3',3,705,1,0,'2022-11-25 04:02:52','2022-11-25 04:02:52',243,3),(706,'Indicador 1',1,706,1,0,'2022-11-25 04:02:57','2022-11-25 04:02:57',244,3),(707,'Indicador 2',2,707,1,0,'2022-11-25 04:03:01','2022-11-25 04:03:01',244,3),(708,'Indicador 3',3,708,1,0,'2022-11-25 04:03:05','2022-11-25 04:03:05',244,3),(709,'Indicador 1',1,709,1,0,'2022-11-25 04:05:11','2022-11-25 04:05:11',247,3),(710,'Indicador 2',2,710,1,0,'2022-11-25 04:05:15','2022-11-25 04:05:15',247,3),(711,'Indicador 3',3,711,1,0,'2022-11-25 04:05:22','2022-11-25 04:05:22',247,3),(712,'Indicador 1',1,712,1,0,'2022-11-25 04:05:28','2022-11-25 04:05:28',248,3),(713,'Indicador 2',2,713,1,0,'2022-11-25 04:05:32','2022-11-25 04:05:32',248,3),(714,'Indicador 3',3,714,1,0,'2022-11-25 04:05:36','2022-11-25 04:05:36',248,3),(715,'Indicador 1',1,715,1,0,'2022-11-25 04:05:48','2022-11-25 04:06:02',249,3),(716,'Indicador 2',2,716,1,0,'2022-11-25 04:05:52','2022-11-25 04:05:52',249,3),(717,'Indicador 3',3,717,1,0,'2022-11-25 04:05:56','2022-11-25 04:05:56',249,3),(718,'Indicador 1',1,718,1,0,'2022-11-25 04:06:09','2022-11-25 04:06:09',250,3),(719,'Indicador 2',2,719,1,0,'2022-11-25 04:06:12','2022-11-25 04:06:12',250,3),(720,'Indicador 3',3,720,1,0,'2022-11-25 04:06:18','2022-11-25 04:06:18',250,3),(721,'Indicador 1',1,721,1,0,'2022-11-25 04:06:26','2022-11-25 04:06:26',251,3),(722,'Indicador 2',2,722,1,0,'2022-11-25 04:06:30','2022-11-25 04:06:30',251,3),(723,'Indicador 3',3,723,1,0,'2022-11-25 04:06:34','2022-11-25 04:06:34',251,3),(724,'Indicador 1',1,724,1,0,'2022-11-25 04:06:47','2022-11-25 04:06:47',252,3),(725,'Indicador 2',2,725,1,0,'2022-11-25 04:06:51','2022-11-25 04:06:51',252,3),(726,'Indicador 3',3,726,1,0,'2022-11-25 04:06:54','2022-11-25 04:06:54',252,3),(727,'Indicador 1',1,727,1,0,'2022-11-25 04:07:04','2022-11-25 04:07:04',253,3),(728,'Indicador 2',2,728,1,0,'2022-11-25 04:07:08','2022-11-25 04:07:08',253,3),(729,'Indicador 3',3,729,1,0,'2022-11-25 04:07:12','2022-11-25 04:07:12',253,3),(730,'Indicador 1',1,730,1,0,'2022-11-25 04:08:18','2022-11-25 04:08:18',254,3),(731,'Indicador 2',2,731,1,0,'2022-11-25 04:08:22','2022-11-25 04:08:22',254,3),(732,'Indicador 3',3,732,1,0,'2022-11-25 04:08:26','2022-11-25 04:08:26',254,3),(733,'Indicador 1',1,733,1,0,'2022-11-25 04:08:36','2022-11-25 04:08:36',255,3),(734,'Indicador 2',2,734,1,0,'2022-11-25 04:08:45','2022-11-25 04:08:45',255,3),(735,'Indicador 3',3,735,1,0,'2022-11-25 04:08:48','2022-11-25 04:08:48',255,3),(736,'Indicador 1',1,736,1,0,'2022-11-25 04:09:03','2022-11-25 04:09:03',256,3),(737,'Indicador 2',2,737,1,0,'2022-11-25 04:09:07','2022-11-25 04:09:07',256,3),(738,'Indicador 3',3,738,1,0,'2022-11-25 04:09:10','2022-11-25 04:09:10',256,3),(739,'Indicador 1',1,739,1,0,'2022-11-25 04:09:15','2022-11-25 04:09:15',257,3),(740,'Indicador 2',2,740,1,0,'2022-11-25 04:09:21','2022-11-25 04:09:21',257,3),(741,'Indicador 3',3,741,1,0,'2022-11-25 04:09:24','2022-11-25 04:09:24',257,3),(742,'Indicador 1',1,742,1,0,'2022-11-25 04:09:31','2022-11-25 04:09:31',258,3),(743,'Indicador 2',2,743,1,0,'2022-11-25 04:09:35','2022-11-25 04:09:35',258,3),(744,'Indicador 3',3,744,1,0,'2022-11-25 04:09:39','2022-11-25 04:09:39',258,3),(745,'Indicador 1',1,745,1,0,'2022-11-25 04:09:55','2022-11-25 04:09:55',259,3),(746,'Indicador 2',2,746,1,0,'2022-11-25 04:09:58','2022-11-25 04:09:58',259,3),(747,'Indicador 3',3,747,1,0,'2022-11-25 04:10:02','2022-11-25 04:10:02',259,3),(748,'Indicador 1',1,748,1,0,'2022-11-25 04:10:08','2022-11-25 04:10:08',260,3),(749,'Indicador 2',2,749,1,0,'2022-11-25 04:10:11','2022-11-25 04:10:11',260,3),(750,'Indicador 3',3,750,1,0,'2022-11-25 04:10:15','2022-11-25 04:10:15',260,3),(751,'Indicador 1',1,751,1,0,'2022-11-25 04:10:29','2022-11-25 04:10:29',261,3),(752,'Indicador 2',2,752,1,0,'2022-11-25 04:10:34','2022-11-25 04:10:34',261,3),(753,'Indicador 3',3,753,1,0,'2022-11-25 04:10:37','2022-11-25 04:10:37',261,3),(754,'Indicador 1',1,754,1,0,'2022-11-25 04:10:43','2022-11-25 04:10:43',262,3),(755,'Indicador 2',2,755,1,0,'2022-11-25 04:10:47','2022-11-25 04:10:47',262,3),(756,'Indicador 3',3,756,1,0,'2022-11-25 04:10:51','2022-11-25 04:10:51',262,3),(757,'Indicador 1',1,757,1,0,'2022-11-25 04:11:04','2022-11-25 04:11:04',263,3),(758,'Indicador 2',2,758,1,0,'2022-11-25 04:11:08','2022-11-25 04:11:08',263,3),(759,'Indicador 3',3,759,1,0,'2022-11-25 04:11:12','2022-11-25 04:11:12',263,3),(760,'Indicador 1',1,760,1,0,'2022-11-25 04:11:26','2022-11-25 04:11:26',264,3),(761,'Indicador 2',2,761,1,0,'2022-11-25 04:11:30','2022-11-25 04:11:30',264,3),(762,'Indicador 3',3,762,1,0,'2022-11-25 04:11:34','2022-11-25 04:11:34',264,3),(763,'Indicador 1',1,763,1,0,'2022-11-25 04:11:41','2022-11-25 04:11:41',265,3),(764,'Indicador 2',2,764,1,0,'2022-11-25 04:11:45','2022-11-25 04:11:45',265,3),(765,'Indicador 3',3,765,1,0,'2022-11-25 04:11:49','2022-11-25 04:11:49',265,3),(766,'Indicador 1',1,766,1,0,'2022-11-25 04:12:01','2022-11-25 04:12:01',266,3),(767,'Indicador 2',2,767,1,0,'2022-11-25 04:12:05','2022-11-25 04:12:05',266,3),(768,'Indicador 3',3,768,1,0,'2022-11-25 04:12:09','2022-11-25 04:12:09',266,3),(769,'Indicador 1',1,769,1,0,'2022-11-25 04:12:28','2022-11-25 04:12:28',267,3),(770,'Indicador 2',2,770,1,0,'2022-11-25 04:12:32','2022-11-25 04:12:32',267,3),(771,'Indicador 3',3,771,1,0,'2022-11-25 04:12:35','2022-11-25 04:12:35',267,3),(772,'Indicador 1',1,772,1,0,'2022-11-25 04:12:41','2022-11-25 04:12:41',268,3),(773,'Indicador 2',2,773,1,0,'2022-11-25 04:12:45','2022-11-25 04:12:45',268,3),(774,'Indicador 3',3,774,1,0,'2022-11-25 04:12:49','2022-11-25 04:12:49',268,3),(775,'Indicador 1',1,775,1,0,'2022-11-25 04:12:56','2022-11-25 04:12:56',269,3),(776,'Indicador 2',2,776,1,0,'2022-11-25 04:13:00','2022-11-25 04:13:00',269,3),(777,'Indicador 3',3,777,1,0,'2022-11-25 04:13:03','2022-11-25 04:13:03',269,3),(778,'Indicador 1',1,778,1,0,'2022-11-25 04:13:10','2022-11-25 04:13:10',270,3),(779,'Indicador 2',2,779,1,0,'2022-11-25 04:13:14','2022-11-25 04:13:14',270,3),(780,'Indicador 3',3,780,1,0,'2022-11-25 04:13:18','2022-11-25 04:13:18',270,3),(781,'Indicador 1',1,781,1,0,'2022-11-25 04:13:34','2022-11-25 04:13:34',271,3),(782,'Indicador 2',2,782,1,0,'2022-11-25 04:13:38','2022-11-25 04:13:38',271,3),(783,'Indicador 3',3,783,1,0,'2022-11-25 04:13:41','2022-11-25 04:13:41',271,3),(784,'Indicador 1',1,784,1,0,'2022-11-25 04:13:48','2022-11-25 04:13:48',272,3),(785,'Indicador 2',2,785,1,0,'2022-11-25 04:13:52','2022-11-25 04:13:52',272,3),(786,'Indicador 3',3,786,1,0,'2022-11-25 04:13:56','2022-11-25 04:13:56',272,3),(787,'Indicador 1',1,787,1,0,'2022-11-25 04:14:02','2022-11-25 04:14:02',273,3),(788,'Indicador 2',2,788,1,0,'2022-11-25 04:14:07','2022-11-25 04:14:07',273,3),(789,'Indicador 3',3,789,1,0,'2022-11-25 04:14:11','2022-11-25 04:14:11',273,3),(790,'Indicador 1',1,790,1,0,'2022-11-25 04:14:24','2022-11-25 04:14:24',274,3),(791,'Indicador 2',2,791,1,0,'2022-11-25 04:14:28','2022-11-25 04:14:28',274,3),(792,'Indicador 3',3,792,1,0,'2022-11-25 04:14:32','2022-11-25 04:14:32',274,3),(793,'Indicador 1',1,793,1,0,'2022-11-25 04:14:38','2022-11-25 04:14:38',275,3),(794,'Indicador 2',2,794,1,0,'2022-11-25 04:14:43','2022-11-25 04:14:43',275,3),(795,'Indicador 3',3,795,1,0,'2022-11-25 04:14:47','2022-11-25 04:14:47',275,3),(796,'Indicador 1',1,796,1,0,'2022-11-25 04:14:58','2022-11-25 04:14:58',276,3),(797,'Indicador 2',2,797,1,0,'2022-11-25 04:15:02','2022-11-25 04:15:02',276,3),(798,'Indicador 3',3,798,1,0,'2022-11-25 04:15:05','2022-11-25 04:15:05',276,3),(799,'Indicador 1',1,799,1,0,'2022-11-25 04:15:13','2022-11-25 04:15:13',277,3),(800,'Indicador 2',2,800,1,0,'2022-11-25 04:15:18','2022-11-25 04:15:18',277,3),(801,'Indicador 3',3,801,1,0,'2022-11-25 04:15:22','2022-11-25 04:15:22',277,3),(802,'Indicador 1',1,802,1,0,'2022-11-25 04:15:44','2022-11-25 04:15:44',278,3),(803,'Indicador 2',2,803,1,0,'2022-11-25 04:15:48','2022-11-25 04:15:48',278,3),(804,'Indicador 3',3,804,1,0,'2022-11-25 04:15:51','2022-11-25 04:15:51',278,3),(805,'Indicador 1',1,805,1,0,'2022-11-25 04:15:56','2022-11-25 04:15:56',279,3),(806,'Indicador 2',2,806,1,0,'2022-11-25 04:16:00','2022-11-25 04:16:00',279,3),(807,'Indicador 3',3,807,1,0,'2022-11-25 04:16:03','2022-11-25 04:16:03',279,3),(808,'Indicador 1',1,808,1,0,'2022-11-25 04:16:18','2022-11-25 04:16:18',280,3),(809,'Indicador 2',2,809,1,0,'2022-11-25 04:16:22','2022-11-25 04:16:22',280,3),(810,'Indicador 3',3,810,1,0,'2022-11-25 04:16:27','2022-11-25 04:16:27',280,3),(811,'Indicador 1',1,811,1,0,'2022-11-25 04:16:32','2022-11-25 04:16:32',281,3),(812,'Indicador 2',2,812,1,0,'2022-11-25 04:16:36','2022-11-25 04:16:36',281,3),(813,'Indicador 3',3,813,1,0,'2022-11-25 04:16:40','2022-11-25 04:16:40',281,3),(814,'Indicador 1',1,814,1,0,'2022-11-25 04:16:47','2022-11-25 04:16:47',282,3),(815,'Indicador 2',2,815,1,0,'2022-11-25 04:16:50','2022-11-25 04:16:50',282,3),(816,'Indicador 3',3,816,1,0,'2022-11-25 04:16:54','2022-11-25 04:16:54',282,3),(817,'Indicador 1',1,817,1,0,'2022-11-25 04:17:09','2022-11-25 04:17:09',283,3),(818,'Indicador 2',2,818,1,0,'2022-11-25 04:17:13','2022-11-25 04:17:13',283,3),(819,'Indicador 3',3,819,1,0,'2022-11-25 04:17:17','2022-11-25 04:17:17',283,3),(820,'Indicador 1',1,820,1,0,'2022-11-25 04:17:26','2022-11-25 04:17:26',284,3),(821,'Indicador 2',2,821,1,0,'2022-11-25 04:17:29','2022-11-25 04:17:29',284,3),(822,'Indicador 3',3,822,1,0,'2022-11-25 04:17:33','2022-11-25 04:17:33',284,3),(823,'Indicador 1',1,823,1,0,'2022-11-25 04:17:39','2022-11-25 04:17:39',285,3),(824,'Indicador 2',2,824,1,0,'2022-11-25 04:17:43','2022-11-25 04:17:43',285,3),(825,'Indicador 3',3,825,1,0,'2022-11-25 04:17:47','2022-11-25 04:17:47',285,3),(826,'Indicador 1',1,826,1,0,'2022-11-25 04:17:55','2022-11-25 04:17:55',286,3),(827,'Indicador 2',2,827,1,0,'2022-11-25 04:18:03','2022-11-25 04:18:03',286,3),(828,'Indicador 3',3,828,1,0,'2022-11-25 04:18:07','2022-11-25 04:18:07',286,3),(829,'Indicador 1',1,829,1,0,'2022-11-25 04:18:40','2022-11-25 04:18:40',287,3),(830,'Indicador 2',2,830,1,0,'2022-11-25 04:20:31','2022-11-25 04:20:31',287,3),(831,'Indicador 3',3,831,1,0,'2022-11-25 04:20:38','2022-11-25 04:20:38',287,3),(832,'Indicador 1',1,832,1,0,'2022-11-25 04:20:48','2022-11-25 04:20:48',288,3),(833,'Indicador 2',2,833,1,0,'2022-11-25 04:20:52','2022-11-25 04:20:52',288,3),(834,'Indicador 3',3,834,1,0,'2022-11-25 04:20:58','2022-11-25 04:20:58',288,3),(835,'Indicador 1',1,835,1,0,'2022-11-25 04:21:08','2022-11-25 04:21:08',289,3),(836,'Indicador 2',2,836,1,0,'2022-11-25 04:21:13','2022-11-25 04:21:13',289,3),(837,'Indicador 3',3,837,1,0,'2022-11-25 04:21:26','2022-11-25 04:21:26',289,3),(838,'Indicador 1',1,838,1,0,'2022-11-25 04:21:51','2022-11-25 04:21:51',290,3),(839,'Indicador 2',2,839,1,0,'2022-11-25 04:21:54','2022-11-25 04:21:54',290,3),(840,'Indicador 3',3,840,1,0,'2022-11-25 04:21:59','2022-11-25 04:21:59',290,3),(841,'Indicador 1',1,841,1,0,'2022-11-25 04:22:08','2022-11-25 04:22:08',291,3),(842,'Indicador 2',2,842,1,0,'2022-11-25 04:22:12','2022-11-25 04:22:12',291,3),(843,'Indicador 3',3,843,1,0,'2022-11-25 04:22:17','2022-11-25 04:22:17',291,3),(844,'Indicador 1',1,844,1,0,'2022-11-25 04:22:29','2022-11-25 04:22:29',292,3),(845,'Indicador 2',2,845,1,0,'2022-11-25 04:22:33','2022-11-25 04:22:33',292,3),(846,'Indicador 3',3,846,1,0,'2022-11-25 04:22:41','2022-11-25 04:22:41',292,3),(847,'Indicador 1',1,847,1,0,'2022-11-25 04:22:52','2022-11-25 04:22:52',293,3),(848,'Indicador 2',2,848,1,0,'2022-11-25 04:22:56','2022-11-25 04:22:56',293,3),(849,'Indicador 3',3,849,1,0,'2022-11-25 04:23:00','2022-11-25 04:23:00',293,3),(850,'Indicador 1',1,850,1,0,'2022-11-25 04:23:12','2022-11-25 04:23:12',294,3),(851,'Indicador 2',2,851,1,0,'2022-11-25 04:23:17','2022-11-25 04:23:17',294,3),(852,'Indicador 3',3,852,1,0,'2022-11-25 04:23:21','2022-11-25 04:23:21',294,3),(853,'Indicador 1',1,853,1,0,'2022-11-25 04:23:36','2022-11-25 04:23:36',295,3),(854,'Indicador 2',2,854,1,0,'2022-11-25 04:23:40','2022-11-25 04:23:40',295,3),(855,'Indicador 3',3,855,1,0,'2022-11-25 04:23:44','2022-11-25 04:23:44',295,3),(856,'Indicador 1',1,856,1,0,'2022-11-25 04:23:49','2022-11-25 04:23:49',296,3),(857,'Indicador 2',2,857,1,0,'2022-11-25 04:23:52','2022-11-25 04:23:52',296,3),(858,'Indicador 3',3,858,1,0,'2022-11-25 04:23:56','2022-11-25 04:23:56',296,3),(859,'Indicador 1',1,859,1,0,'2022-11-25 04:24:04','2022-11-25 04:24:04',297,3),(860,'Indicador 2',2,860,1,0,'2022-11-25 04:24:08','2022-11-25 04:24:08',297,3),(861,'Indicador 3',3,861,1,0,'2022-11-25 04:24:12','2022-11-25 04:24:12',297,3),(862,'Indicador 1',1,862,1,0,'2022-11-25 04:25:22','2022-11-25 04:25:22',298,3),(863,'Indicador 2',2,863,1,0,'2022-11-25 04:25:27','2022-11-25 04:25:27',298,3),(864,'Indicador 3',3,864,1,0,'2022-11-25 04:25:30','2022-11-25 04:25:30',298,3),(865,'Indicador 1',1,865,1,0,'2022-11-25 04:25:37','2022-11-25 04:25:37',299,3),(866,'Indicador 2',2,866,1,0,'2022-11-25 04:25:41','2022-11-25 04:25:41',299,3),(867,'Indicador 3',3,867,1,0,'2022-11-25 04:25:45','2022-11-25 04:25:45',299,3),(868,'Indicador 1',1,868,1,0,'2022-11-25 04:25:59','2022-11-25 04:25:59',300,3),(869,'Indicador 2',2,869,1,0,'2022-11-25 04:26:04','2022-11-25 04:26:04',300,3),(870,'Indicador 3',3,870,1,0,'2022-11-25 04:26:08','2022-11-25 04:26:08',300,3),(871,'Indicador 1',1,871,1,0,'2022-11-25 04:26:19','2022-11-25 04:26:19',301,3),(872,'Indicador 2',2,872,1,0,'2022-11-25 04:26:23','2022-11-25 04:26:23',301,3),(873,'Indicador 3',3,873,1,0,'2022-11-25 04:26:27','2022-11-25 04:26:27',301,3),(874,'Indicador 1',1,874,1,0,'2022-11-25 04:26:46','2022-11-25 04:26:46',302,3),(875,'Indicador 2',2,875,1,0,'2022-11-25 04:26:51','2022-11-25 04:26:51',302,3),(876,'Indicador 3',3,876,1,0,'2022-11-25 04:26:55','2022-11-25 04:26:55',302,3),(877,'Indicador 1',1,877,1,0,'2022-11-25 04:27:02','2022-11-25 04:27:02',303,3),(878,'Indicador 2',2,878,1,0,'2022-11-25 04:27:05','2022-11-25 04:27:05',303,3),(879,'Indicador 3',3,879,1,0,'2022-11-25 04:27:09','2022-11-25 04:27:09',303,3),(880,'Indicador 1',1,880,1,0,'2022-11-25 04:27:23','2022-11-25 04:27:23',304,3),(881,'Indicador 2',2,881,1,0,'2022-11-25 04:27:27','2022-11-25 04:27:27',304,3),(882,'Indicador 3',3,882,1,0,'2022-11-25 04:27:30','2022-11-25 04:27:30',304,3),(883,'Indicador 1',1,883,1,0,'2022-11-25 04:36:43','2022-11-25 04:36:43',305,3),(884,'Indicador 2',2,884,1,0,'2022-11-25 04:36:48','2022-11-25 04:36:48',305,3),(885,'Indicador 3',3,885,1,0,'2022-11-25 04:36:52','2022-11-25 04:36:52',305,3),(886,'Indicador 1',1,886,1,0,'2022-11-25 04:36:59','2022-11-25 04:36:59',306,3),(887,'Indicador 2',2,887,1,0,'2022-11-25 04:37:04','2022-11-25 04:37:04',306,3),(888,'Indicador 3',3,888,1,0,'2022-11-25 04:37:10','2022-11-25 04:37:10',306,3),(889,'Indicador 1',1,889,1,0,'2022-11-25 04:37:23','2022-11-25 04:37:23',307,3),(890,'Indicador 2',2,890,1,0,'2022-11-25 04:37:30','2022-11-25 04:37:30',307,3),(891,'Indicador 3',3,891,1,0,'2022-11-25 04:37:35','2022-11-25 04:37:35',307,3),(892,'Indicador 1',1,892,1,0,'2022-11-25 04:37:46','2022-11-25 04:37:46',308,3),(893,'Indicador 2',2,893,1,0,'2022-11-25 04:37:50','2022-11-25 04:37:50',308,3),(894,'Indicador 3',3,894,1,0,'2022-11-25 04:37:57','2022-11-25 04:37:57',308,3),(895,'Indicador 1',1,895,1,0,'2022-11-25 04:39:36','2022-11-25 04:39:36',309,3),(896,'Indicador 2',2,896,1,0,'2022-11-25 04:39:41','2022-11-25 04:39:41',309,3),(897,'Indicador 3',3,897,1,0,'2022-11-25 04:39:45','2022-11-25 04:39:45',309,3),(898,'Indicador 1',1,898,1,0,'2022-11-25 04:39:51','2022-11-25 04:39:51',310,3),(899,'Indicador 2',2,899,1,0,'2022-11-25 04:39:55','2022-11-25 04:39:55',310,3),(900,'Indicador 3',3,900,1,0,'2022-11-25 04:39:59','2022-11-25 04:39:59',310,3),(901,'Indicador 1',1,901,1,0,'2022-11-25 04:41:45','2022-11-25 04:41:45',311,3),(902,'Indicador 2',2,902,1,0,'2022-11-25 04:44:41','2022-11-25 04:44:41',311,3),(903,'Indicador 3',3,903,1,0,'2022-11-25 04:44:44','2022-11-25 04:44:44',311,3),(904,'Indicador 1',1,904,1,0,'2022-11-25 04:44:52','2022-11-25 04:44:52',312,3),(905,'Indicador 2',2,905,1,0,'2022-11-25 04:44:56','2022-11-25 04:44:56',312,3),(906,'Indicador 3',3,906,1,0,'2022-11-25 04:45:01','2022-11-25 04:45:01',312,3),(907,'Indicador 1',1,907,1,0,'2022-11-25 04:45:10','2022-11-25 04:45:10',313,3),(908,'Indicador 2',2,908,1,0,'2022-11-25 04:45:13','2022-11-25 04:45:13',313,3),(909,'Indicador 3',3,909,1,0,'2022-11-25 04:45:18','2022-11-25 04:45:18',313,3),(910,'Indicador 1',1,910,1,0,'2022-11-25 04:45:30','2022-11-25 04:45:30',314,3),(911,'Indicador 2',2,911,1,0,'2022-11-25 04:45:33','2022-11-25 04:45:33',314,3),(912,'Indicador 3',3,912,1,0,'2022-11-25 04:45:37','2022-11-25 04:45:37',314,3),(913,'Indicador 1',1,913,1,0,'2022-11-25 04:45:47','2022-11-25 04:45:47',315,3),(914,'Indicador 2',2,914,1,0,'2022-11-25 04:45:50','2022-11-25 04:45:50',315,3),(915,'Indicador 3',3,915,1,0,'2022-11-25 04:45:54','2022-11-25 04:45:54',315,3),(916,'Indicador 1',1,916,1,0,'2022-11-25 04:46:00','2022-11-25 04:46:00',316,3),(917,'Indicador 2',2,917,1,0,'2022-11-25 04:46:04','2022-11-25 04:46:04',316,3),(918,'Indicador 3',3,918,1,0,'2022-11-25 04:46:07','2022-11-25 04:46:07',316,3),(919,'Indicador 1',1,919,1,0,'2022-11-25 04:46:15','2022-11-25 04:46:15',317,3),(920,'Indicador 2',2,920,1,0,'2022-11-25 04:46:19','2022-11-25 04:46:19',317,3),(921,'Indicador 3',3,921,1,0,'2022-11-25 04:46:23','2022-11-25 04:46:23',317,3),(922,'Indicador 1',1,922,1,0,'2022-11-25 04:46:47','2022-11-25 04:46:47',318,3),(923,'Indicador 2',2,923,1,0,'2022-11-25 04:46:51','2022-11-25 04:46:51',318,3),(924,'Indicador 3',3,924,1,0,'2022-11-25 04:46:55','2022-11-25 04:46:55',318,3),(925,'Indicador 1',1,925,1,0,'2022-11-25 04:47:01','2022-11-25 04:47:01',319,3),(926,'Indicador 2',2,926,1,0,'2022-11-25 04:47:07','2022-11-25 04:47:07',319,3),(927,'Indicador 3',3,927,1,0,'2022-11-25 04:47:11','2022-11-25 04:47:11',319,3),(928,'Indicador 1',1,928,1,0,'2022-11-25 04:47:19','2022-11-25 04:47:19',320,3),(929,'Indicador 2',2,929,1,0,'2022-11-25 04:47:24','2022-11-25 04:47:24',320,3),(930,'Indicador 3',3,930,1,0,'2022-11-25 04:47:28','2022-11-25 04:47:28',320,3),(931,'Indicador 1',1,931,1,0,'2022-11-25 04:47:41','2022-11-25 04:47:41',321,3),(932,'Indicador 2',2,932,1,0,'2022-11-25 04:47:45','2022-11-25 04:47:45',321,3),(933,'Indicador 3',3,933,1,0,'2022-11-25 04:47:50','2022-11-25 04:47:50',321,3),(934,'Indicador 1',1,934,1,0,'2022-11-25 04:48:21','2022-11-25 04:48:21',322,3),(935,'Indicador 2',2,935,1,0,'2022-11-25 04:48:25','2022-11-25 04:48:25',322,3),(936,'Indicador 3',3,936,1,0,'2022-11-25 04:48:29','2022-11-25 04:48:29',322,3),(937,'Indicador 1',1,937,1,0,'2022-11-25 04:48:47','2022-11-25 04:48:47',323,3),(938,'Indicador 2',2,938,1,0,'2022-11-25 04:48:51','2022-11-25 04:48:51',323,3),(939,'Indicador 3',3,939,1,0,'2022-11-25 04:48:55','2022-11-25 04:48:55',323,3),(940,'Indicador 1',1,940,1,0,'2022-11-25 04:49:01','2022-11-25 04:49:01',324,3),(941,'Indicador 2',2,941,1,0,'2022-11-25 04:49:04','2022-11-25 04:49:04',324,3),(942,'Indicador 3',3,942,1,0,'2022-11-25 04:49:08','2022-11-25 04:49:08',324,3),(943,'Indicador 1',1,943,1,0,'2022-11-25 04:49:16','2022-11-25 04:49:16',325,3),(944,'Indicador 2',2,944,1,0,'2022-11-25 04:49:19','2022-11-25 04:49:19',325,3),(945,'Indicador 3',3,945,1,0,'2022-11-25 04:49:24','2022-11-25 04:49:24',325,3),(946,'Indicador 1',1,946,1,0,'2022-11-25 04:49:37','2022-11-25 04:49:37',326,3),(947,'Indicador 2',2,947,1,0,'2022-11-25 04:49:42','2022-11-25 04:49:42',326,3),(948,'Indicador 3',3,948,1,0,'2022-11-25 04:49:46','2022-11-25 04:49:46',326,3),(949,'Indicador 1',1,949,1,0,'2022-11-25 04:49:52','2022-11-25 04:49:52',327,3),(950,'Indicador 2',2,950,1,0,'2022-11-25 04:49:55','2022-11-25 04:49:55',327,3),(951,'Indicador 3',3,951,1,0,'2022-11-25 04:50:00','2022-11-25 04:50:00',327,3),(952,'Indicador 1',1,952,1,0,'2022-11-25 04:50:08','2022-11-25 04:50:08',328,3),(953,'Indicador 2',2,953,1,0,'2022-11-25 04:50:12','2022-11-25 04:50:12',328,3),(954,'Indicador 3',3,954,1,0,'2022-11-25 04:50:16','2022-11-25 04:50:16',328,3),(955,'Indicador 1',1,955,1,0,'2022-11-25 04:51:05','2022-11-25 04:51:05',329,3),(956,'Indicador 2',2,956,1,0,'2022-11-25 04:51:08','2022-11-25 04:51:08',329,3),(957,'Indicador 3',3,957,1,0,'2022-11-25 04:51:11','2022-11-25 04:51:11',329,3),(958,'Indicador 1',1,958,1,0,'2022-11-25 04:51:49','2022-11-25 04:51:49',330,3),(959,'Indicador 2',2,959,1,0,'2022-11-25 04:51:53','2022-11-25 04:51:53',330,3),(960,'Indicador 3',3,960,1,0,'2022-11-25 04:51:58','2022-11-25 04:51:58',330,3),(961,'Indicador 1',1,961,1,0,'2022-11-25 04:52:07','2022-11-25 04:52:07',331,3),(962,'Indicador 2',2,962,1,0,'2022-11-25 04:52:11','2022-11-25 04:52:11',331,3),(963,'Indicador 3',3,963,1,0,'2022-11-25 04:52:15','2022-11-25 04:52:15',331,3),(964,'Indicador 1',1,964,1,0,'2022-11-25 04:52:24','2022-11-25 04:52:24',332,3),(965,'Indicador 2',2,965,1,0,'2022-11-25 04:52:28','2022-11-25 04:52:28',332,3),(966,'Indicador 3',3,966,1,0,'2022-11-25 04:52:32','2022-11-25 04:52:32',332,3),(967,'Indicador 1',1,967,1,0,'2022-11-25 04:52:44','2022-11-25 04:52:44',333,3),(968,'Indicador 2',2,968,1,0,'2022-11-25 04:52:48','2022-11-25 04:52:48',333,3),(969,'Indicador 3',3,969,1,0,'2022-11-25 04:52:51','2022-11-25 04:52:51',333,3),(970,'Indicador 1',1,970,1,0,'2022-11-25 04:52:58','2022-11-25 04:52:58',335,3),(971,'Indicador 2',2,971,1,0,'2022-11-25 04:53:01','2022-11-25 04:53:01',335,3),(972,'Indicador 3',3,972,1,0,'2022-11-25 04:53:06','2022-11-25 04:53:13',335,3),(973,'Indicador 1',1,973,1,0,'2022-11-25 04:53:20','2022-11-25 04:53:20',334,3),(974,'Indicador 2',2,974,1,0,'2022-11-25 04:53:24','2022-11-25 04:53:24',334,3),(975,'Indicador 3',3,975,1,0,'2022-11-25 04:53:28','2022-11-25 04:53:28',334,3),(976,'Indicador 1',1,976,1,0,'2022-11-25 04:53:39','2022-11-25 04:53:39',336,3),(977,'Indicador 2',2,977,1,0,'2022-11-25 04:53:43','2022-11-25 04:53:43',336,3),(978,'Indicador 3',3,978,1,0,'2022-11-25 04:53:47','2022-11-25 04:53:47',336,3),(979,'Indicador 1',1,979,1,0,'2022-11-25 04:53:52','2022-11-25 04:53:52',337,3),(980,'Indicador 2',2,980,1,0,'2022-11-25 04:53:56','2022-11-25 04:53:56',337,3),(981,'Indicador 3',3,981,1,0,'2022-11-25 04:54:00','2022-11-25 04:54:00',337,3),(982,'Indicador 1',1,982,1,0,'2022-11-25 04:54:11','2022-11-25 04:54:11',338,3),(983,'Indicador 2',2,983,1,0,'2022-11-25 04:54:15','2022-11-25 04:54:15',338,3),(984,'Indicador 3',3,984,1,0,'2022-11-25 04:54:18','2022-11-25 04:54:18',338,3),(985,'Indicador 1',1,985,1,0,'2022-11-25 04:54:23','2022-11-25 04:54:23',339,3),(986,'Indicador 2',2,986,1,0,'2022-11-25 04:54:26','2022-11-25 04:54:26',339,3),(987,'Indicador 3',3,987,1,0,'2022-11-25 04:54:29','2022-11-25 04:54:29',339,3),(988,'Indicador 1',1,988,1,0,'2022-11-25 04:55:31','2022-11-25 04:55:31',340,3),(989,'Indicador 2',2,989,1,0,'2022-11-25 04:55:35','2022-11-25 04:55:35',340,3),(990,'Indicador 3',3,990,1,0,'2022-11-25 04:55:38','2022-11-25 04:55:38',340,3),(991,'Indicador 1',1,991,1,0,'2022-11-25 04:55:43','2022-11-25 04:55:43',341,3),(992,'Indicador 2',2,992,1,0,'2022-11-25 04:55:46','2022-11-25 04:55:46',341,3),(993,'Indicador 3',3,993,1,0,'2022-11-25 04:55:50','2022-11-25 04:55:50',341,3),(994,'Indicador 1',1,994,1,0,'2022-11-25 04:56:03','2022-11-25 04:56:03',342,3),(995,'Indicador 2',2,995,1,0,'2022-11-25 04:56:06','2022-11-25 04:56:06',342,3),(996,'Indicador 3',3,996,1,0,'2022-11-25 04:56:10','2022-11-25 04:56:10',342,3),(997,'Indicador 1',1,997,1,0,'2022-11-25 04:56:16','2022-11-25 04:56:16',343,3),(998,'Indicador 2',2,998,1,0,'2022-11-25 04:56:20','2022-11-25 04:56:20',343,3),(999,'Indicador 3',3,999,1,0,'2022-11-25 04:56:24','2022-11-25 04:56:24',343,3),(1000,'Indicador 1',1,1000,1,0,'2022-11-25 04:56:38','2022-11-25 04:56:38',344,3),(1001,'Indicador 2',2,1001,1,0,'2022-11-25 04:56:41','2022-11-25 04:56:41',344,3),(1002,'Indicador 3',3,1002,1,0,'2022-11-25 04:56:44','2022-11-25 04:56:44',344,3),(1003,'Indicador 1',1,1003,1,0,'2022-11-25 04:57:09','2022-11-25 04:57:09',345,3),(1004,'Indicador 2',2,1004,1,0,'2022-11-25 04:57:13','2022-11-25 04:57:13',345,3),(1005,'Indicador 3',3,1005,1,0,'2022-11-25 04:57:17','2022-11-25 04:57:17',345,3),(1006,'Indicador 1',1,1006,1,0,'2022-11-25 04:57:31','2022-11-25 04:57:31',346,3),(1007,'Indicador 2',2,1007,1,0,'2022-11-25 04:57:34','2022-11-25 04:57:34',346,3),(1008,'Indicador 3',3,1008,1,0,'2022-11-25 04:57:38','2022-11-25 04:57:38',346,3),(1009,'Indicador 1',1,1009,1,0,'2022-11-25 04:57:43','2022-11-25 04:57:43',347,3),(1010,'Indicador 2',2,1010,1,0,'2022-11-25 04:57:46','2022-11-25 04:57:46',347,3),(1011,'Indicador 3',3,1011,1,0,'2022-11-25 04:57:50','2022-11-25 04:57:50',347,3),(1012,'Indicador 1',1,1012,1,0,'2022-11-25 04:57:54','2022-11-25 04:57:54',348,3),(1013,'Indicador 2',2,1013,1,0,'2022-11-25 04:57:57','2022-11-25 04:57:57',348,3),(1014,'Indicador 3',3,1014,1,0,'2022-11-25 04:58:01','2022-11-25 04:58:01',348,3),(1015,'Indicador 1',1,1015,1,0,'2022-11-25 04:58:14','2022-11-25 04:58:14',349,3),(1016,'Indicador 2',2,1016,1,0,'2022-11-25 04:58:17','2022-11-25 04:58:17',349,3),(1017,'Indicador 3',3,1017,1,0,'2022-11-25 04:58:21','2022-11-25 04:58:21',349,3),(1018,'Indicador 1',1,1018,1,0,'2022-11-25 04:58:27','2022-11-25 04:58:27',350,3),(1019,'Indicador 2',2,1019,1,0,'2022-11-25 04:58:32','2022-11-25 04:58:32',350,3),(1020,'Indicador 3',3,1020,1,0,'2022-11-25 04:58:36','2022-11-25 04:58:36',350,3),(1021,'Indicador 1',1,1021,1,0,'2022-11-25 04:58:42','2022-11-25 04:58:42',351,3),(1022,'Indicador 2',2,1022,1,0,'2022-11-25 04:58:45','2022-11-25 04:58:45',351,3),(1023,'Indicador 3',3,1023,1,0,'2022-11-25 04:58:49','2022-11-25 04:58:49',351,3),(1024,'Indicador 1',1,1024,1,0,'2022-11-25 04:58:59','2022-11-25 04:58:59',352,3),(1025,'Indicador 2',2,1025,1,0,'2022-11-25 04:59:02','2022-11-25 04:59:02',352,3),(1026,'Indicador 3',3,1026,1,0,'2022-11-25 04:59:05','2022-11-25 04:59:05',352,3),(1027,'Indicador 1',1,1027,1,0,'2022-11-25 04:59:10','2022-11-25 04:59:10',353,3),(1028,'Indicador 2',2,1028,1,0,'2022-11-25 04:59:13','2022-11-25 04:59:13',353,3),(1029,'Indicador 3',3,1029,1,0,'2022-11-25 04:59:17','2022-11-25 04:59:17',353,3),(1030,'Indicador 1',1,1030,1,0,'2022-11-25 04:59:26','2022-11-25 04:59:26',354,3),(1031,'Indicador 2',2,1031,1,0,'2022-11-25 04:59:29','2022-11-25 04:59:29',354,3),(1032,'Indicador 3',3,1032,1,0,'2022-11-25 04:59:32','2022-11-25 04:59:32',354,3),(1033,'Indicador 1',1,1033,1,0,'2022-11-25 04:59:37','2022-11-25 04:59:37',355,3),(1034,'Indicador 2',2,1034,1,0,'2022-11-25 04:59:40','2022-11-25 04:59:40',355,3),(1035,'Indicador 3',3,1035,1,0,'2022-11-25 04:59:43','2022-11-25 04:59:43',355,3),(1036,'Indicador 1',1,1036,1,0,'2022-11-25 04:59:49','2022-11-25 04:59:49',356,3),(1037,'Indicador 2',2,1037,1,0,'2022-11-25 04:59:51','2022-11-25 04:59:51',356,3),(1038,'Indicador 3',3,1038,1,0,'2022-11-25 04:59:55','2022-11-25 04:59:55',356,3),(1039,'Indicador 1',1,1039,1,0,'2022-11-25 05:00:06','2022-11-25 05:00:06',357,3),(1040,'Indicador 2',2,1040,1,0,'2022-11-25 05:00:09','2022-11-25 05:00:09',357,3),(1041,'Indicador 3',3,1041,1,0,'2022-11-25 05:00:12','2022-11-25 05:00:12',357,3),(1042,'Indicador 1',1,1042,1,0,'2022-11-25 05:00:17','2022-11-25 05:00:17',358,3),(1043,'Indicador 2',2,1043,1,0,'2022-11-25 05:00:20','2022-11-25 05:00:20',358,3),(1044,'Indicador 3',3,1044,1,0,'2022-11-25 05:00:23','2022-11-25 05:00:23',358,3),(1045,'Indicador 1',1,1045,1,0,'2022-11-25 05:00:27','2022-11-25 05:00:27',359,3),(1046,'Indicador 2',2,1046,1,0,'2022-11-25 05:00:31','2022-11-25 05:00:31',359,3),(1047,'Indicador 3',3,1047,1,0,'2022-11-25 05:00:34','2022-11-25 05:00:34',359,3),(1048,'Indicador 1',1,1048,1,0,'2022-11-25 05:00:50','2022-11-25 05:00:50',360,3),(1049,'Indicador 2',2,1049,1,0,'2022-11-25 05:00:53','2022-11-25 05:00:53',360,3),(1050,'Indicador 3',3,1050,1,0,'2022-11-25 05:00:56','2022-11-25 05:00:56',360,3),(1051,'Indicador 1',1,1051,1,0,'2022-11-25 05:00:59','2022-11-25 05:00:59',361,3),(1052,'Indicador 2',2,1052,1,0,'2022-11-25 05:01:02','2022-11-25 05:01:02',361,3),(1053,'Indicador 3',3,1053,1,0,'2022-11-25 05:01:06','2022-11-25 05:01:06',361,3),(1054,'Indicador 1',1,1054,1,0,'2022-11-25 05:01:12','2022-11-25 05:01:12',362,3),(1055,'Indicador 2',2,1055,1,0,'2022-11-25 05:01:15','2022-11-25 05:01:15',362,3),(1056,'Indicador 3',3,1056,1,0,'2022-11-25 05:01:19','2022-11-25 05:01:19',362,3),(1057,'Indicador 1',1,1057,1,0,'2022-11-25 05:01:27','2022-11-25 05:01:27',363,3),(1058,'Indicador 2',2,1058,1,0,'2022-11-25 05:01:31','2022-11-25 05:01:31',363,3),(1059,'Indicador 3',3,1059,1,0,'2022-11-25 05:01:35','2022-11-25 05:01:35',363,3),(1060,'Indicador 1',1,1060,1,0,'2022-11-25 05:01:44','2022-11-25 05:01:44',364,3),(1061,'Indicador 2',2,1061,1,0,'2022-11-25 05:01:48','2022-11-25 05:01:48',364,3),(1062,'Indicador 3',3,1062,1,0,'2022-11-25 05:01:51','2022-11-25 05:01:51',364,3),(1063,'Indicador 1',1,1063,1,0,'2022-11-25 05:02:00','2022-11-25 05:02:00',365,3),(1064,'Indicador 2',2,1064,1,0,'2022-11-25 05:02:03','2022-11-25 05:02:03',365,3),(1065,'Indicador 3',3,1065,1,0,'2022-11-25 05:02:06','2022-11-25 05:02:06',365,3),(1066,'Indicador 1',1,1066,1,0,'2022-11-25 05:02:15','2022-11-25 05:02:15',366,3),(1067,'Indicador 2',2,1067,1,0,'2022-11-25 05:02:18','2022-11-25 05:02:18',366,3),(1068,'Indicador 3',3,1068,1,0,'2022-11-25 05:02:22','2022-11-25 05:02:22',366,3),(1069,'Indicador 1',1,1069,1,0,'2022-11-25 05:02:32','2022-11-25 05:02:32',367,3),(1070,'Indicador 2',2,1070,1,0,'2022-11-25 05:02:35','2022-11-25 05:02:35',367,3),(1071,'Indicador 3',3,1071,1,0,'2022-11-25 05:02:38','2022-11-25 05:02:38',367,3),(1072,'Indicador 1',1,1072,1,0,'2022-11-25 05:02:44','2022-11-25 05:02:44',368,3),(1073,'Indicador 2',2,1073,1,0,'2022-11-25 05:02:47','2022-11-25 05:02:47',368,3),(1074,'Indicador 3',3,1074,1,0,'2022-11-25 05:02:50','2022-11-25 05:02:50',368,3),(1075,'Indicador 1',1,1075,1,0,'2022-11-25 05:03:00','2022-11-25 05:03:00',369,3),(1076,'Indicador 2',2,1076,1,0,'2022-11-25 05:03:04','2022-11-25 05:03:04',369,3),(1077,'Indicador 3',3,1077,1,0,'2022-11-25 05:03:08','2022-11-25 05:03:08',369,3),(1078,'Indicador 1',1,1078,1,0,'2022-11-25 05:03:13','2022-11-25 05:03:13',370,3),(1079,'Indicador 2',2,1079,1,0,'2022-11-25 05:03:17','2022-11-25 05:03:17',370,3),(1080,'Indicador 3',3,1080,1,0,'2022-11-25 05:03:20','2022-11-25 05:03:20',370,3);
/*!40000 ALTER TABLE `ciclo_indicadores` ENABLE KEYS */;
UNLOCK TABLES;

--
-- Table structure for table `ciclo_niveles`
--

DROP TABLE IF EXISTS `ciclo_niveles`;
/*!40101 SET @saved_cs_client     = @@character_set_client */;
/*!50503 SET character_set_client = utf8mb4 */;
CREATE TABLE `ciclo_niveles` (
  `id` int NOT NULL AUTO_INCREMENT,
  `nivel_id` int DEFAULT NULL,
  `nombre` varchar(100) DEFAULT NULL,
  `institucion_educativa_id` int DEFAULT NULL,
  `ciclo_escolar_id` int NOT NULL,
  `turno_id` int DEFAULT NULL,
  `activo` tinyint DEFAULT NULL,
  `borrado` tinyint DEFAULT NULL,
  `created_at` timestamp NULL DEFAULT NULL,
  `updated_at` timestamp NULL DEFAULT NULL,
  PRIMARY KEY (`id`),
  KEY `fk_ciclo_niveles_ciclo_escolars1_idx` (`ciclo_escolar_id`),
  CONSTRAINT `fk_ciclo_niveles_ciclo_escolars1` FOREIGN KEY (`ciclo_escolar_id`) REFERENCES `ciclo_escolars` (`id`)
) ENGINE=InnoDB AUTO_INCREMENT=9 DEFAULT CHARSET=utf8mb4 COLLATE=utf8mb4_0900_ai_ci;
/*!40101 SET character_set_client = @saved_cs_client */;

--
-- Dumping data for table `ciclo_niveles`
--

LOCK TABLES `ciclo_niveles` WRITE;
/*!40000 ALTER TABLE `ciclo_niveles` DISABLE KEYS */;
INSERT INTO `ciclo_niveles` VALUES (1,1,'Inicial - Jardín',1,1,1,1,0,'2022-07-10 05:43:05','2022-07-10 05:43:05'),(2,2,'Primaria',1,1,1,1,0,'2022-07-10 05:43:05','2022-07-10 05:43:05'),(3,3,'Secundaria',1,1,1,1,0,'2022-07-10 05:43:05','2022-07-10 05:43:05'),(4,1,'Inicial',1,2,1,1,0,'2022-07-21 04:06:23','2022-07-21 04:06:23'),(5,2,'Primaria',1,2,1,1,0,'2022-07-21 04:06:23','2022-07-21 04:06:23'),(6,1,'Inicial',1,3,1,1,0,'2022-07-21 04:08:51','2022-09-10 18:33:27'),(7,2,'Primaria',1,3,1,1,0,'2022-07-21 04:08:51','2022-09-10 19:19:33'),(8,3,'Secundaria',1,3,1,1,0,'2022-07-21 04:08:52','2022-09-10 18:33:27');
/*!40000 ALTER TABLE `ciclo_niveles` ENABLE KEYS */;
UNLOCK TABLES;

--
-- Table structure for table `ciclo_seccion`
--

DROP TABLE IF EXISTS `ciclo_seccion`;
/*!40101 SET @saved_cs_client     = @@character_set_client */;
/*!50503 SET character_set_client = utf8mb4 */;
CREATE TABLE `ciclo_seccion` (
  `id` int NOT NULL AUTO_INCREMENT,
  `nombre` varchar(250) DEFAULT NULL,
  `sigla` varchar(10) DEFAULT NULL,
  `seccion_id` int DEFAULT NULL,
  `ciclo_grados_id` int NOT NULL,
  `turno_id` tinyint DEFAULT NULL COMMENT '0->mañana\\n1->tarde\\n2->noche',
  `activo` tinyint DEFAULT NULL,
  `borrado` tinyint DEFAULT NULL,
  `created_at` timestamp NULL DEFAULT NULL,
  `updated_at` timestamp NULL DEFAULT NULL,
  `ciclo_escolar_id` int DEFAULT NULL,
  PRIMARY KEY (`id`),
  KEY `fk_ciclo_seccion_ciclo_grados1_idx` (`ciclo_grados_id`),
  CONSTRAINT `fk_ciclo_seccion_ciclo_grados1` FOREIGN KEY (`ciclo_grados_id`) REFERENCES `ciclo_grados` (`id`)
) ENGINE=InnoDB AUTO_INCREMENT=23 DEFAULT CHARSET=utf8mb4 COLLATE=utf8mb4_0900_ai_ci;
/*!40101 SET character_set_client = @saved_cs_client */;

--
-- Dumping data for table `ciclo_seccion`
--

LOCK TABLES `ciclo_seccion` WRITE;
/*!40000 ALTER TABLE `ciclo_seccion` DISABLE KEYS */;
INSERT INTO `ciclo_seccion` VALUES (1,'Sección A','A',1,1,0,1,0,'2022-07-10 05:43:05','2022-07-10 05:43:05',1),(2,'Sección B','B',2,1,0,1,0,'2022-07-10 05:43:05','2022-07-10 05:43:05',1),(3,'A','A',3,2,0,1,0,'2022-07-10 05:43:05','2022-07-10 05:43:05',1),(4,'Sección A','A',5,3,0,1,0,'2022-07-10 05:43:05','2022-07-10 05:43:05',1),(5,'Sección A','A',1,14,0,1,0,'2022-07-21 04:06:23','2022-07-21 04:06:23',2),(6,'Sección A','A',3,15,0,1,0,'2022-07-21 04:06:23','2022-07-21 04:06:23',2),(7,'Sección A','A',5,16,0,1,0,'2022-07-21 04:06:23','2022-07-21 04:06:23',2),(8,'Sección A','A',1,17,1,1,0,'2022-07-21 04:08:51','2022-09-10 19:19:33',3),(9,'Sección A','A',3,18,1,1,0,'2022-07-21 04:08:51','2022-09-10 19:19:33',3),(10,'UNICA','UNICA',5,19,1,1,0,'2022-07-21 04:08:51','2022-12-12 03:15:20',3),(11,'Sección A','A',6,20,1,1,0,'2022-07-21 04:08:51','2022-09-10 19:19:33',3),(12,'Sección A','A',7,21,1,1,0,'2022-07-21 04:08:52','2022-09-10 19:19:33',3),(13,'Sección A','A',8,22,1,1,0,'2022-07-21 04:08:52','2022-09-10 19:19:33',3),(14,'Sección A','A',9,23,1,1,0,'2022-07-21 04:08:52','2022-09-10 19:19:33',3),(15,'Sección A','A',10,24,1,1,0,'2022-07-21 04:08:52','2022-09-10 19:19:33',3),(16,'Sección A','A',11,25,1,1,0,'2022-07-21 04:08:52','2022-09-10 19:19:33',3),(17,'Sección A','A',12,26,1,1,0,'2022-07-21 04:08:52','2022-09-10 19:19:33',3),(18,'Sección A','A',13,27,1,1,0,'2022-07-21 04:08:52','2022-09-10 19:19:33',3),(19,'Sección A','A',14,28,1,1,0,'2022-07-21 04:08:52','2022-09-10 19:19:33',3),(20,'Sección A','A',15,29,1,1,0,'2022-07-21 04:08:52','2022-09-10 19:19:33',3),(21,'Seccion B','B',16,17,1,1,0,'2022-08-01 03:31:55','2022-09-10 19:19:33',3);
/*!40000 ALTER TABLE `ciclo_seccion` ENABLE KEYS */;
UNLOCK TABLES;

--
-- Table structure for table `competencias`
--

DROP TABLE IF EXISTS `competencias`;
/*!40101 SET @saved_cs_client     = @@character_set_client */;
/*!50503 SET character_set_client = utf8mb4 */;
CREATE TABLE `competencias` (
  `id` int NOT NULL AUTO_INCREMENT,
  `nombre` varchar(1000) DEFAULT NULL,
  `orden` int DEFAULT NULL,
  `cursos_id` int NOT NULL,
  `activo` tinyint DEFAULT NULL,
  `borrado` tinyint DEFAULT NULL,
  `created_at` timestamp NULL DEFAULT NULL,
  `updated_at` timestamp NULL DEFAULT NULL,
  PRIMARY KEY (`id`),
  KEY `fk_competencias_cursos1_idx` (`cursos_id`),
  CONSTRAINT `fk_competencias_cursos1` FOREIGN KEY (`cursos_id`) REFERENCES `cursos` (`id`)
) ENGINE=InnoDB AUTO_INCREMENT=366 DEFAULT CHARSET=utf8mb4 COLLATE=utf8mb4_0900_ai_ci;
/*!40101 SET character_set_client = @saved_cs_client */;

--
-- Dumping data for table `competencias`
--

LOCK TABLES `competencias` WRITE;
/*!40000 ALTER TABLE `competencias` DISABLE KEYS */;
INSERT INTO `competencias` VALUES (1,'Competencia 1',1,2,1,0,'2022-07-08 03:46:07','2022-11-24 18:23:35'),(2,'Competencia 2',2,2,1,0,'2022-07-08 03:53:56','2022-11-24 18:23:40'),(3,'Competencia 1',1,3,1,0,'2022-07-08 03:54:21','2022-11-24 18:30:14'),(4,'comep borr',2,3,1,1,'2022-07-08 03:54:41','2022-07-08 03:54:45'),(5,'Competencia 3',3,2,1,0,'2022-07-11 03:08:19','2022-11-24 18:23:44'),(6,'Construye su identidad',1,10,1,0,'2022-07-11 03:08:42','2022-07-11 03:12:40'),(7,'asd',3213,10,1,1,'2022-07-11 03:12:33','2022-07-11 03:12:35'),(8,'Convive y participa democráticamente en la búsqueda del bien común',2,10,1,0,'2022-07-11 03:13:08','2022-07-11 03:13:08'),(9,'Construye su identidad',1,82,1,0,'2022-07-11 03:25:11','2022-07-11 03:25:11'),(10,'Convive y participa democráticamente en la búsqueda del bien común',2,82,1,0,'2022-07-11 03:25:22','2022-07-11 03:25:22'),(11,'Construye su identidad',1,94,1,0,'2022-07-11 03:25:36','2022-07-11 03:25:36'),(12,'Convive y participa democráticamente en la búsqueda del bien común',2,94,1,0,'2022-07-11 03:25:46','2022-07-11 03:25:46'),(13,'Construye su identidad',1,106,1,0,'2022-07-11 03:25:54','2022-07-11 03:25:54'),(14,'Convive y participa democráticamente en la búsqueda del bien común',2,106,1,0,'2022-07-11 03:26:04','2022-07-11 03:26:04'),(15,'Construye su identidad',1,118,1,0,'2022-07-11 03:26:14','2022-07-11 03:26:14'),(16,'Convive y participa democráticamente en la búsqueda del bien común',2,118,1,0,'2022-07-11 03:26:32','2022-07-11 03:26:32'),(17,'Construye su identidad',1,130,1,0,'2022-07-11 03:28:13','2022-07-11 03:28:13'),(18,'Convive y participa democráticamente en la búsqueda del bien común',2,130,1,0,'2022-07-11 03:28:26','2022-07-11 03:28:26'),(19,'Construye interpretaciones históricas',3,10,1,0,'2022-07-11 04:34:49','2022-07-11 04:35:38'),(20,'Gestiona responsablemente el espacio y el ambiente',4,10,1,0,'2022-07-11 04:35:14','2022-07-11 04:35:14'),(21,'Gestiona responsablemente los recursos económicos',5,10,1,0,'2022-07-11 04:36:01','2022-07-11 04:36:01'),(22,'Construye interpretaciones históricas',3,82,1,0,'2022-07-11 04:36:30','2022-07-11 04:36:30'),(23,'Gestiona responsablemente el espacio y el ambiente',4,82,1,0,'2022-07-11 04:36:37','2022-07-11 04:36:37'),(24,'Gestiona responsablemente los recursos económicos',5,82,1,0,'2022-07-11 04:36:45','2022-07-11 04:36:45'),(25,'Construye interpretaciones históricas',3,94,1,0,'2022-07-11 04:36:58','2022-07-11 04:36:58'),(26,'Gestiona responsablemente el espacio y el ambiente',4,94,1,0,'2022-07-11 04:37:04','2022-07-11 04:37:04'),(27,'Gestiona responsablemente los recursos económicos',5,94,1,0,'2022-07-11 04:37:14','2022-07-11 04:37:14'),(28,'Construye interpretaciones históricas',3,106,1,0,'2022-07-11 04:37:34','2022-07-11 04:37:34'),(29,'Gestiona responsablemente el espacio y el ambiente',4,106,1,0,'2022-07-11 04:37:42','2022-07-11 04:37:42'),(30,'Gestiona responsablemente los recursos económicos',5,106,1,0,'2022-07-11 04:37:50','2022-07-11 04:37:50'),(31,'Construye interpretaciones históricas',3,118,1,0,'2022-07-11 04:38:01','2022-07-11 04:38:01'),(32,'Gestiona responsablemente el espacio y el ambiente',4,118,1,0,'2022-07-11 04:38:07','2022-07-11 04:38:07'),(33,'Gestiona responsablemente los recursos económicos',5,118,1,0,'2022-07-11 04:38:17','2022-07-11 04:38:17'),(34,'Construye interpretaciones históricas',3,130,1,0,'2022-07-11 04:38:29','2022-07-11 04:38:29'),(35,'Gestiona responsablemente el espacio y el ambiente',4,130,1,0,'2022-07-11 04:38:38','2022-07-11 04:38:38'),(36,'Gestiona responsablemente los recursos económicos',5,130,1,0,'2022-07-11 04:38:46','2022-07-11 04:38:46'),(37,'Se desenvuelve de manera autónoma a través de su motricidad',1,73,1,0,'2022-07-11 04:46:54','2022-07-11 04:46:54'),(38,'Asume una vida saludable',2,73,1,0,'2022-07-11 04:47:06','2022-07-11 04:47:06'),(39,'Interactúa a través de sus habilidades sociomotrices',3,73,1,0,'2022-07-11 04:47:29','2022-07-11 04:47:29'),(40,'Se desenvuelve de manera autónoma a través de su motricidad',1,85,1,0,'2022-07-11 04:48:13','2022-07-11 04:48:13'),(41,'Asume una vida saludable',2,85,1,0,'2022-07-11 04:48:19','2022-07-11 04:48:19'),(42,'Interactúa a través de sus habilidades sociomotrices',3,85,1,0,'2022-07-11 04:48:26','2022-07-11 04:48:26'),(43,'Se desenvuelve de manera autónoma a través de su motricidad',1,97,1,0,'2022-07-11 04:48:40','2022-07-11 04:48:40'),(44,'Asume una vida saludable',2,97,1,0,'2022-07-11 04:48:46','2022-07-11 04:48:46'),(45,'Interactúa a través de sus habilidades sociomotrices',3,97,1,0,'2022-07-11 04:48:53','2022-07-11 04:48:53'),(46,'Se desenvuelve de manera autónoma a través de su motricidad',1,109,1,0,'2022-07-11 04:49:03','2022-07-11 04:49:03'),(47,'Asume una vida saludable',2,109,1,0,'2022-07-11 04:49:09','2022-07-11 04:49:09'),(48,'Interactúa a través de sus habilidades sociomotrices',3,109,1,0,'2022-07-11 04:49:17','2022-07-11 04:49:17'),(49,'Se desenvuelve de manera autónoma a través de su motricidad',1,121,1,0,'2022-07-11 04:49:28','2022-07-11 04:49:28'),(50,'Asume una vida saludable',2,121,1,0,'2022-07-11 04:49:33','2022-07-11 04:49:33'),(51,'Interactúa a través de sus habilidades sociomotrices',3,121,1,0,'2022-07-11 04:49:44','2022-07-11 04:49:44'),(52,'Se desenvuelve de manera autónoma a través de su motricidad',1,133,1,0,'2022-07-11 04:49:55','2022-07-11 04:49:55'),(53,'Asume una vida saludable',2,133,1,0,'2022-07-11 04:50:02','2022-07-11 04:50:02'),(54,'Interactúa a través de sus habilidades sociomotrices',3,133,1,0,'2022-07-11 04:50:09','2022-07-11 04:50:09'),(55,'Se comunica oralmente en su lengua materna',1,74,1,0,'2022-07-11 04:50:52','2022-07-11 04:50:52'),(56,'Lee diversos tipos de textos escritos en su lengua materna',2,74,1,0,'2022-07-11 04:51:19','2022-07-11 04:51:19'),(57,'Escribe diversos tipos de textos en su lengua materna',3,74,1,0,'2022-07-11 04:51:43','2022-07-11 04:51:43'),(58,'Se comunica oralmente en su lengua materna',1,86,1,0,'2022-07-11 04:52:16','2022-07-11 04:52:16'),(59,'Lee diversos tipos de textos escritos en su lengua materna',2,86,1,0,'2022-07-11 04:52:23','2022-07-11 04:52:23'),(60,'Escribe diversos tipos de textos en su lengua materna',3,86,1,0,'2022-07-11 04:52:32','2022-07-11 04:52:32'),(61,'Se comunica oralmente en su lengua materna',1,98,1,0,'2022-07-11 04:52:46','2022-07-11 04:52:46'),(62,'Lee diversos tipos de textos escritos en su lengua materna',2,98,1,0,'2022-07-11 04:52:53','2022-07-11 04:52:53'),(63,'Escribe diversos tipos de textos en su lengua materna',3,98,1,0,'2022-07-11 04:53:01','2022-07-11 04:53:01'),(64,'Se comunica oralmente en su lengua materna',1,110,1,0,'2022-07-11 04:53:12','2022-07-11 04:53:12'),(65,'Lee diversos tipos de textos escritos en su lengua materna',2,110,1,0,'2022-07-11 04:53:19','2022-07-11 04:53:19'),(66,'Escribe diversos tipos de textos en su lengua materna',3,110,1,0,'2022-07-11 04:53:29','2022-07-11 04:53:29'),(67,'Se comunica oralmente en su lengua materna',1,122,1,0,'2022-07-11 04:53:38','2022-07-11 04:53:38'),(68,'Lee diversos tipos de textos escritos en su lengua materna',2,122,1,0,'2022-07-11 04:53:46','2022-07-11 04:53:46'),(69,'Escribe diversos tipos de textos en su lengua materna',3,122,1,0,'2022-07-11 04:53:52','2022-07-11 04:53:52'),(70,'Se comunica oralmente en su lengua materna',1,134,1,0,'2022-07-11 04:54:03','2022-07-11 04:54:03'),(71,'Lee diversos tipos de textos escritos en su lengua materna',2,134,1,0,'2022-07-11 04:54:09','2022-07-11 04:54:09'),(72,'Escribe diversos tipos de textos en su lengua materna',3,134,1,0,'2022-07-11 04:54:15','2022-07-11 04:54:15'),(73,'Aprecia de manera crítica manifestaciones artístico-culturales',1,75,1,0,'2022-07-11 04:55:03','2022-07-11 04:55:03'),(74,'Crea proyectos desde los lenguajes artísticos',2,75,1,0,'2022-07-11 04:55:21','2022-07-11 04:55:21'),(75,'Se comunica oralmente en castellano como segunda lengua',1,76,1,0,'2022-07-11 04:56:11','2022-07-11 04:56:11'),(76,'Lee diversos tipos de textos escritos en castellano como segunda lengua',2,76,1,0,'2022-07-11 04:56:33','2022-07-11 04:56:33'),(77,'Escribe diversos tipos de textos en castellano como segunda lengua',3,76,1,0,'2022-07-11 04:57:25','2022-07-11 04:57:25'),(78,'Se comunica oralmente en inglés como lengua extranjera',1,77,1,0,'2022-07-11 04:57:50','2022-07-11 04:57:50'),(79,'Lee diversos tipos de textos escritos en inglés como lengua extranjera',2,77,1,0,'2022-07-11 04:58:09','2022-07-11 04:58:09'),(80,'Escribe diversos tipos de textos en inglés como lengua extranjera',3,77,1,0,'2022-07-11 04:58:43','2022-07-11 04:58:43'),(81,'Resuelve problemas de cantidad',1,78,1,0,'2022-07-11 04:59:08','2022-07-11 04:59:08'),(82,'Resuelve problemas de regularidad, equivalencia y cambio',2,78,1,0,'2022-07-11 04:59:24','2022-07-11 04:59:24'),(83,'Resuelve problemas de forma, movimiento y localización',3,78,1,0,'2022-07-11 04:59:45','2022-07-11 04:59:45'),(84,'Resuelve problemas de gestión de datos e incertidumbre',4,78,1,0,'2022-07-11 05:00:09','2022-07-11 05:00:09'),(85,'Indaga mediante métodos científicos para construir sus conocimientos',1,79,1,0,'2022-07-11 05:00:41','2022-07-11 05:00:41'),(86,'Explica el mundo físico basándose en conocimientos sobre los seres vivos, materia y energía, biodiversidad, Tierra y universo',2,79,1,0,'2022-07-11 05:01:18','2022-07-11 05:01:42'),(87,'Diseña y construye soluciones tecnológicas para resolver problemas de su entorno',3,79,1,0,'2022-07-11 05:02:09','2022-07-11 05:02:09'),(88,'Construye su identidad como persona humana, amada por Dios, digna, libre y trascendente, comprendiendo la doctrina de su propia religión, abierto al diálogo con las que le son cercanas.',1,80,1,0,'2022-07-11 05:03:11','2022-07-11 05:03:11'),(89,'Asume la experiencia del encuentro personal y comunitario con Dios en su proyecto de vida en coherencia con su creencia religiosa',2,80,1,0,'2022-07-11 05:04:06','2022-07-11 05:04:06'),(90,'Se desenvuelve en entornos virtuales generados por las TIC',1,81,1,0,'2022-07-11 05:05:00','2022-07-11 05:05:00'),(91,'Gestiona su aprendizaje de manera autónoma',2,81,1,0,'2022-07-11 05:05:19','2022-07-11 05:05:19'),(92,'Aprecia de manera crítica manifestaciones artístico-culturales',1,87,1,0,'2022-07-11 05:06:02','2022-07-11 05:06:02'),(93,'Crea proyectos desde los lenguajes artísticos',2,87,1,0,'2022-07-11 05:06:09','2022-07-11 05:06:09'),(94,'Se comunica oralmente en castellano como segunda lengua',1,88,1,0,'2022-07-11 05:06:21','2022-07-11 05:06:21'),(95,'Lee diversos tipos de textos escritos en castellano como segunda lengua',2,88,1,0,'2022-07-11 05:06:30','2022-07-11 05:06:30'),(96,'Escribe diversos tipos de textos en castellano como segunda lengua',3,88,1,0,'2022-07-11 05:06:37','2022-07-11 05:06:37'),(97,'Se comunica oralmente en inglés como lengua extranjera',1,89,1,0,'2022-07-11 05:06:57','2022-07-11 05:06:57'),(98,'Lee diversos tipos de textos escritos en inglés como lengua extranjera',2,89,1,0,'2022-07-11 05:07:05','2022-07-11 05:07:05'),(99,'Escribe diversos tipos de textos en inglés como lengua extranjera',3,89,1,0,'2022-07-11 05:07:11','2022-07-11 05:07:11'),(100,'Resuelve problemas de cantidad',1,90,1,0,'2022-07-11 05:07:22','2022-07-11 05:07:22'),(101,'Resuelve problemas de regularidad, equivalencia y cambio',2,90,1,0,'2022-07-11 05:07:28','2022-07-11 05:07:28'),(102,'Resuelve problemas de forma, movimiento y localización',3,90,1,0,'2022-07-11 05:07:35','2022-07-11 05:07:35'),(103,'Resuelve problemas de gestión de datos e incertidumbre',4,90,1,0,'2022-07-11 05:07:41','2022-07-11 05:07:41'),(104,'Indaga mediante métodos científicos para construir sus conocimientos',1,91,1,0,'2022-07-11 05:07:55','2022-07-11 05:07:55'),(105,'Explica el mundo físico basándose en conocimientos sobre los seres vivos, materia y energía, biodiversidad, Tierra y universo',2,91,1,0,'2022-07-11 05:08:04','2022-07-11 05:08:04'),(106,'Diseña y construye soluciones tecnológicas para resolver problemas de su entorno',3,91,1,0,'2022-07-11 05:08:11','2022-07-11 05:08:11'),(107,'Construye su identidad como persona humana, amada por Dios, digna, libre y trascendente, comprendiendo la doctrina de su propia religión, abierto al diálogo con las que le son cercanas.',1,92,1,0,'2022-07-11 05:08:22','2022-07-11 05:08:22'),(108,'Asume la experiencia del encuentro personal y comunitario con Dios en su proyecto de vida en coherencia con su creencia religiosa',2,92,1,0,'2022-07-11 05:08:31','2022-07-11 05:08:31'),(109,'Se desenvuelve en entornos virtuales generados por las TIC',1,93,1,0,'2022-07-11 05:08:42','2022-07-11 05:08:42'),(110,'Gestiona su aprendizaje de manera autónoma',2,93,1,0,'2022-07-11 05:08:50','2022-07-11 05:08:50'),(111,'Aprecia de manera crítica manifestaciones artístico-culturales',1,99,1,0,'2022-07-11 05:09:13','2022-07-11 05:09:13'),(112,'Crea proyectos desde los lenguajes artísticos',2,99,1,0,'2022-07-11 05:09:21','2022-07-11 05:09:21'),(113,'Se comunica oralmente en castellano como segunda lengua',1,100,1,0,'2022-07-11 05:09:33','2022-07-11 05:09:33'),(114,'Lee diversos tipos de textos escritos en castellano como segunda lengua',2,100,1,0,'2022-07-11 05:09:39','2022-07-11 05:09:39'),(115,'Escribe diversos tipos de textos en castellano como segunda lengua',3,100,1,0,'2022-07-11 05:09:45','2022-07-11 05:09:45'),(116,'Se comunica oralmente en inglés como lengua extranjera',1,101,1,0,'2022-07-11 05:10:03','2022-07-11 05:10:03'),(117,'Lee diversos tipos de textos escritos en inglés como lengua extranjera',2,101,1,0,'2022-07-11 05:10:12','2022-07-11 05:10:12'),(118,'Escribe diversos tipos de textos en inglés como lengua extranjera',3,101,1,0,'2022-07-11 05:10:19','2022-07-11 05:10:19'),(119,'Resuelve problemas de cantidad',1,102,1,0,'2022-07-11 05:10:32','2022-07-11 05:10:32'),(120,'Resuelve problemas de regularidad, equivalencia y cambio',2,102,1,0,'2022-07-11 05:10:40','2022-07-11 05:10:40'),(121,'Resuelve problemas de forma, movimiento y localización',3,102,1,0,'2022-07-11 05:10:47','2022-07-11 05:10:47'),(122,'Resuelve problemas de gestión de datos e incertidumbre',4,102,1,0,'2022-07-11 05:10:53','2022-07-11 05:10:53'),(123,'Indaga mediante métodos científicos para construir sus conocimientos',1,103,1,0,'2022-07-11 05:11:05','2022-07-11 05:11:05'),(124,'Explica el mundo físico basándose en conocimientos sobre los seres vivos, materia y energía, biodiversidad, Tierra y universo',2,103,1,0,'2022-07-11 05:11:12','2022-07-11 05:11:12'),(125,'Diseña y construye soluciones tecnológicas para resolver problemas de su entorno',3,103,1,0,'2022-07-11 05:11:19','2022-07-11 05:11:19'),(126,'Construye su identidad como persona humana, amada por Dios, digna, libre y trascendente, comprendiendo la doctrina de su propia religión, abierto al diálogo con las que le son cercanas.',1,104,1,0,'2022-07-11 05:11:32','2022-07-11 05:11:32'),(127,'Asume la experiencia del encuentro personal y comunitario con Dios en su proyecto de vida en coherencia con su creencia religiosa',2,104,1,0,'2022-07-11 05:11:40','2022-07-11 05:11:40'),(128,'Se desenvuelve en entornos virtuales generados por las TIC',1,105,1,0,'2022-07-11 05:11:49','2022-07-11 05:11:49'),(129,'Gestiona su aprendizaje de manera autónoma',2,105,1,0,'2022-07-11 05:11:56','2022-07-11 05:11:56'),(130,'Aprecia de manera crítica manifestaciones artístico-culturales',1,111,1,0,'2022-07-11 05:12:29','2022-07-11 05:12:29'),(131,'Crea proyectos desde los lenguajes artísticos',2,111,1,0,'2022-07-11 05:12:36','2022-07-11 05:12:36'),(132,'Se comunica oralmente en castellano como segunda lengua',1,112,1,0,'2022-07-11 05:12:50','2022-07-11 05:12:50'),(133,'Lee diversos tipos de textos escritos en castellano como segunda lengua',2,112,1,0,'2022-07-11 05:12:56','2022-07-11 05:12:56'),(134,'Escribe diversos tipos de textos en castellano como segunda lengua',3,112,1,0,'2022-07-11 05:13:03','2022-07-11 05:13:03'),(135,'Se comunica oralmente en inglés como lengua extranjera',1,113,1,0,'2022-07-11 05:13:20','2022-07-11 05:13:20'),(136,'Lee diversos tipos de textos escritos en inglés como lengua extranjera',2,113,1,0,'2022-07-11 05:13:27','2022-07-11 05:13:27'),(137,'Escribe diversos tipos de textos en inglés como lengua extranjera',3,113,1,0,'2022-07-11 05:13:32','2022-07-11 05:13:32'),(138,'Resuelve problemas de cantidad',1,114,1,0,'2022-07-11 05:13:45','2022-07-11 05:13:45'),(139,'Resuelve problemas de regularidad, equivalencia y cambio',2,114,1,0,'2022-07-11 05:13:53','2022-07-11 05:13:53'),(140,'Resuelve problemas de forma, movimiento y localización',3,114,1,0,'2022-07-11 05:13:58','2022-07-11 05:13:58'),(141,'Resuelve problemas de gestión de datos e incertidumbre',4,114,1,0,'2022-07-11 05:14:04','2022-07-11 05:14:04'),(142,'Indaga mediante métodos científicos para construir sus conocimientos',1,115,1,0,'2022-07-11 05:14:17','2022-07-11 05:14:17'),(143,'Explica el mundo físico basándose en conocimientos sobre los seres vivos, materia y energía, biodiversidad, Tierra y universo',2,115,1,0,'2022-07-11 05:14:23','2022-07-11 05:14:23'),(144,'Diseña y construye soluciones tecnológicas para resolver problemas de su entorno',3,115,1,0,'2022-07-11 05:14:30','2022-07-11 05:14:30'),(145,'Construye su identidad como persona humana, amada por Dios, digna, libre y trascendente, comprendiendo la doctrina de su propia religión, abierto al diálogo con las que le son cercanas.',1,116,1,0,'2022-07-11 05:14:39','2022-07-11 05:14:39'),(146,'Asume la experiencia del encuentro personal y comunitario con Dios en su proyecto de vida en coherencia con su creencia religiosa',2,116,1,0,'2022-07-11 05:14:46','2022-07-11 05:14:46'),(147,'Se desenvuelve en entornos virtuales generados por las TIC',1,117,1,0,'2022-07-11 05:14:54','2022-07-11 05:14:54'),(148,'Gestiona su aprendizaje de manera autónoma',2,117,1,0,'2022-07-11 05:15:01','2022-07-11 05:15:01'),(149,'Aprecia de manera crítica manifestaciones artístico-culturales',1,123,1,0,'2022-07-11 05:15:16','2022-07-11 05:15:16'),(150,'Crea proyectos desde los lenguajes artísticos',2,123,1,0,'2022-07-11 05:15:24','2022-07-11 05:15:24'),(151,'Se comunica oralmente en castellano como segunda lengua',1,124,1,0,'2022-07-11 05:15:34','2022-07-11 05:15:34'),(152,'Lee diversos tipos de textos escritos en castellano como segunda lengua',2,124,1,0,'2022-07-11 05:15:40','2022-07-11 05:15:40'),(153,'Escribe diversos tipos de textos en castellano como segunda lengua',3,124,1,0,'2022-07-11 05:15:45','2022-07-11 05:15:45'),(154,'Se comunica oralmente en inglés como lengua extranjera',1,125,1,0,'2022-07-11 05:15:56','2022-07-11 05:15:56'),(155,'Lee diversos tipos de textos escritos en inglés como lengua extranjera',2,125,1,0,'2022-07-11 05:16:02','2022-07-11 05:16:02'),(156,'Escribe diversos tipos de textos en inglés como lengua extranjera',3,125,1,0,'2022-07-11 05:16:07','2022-07-11 05:16:07'),(157,'Resuelve problemas de cantidad',1,126,1,0,'2022-07-11 05:16:18','2022-07-11 05:16:18'),(158,'Resuelve problemas de regularidad, equivalencia y cambio',2,126,1,0,'2022-07-11 05:16:24','2022-07-11 05:16:24'),(159,'Resuelve problemas de forma, movimiento y localización',3,126,1,0,'2022-07-11 05:16:30','2022-07-11 05:16:30'),(160,'Resuelve problemas de gestión de datos e incertidumbre',4,126,1,0,'2022-07-11 05:16:36','2022-07-11 05:16:36'),(161,'Indaga mediante métodos científicos para construir sus conocimientos',1,127,1,0,'2022-07-11 05:16:49','2022-07-11 05:16:49'),(162,'Explica el mundo físico basándose en conocimientos sobre los seres vivos, materia y energía, biodiversidad, Tierra y universo',2,127,1,0,'2022-07-11 05:16:55','2022-07-11 05:16:55'),(163,'Diseña y construye soluciones tecnológicas para resolver problemas de su entorno',3,127,1,0,'2022-07-11 05:17:02','2022-07-11 05:17:02'),(164,'Construye su identidad como persona humana, amada por Dios, digna, libre y trascendente, comprendiendo la doctrina de su propia religión, abierto al diálogo con las que le son cercanas.',1,128,1,0,'2022-07-11 05:17:13','2022-07-11 05:17:13'),(165,'Asume la experiencia del encuentro personal y comunitario con Dios en su proyecto de vida en coherencia con su creencia religiosa',2,128,1,0,'2022-07-11 05:17:21','2022-07-11 05:17:21'),(166,'Se desenvuelve en entornos virtuales generados por las TIC',1,129,1,0,'2022-07-11 05:17:30','2022-07-11 05:17:30'),(167,'Gestiona su aprendizaje de manera autónoma',2,129,1,0,'2022-07-11 05:17:37','2022-07-11 05:17:37'),(168,'Aprecia de manera crítica manifestaciones artístico-culturales',1,135,1,0,'2022-07-11 05:18:16','2022-07-11 05:18:16'),(169,'Crea proyectos desde los lenguajes artísticos',2,135,1,0,'2022-07-11 05:18:22','2022-07-11 05:18:22'),(170,'Se comunica oralmente en castellano como segunda lengua',1,136,1,0,'2022-07-11 05:18:31','2022-07-11 05:18:31'),(171,'Lee diversos tipos de textos escritos en castellano como segunda lengua',2,136,1,0,'2022-07-11 05:18:37','2022-07-11 05:18:37'),(172,'Escribe diversos tipos de textos en castellano como segunda lengua',3,136,1,0,'2022-07-11 05:18:44','2022-07-11 05:18:44'),(173,'Se comunica oralmente en inglés como lengua extranjera',1,137,1,0,'2022-07-11 05:18:57','2022-07-11 05:18:57'),(174,'Lee diversos tipos de textos escritos en inglés como lengua extranjera',2,137,1,0,'2022-07-11 05:19:03','2022-07-11 05:19:03'),(175,'Escribe diversos tipos de textos en inglés como lengua extranjera',3,137,1,0,'2022-07-11 05:19:10','2022-07-11 05:19:10'),(176,'Resuelve problemas de cantidad',1,138,1,0,'2022-07-11 05:19:22','2022-07-11 05:19:22'),(177,'Resuelve problemas de regularidad, equivalencia y cambio',2,138,1,0,'2022-07-11 05:19:29','2022-07-11 05:19:29'),(178,'Resuelve problemas de forma, movimiento y localización',3,138,1,0,'2022-07-11 05:19:34','2022-07-11 05:19:34'),(179,'Resuelve problemas de gestión de datos e incertidumbre',4,138,1,0,'2022-07-11 05:19:40','2022-07-11 05:19:40'),(180,'Indaga mediante métodos científicos para construir sus conocimientos',1,139,1,0,'2022-07-11 05:19:51','2022-07-11 05:19:51'),(181,'Explica el mundo físico basándose en conocimientos sobre los seres vivos, materia y energía, biodiversidad, Tierra y universo',2,139,1,0,'2022-07-11 05:19:56','2022-07-11 05:19:56'),(182,'Diseña y construye soluciones tecnológicas para resolver problemas de su entorno',3,139,1,0,'2022-07-11 05:20:03','2022-07-11 05:20:03'),(183,'Construye su identidad como persona humana, amada por Dios, digna, libre y trascendente, comprendiendo la doctrina de su propia religión, abierto al diálogo con las que le son cercanas.',1,140,1,0,'2022-07-11 05:20:17','2022-07-11 05:20:17'),(184,'Asume la experiencia del encuentro personal y comunitario con Dios en su proyecto de vida en coherencia con su creencia religiosa',2,140,1,0,'2022-07-11 05:20:24','2022-07-11 05:20:24'),(185,'Se desenvuelve en entornos virtuales generados por las TIC',1,141,1,0,'2022-07-11 05:20:33','2022-07-11 05:20:33'),(186,'Gestiona su aprendizaje de manera autónoma',2,141,1,0,'2022-07-11 05:20:41','2022-07-11 05:20:41'),(187,'Construye su identidad',1,13,1,0,'2022-07-11 05:22:12','2022-07-11 05:22:12'),(188,'Convive y participa democráticamente en la búsqueda del bien común',1,13,1,0,'2022-07-11 05:22:35','2022-07-11 05:22:35'),(189,'Construye interpretaciones históricas',1,14,1,0,'2022-07-11 05:22:59','2022-07-11 05:22:59'),(190,'Gestiona responsablemente el espacio y el ambiente',2,14,1,0,'2022-07-11 05:23:14','2022-07-11 05:23:14'),(191,'Gestiona responsablemente los recurso económicos',3,14,1,0,'2022-07-11 05:23:31','2022-07-11 05:23:31'),(192,'Gestiona proyectos de emprendimiento económico o social',1,15,1,0,'2022-07-11 05:23:58','2022-07-11 05:23:58'),(193,'Se desenvuelve de manera autónoma a través de su motricidad',1,16,1,0,'2022-07-11 05:24:28','2022-07-11 05:24:28'),(194,'Asume una vida saludable',2,16,1,0,'2022-07-11 05:24:42','2022-07-11 05:24:42'),(195,'Interactúa a través de sus habilidades sociomotrices',3,16,1,0,'2022-07-11 05:24:59','2022-07-11 05:24:59'),(196,'Se comunica oralmente en su lengua materna',1,17,1,0,'2022-07-11 05:25:33','2022-07-11 05:25:33'),(197,'Lee diversos tipos de textos escritos en su lengua materna',2,17,1,0,'2022-07-11 05:25:56','2022-07-11 05:25:56'),(198,'Escribe diversos tipos de textos en su lengua materna',3,17,1,0,'2022-07-11 05:26:15','2022-07-11 05:26:15'),(199,'Aprecia de manera crítica manifestaciones artístico-culturales',1,18,1,0,'2022-07-11 05:26:45','2022-07-11 05:26:45'),(200,'Crea proyectos desde los lenguajes artísticos',2,18,1,0,'2022-07-11 05:27:00','2022-07-11 05:27:00'),(201,'Se comunica oralmente en castellano como segunda lengua',1,19,1,0,'2022-07-11 05:27:22','2022-07-11 05:27:22'),(202,'Lee diversos tipos de textos escritos en castellano como segunda lengua',2,19,1,0,'2022-07-11 05:27:42','2022-07-11 05:27:42'),(203,'Escribe diversos tipos de textos en castellano como segunda lengua',3,19,1,0,'2022-07-11 05:28:11','2022-07-11 05:28:11'),(204,'Se comunica oralmente en inglés como lengua extranjera',1,20,1,0,'2022-07-11 05:28:39','2022-07-11 05:28:39'),(205,'Lee diversos tipos de textos escritos en inglés como lengua extranjera',2,20,1,0,'2022-07-11 05:29:05','2022-07-11 05:29:05'),(206,'Escribe diversos tipos de textos en inglés como lengua extranjera',3,20,1,0,'2022-07-11 05:29:29','2022-07-11 05:29:29'),(207,'Resuelve problemas de cantidad',1,21,1,0,'2022-07-11 05:29:45','2022-07-11 05:29:45'),(208,'Resuelve problemas de regularidad, equivalencia y cambio',2,21,1,0,'2022-07-11 05:30:09','2022-07-11 05:30:09'),(209,'Resuelve problemas de forma, movimiento y localización',3,21,1,0,'2022-07-11 05:30:24','2022-07-11 05:30:24'),(210,'Resuelve problemas de gestión de datos e incertidumbre',4,21,1,0,'2022-07-11 05:30:41','2022-07-11 05:30:41'),(211,'Indaga mediante métodos científicos para construir sus conocimientos',1,22,1,0,'2022-07-11 05:31:14','2022-07-11 05:31:14'),(212,'Explica el mundo físico basándose en conocimientos sobre los seres vivos, materia y energía, biodiversidad, Tierra y universo',2,22,1,0,'2022-07-11 05:31:50','2022-07-11 05:31:50'),(213,'Diseña y construye soluciones tecnológicas para resolver problemas de su entorno',3,22,1,0,'2022-07-11 05:32:13','2022-07-11 05:32:13'),(214,'Construye su identidad como persona humana, amada por Dios, digna, libre y trascendente comprendiendo la doctrina de su propia religión, abierto al diálogo con las que le son cercanas',1,23,1,0,'2022-07-11 05:33:28','2022-07-11 05:33:28'),(215,'Asume la experiencia del encuentro personal y comunitario con Dios en su proyecto de vida en coherencia con su creencia religiosa',2,23,1,0,'2022-07-11 05:34:01','2022-07-11 05:34:01'),(216,'Se desenvuelve en entornos virtuales generados por las TIC',1,24,1,0,'2022-07-11 05:34:27','2022-07-11 05:34:27'),(217,'Gestiona su aprendizaje de manera autónoma',2,24,1,0,'2022-07-11 05:34:44','2022-07-11 05:34:44'),(218,'Construye su identidad',1,25,1,0,'2022-07-11 14:24:38','2022-07-11 14:24:38'),(219,'Convive y participa democráticamente en la búsqueda del bien común',2,25,1,0,'2022-07-11 14:24:45','2022-07-11 14:24:45'),(220,'Construye interpretaciones históricas',1,26,1,0,'2022-07-11 14:24:58','2022-07-11 14:24:58'),(221,'Gestiona responsablemente el espacio y el ambiente',2,26,1,0,'2022-07-11 14:25:05','2022-07-11 14:25:05'),(222,'Gestiona responsablemente los recurso económicos',3,26,1,0,'2022-07-11 14:25:11','2022-07-11 14:25:11'),(223,'Gestiona proyectos de emprendimiento económico o social',1,27,1,0,'2022-07-11 14:25:25','2022-07-11 14:25:25'),(224,'Se desenvuelve de manera autónoma a través de su motricidad',1,28,1,0,'2022-07-11 14:25:38','2022-07-11 14:25:38'),(225,'Asume una vida saludable',2,28,1,0,'2022-07-11 14:25:44','2022-07-11 14:25:44'),(226,'Interactúa a través de sus habilidades sociomotrices',3,28,1,0,'2022-07-11 14:25:51','2022-07-11 14:25:51'),(227,'Se comunica oralmente en su lengua materna',1,29,1,0,'2022-07-11 14:26:04','2022-07-11 14:26:04'),(228,'Lee diversos tipos de textos escritos en su lengua materna',2,29,1,0,'2022-07-11 14:26:12','2022-07-11 14:26:12'),(229,'Escribe diversos tipos de textos en su lengua materna',3,29,1,0,'2022-07-11 14:26:18','2022-07-11 14:26:18'),(230,'Aprecia de manera crítica manifestaciones artístico-culturales',1,30,1,0,'2022-07-11 14:26:30','2022-07-11 14:26:30'),(231,'Crea proyectos desde los lenguajes artísticos',2,30,1,0,'2022-07-11 14:28:45','2022-07-11 14:28:45'),(232,'Se comunica oralmente en castellano como segunda lengua',1,31,1,0,'2022-07-11 14:29:01','2022-07-11 14:29:01'),(233,'Lee diversos tipos de textos escritos en castellano como segunda lengua',2,31,1,0,'2022-07-11 14:29:07','2022-07-11 14:29:07'),(234,'Escribe diversos tipos de textos en castellano como segunda lengua',3,31,1,0,'2022-07-11 14:29:14','2022-07-11 14:29:14'),(235,'Se comunica oralmente en inglés como lengua extranjera',1,32,1,0,'2022-07-11 14:29:29','2022-07-11 14:29:29'),(236,'Lee diversos tipos de textos escritos en inglés como lengua extranjera',2,32,1,0,'2022-07-11 14:29:35','2022-07-11 14:29:35'),(237,'Escribe diversos tipos de textos en inglés como lengua extranjera',3,32,1,0,'2022-07-11 14:29:42','2022-07-11 14:29:42'),(238,'Resuelve problemas de cantidad',1,33,1,0,'2022-07-11 14:29:54','2022-07-11 14:29:54'),(239,'Resuelve problemas de regularidad, equivalencia y cambio',2,33,1,0,'2022-07-11 14:30:00','2022-07-11 14:30:00'),(240,'Resuelve problemas de forma, movimiento y localización',3,33,1,0,'2022-07-11 14:30:06','2022-07-11 14:30:06'),(241,'Resuelve problemas de gestión de datos e incertidumbre',4,33,1,0,'2022-07-11 14:30:13','2022-07-11 14:30:13'),(242,'Indaga mediante métodos científicos para construir sus conocimientos',1,34,1,0,'2022-07-11 14:30:25','2022-07-11 14:30:25'),(243,'Explica el mundo físico basándose en conocimientos sobre los seres vivos, materia y energía, biodiversidad, Tierra y universo',2,34,1,0,'2022-07-11 14:30:32','2022-07-11 14:30:32'),(244,'Diseña y construye soluciones tecnológicas para resolver problemas de su entorno',3,34,1,0,'2022-07-11 14:30:38','2022-07-11 14:30:38'),(245,'Construye su identidad como persona humana, amada por Dios, digna, libre y trascendente comprendiendo la doctrina de su propia religión, abierto al diálogo con las que le son cercanas',1,35,1,0,'2022-07-11 14:30:49','2022-07-11 14:30:49'),(246,'Asume la experiencia del encuentro personal y comunitario con Dios en su proyecto de vida en coherencia con su creencia religiosa',2,35,1,0,'2022-07-11 14:30:56','2022-07-11 14:30:56'),(247,'Se desenvuelve en entornos virtuales generados por las TIC',1,36,1,0,'2022-07-11 14:31:05','2022-07-11 14:31:05'),(248,'Gestiona su aprendizaje de manera autónoma',2,36,1,0,'2022-07-11 14:31:11','2022-07-11 14:31:11'),(249,'Construye su identidad',1,37,1,0,'2022-07-11 14:32:41','2022-07-11 14:32:41'),(250,'Convive y participa democráticamente en la búsqueda del bien común',2,37,1,0,'2022-07-11 14:32:49','2022-07-11 14:32:49'),(251,'Construye interpretaciones históricas',1,38,1,0,'2022-07-11 14:33:00','2022-07-11 14:33:00'),(252,'Gestiona responsablemente el espacio y el ambiente',2,38,1,0,'2022-07-11 14:33:06','2022-07-11 14:33:06'),(253,'Gestiona responsablemente los recurso económicos',3,38,1,0,'2022-07-11 14:33:14','2022-07-11 14:33:14'),(254,'Gestiona proyectos de emprendimiento económico o social',1,39,1,0,'2022-07-11 14:33:30','2022-07-11 14:33:30'),(255,'Se desenvuelve de manera autónoma a través de su motricidad',1,40,1,0,'2022-07-11 14:33:45','2022-07-11 14:33:45'),(256,'Asume una vida saludable',2,40,1,0,'2022-07-11 14:33:50','2022-07-11 14:33:50'),(257,'Interactúa a través de sus habilidades sociomotrices',3,40,1,0,'2022-07-11 14:33:56','2022-07-11 14:33:56'),(258,'Se comunica oralmente en su lengua materna',1,41,1,0,'2022-07-11 14:34:09','2022-07-11 14:34:09'),(259,'Lee diversos tipos de textos escritos en su lengua materna',2,41,1,0,'2022-07-11 14:34:15','2022-07-11 14:34:15'),(260,'Escribe diversos tipos de textos en su lengua materna',3,41,1,0,'2022-07-11 14:34:23','2022-07-11 14:34:23'),(261,'Aprecia de manera crítica manifestaciones artístico-culturales',1,42,1,0,'2022-07-11 14:34:34','2022-07-11 14:34:34'),(262,'Crea proyectos desde los lenguajes artísticos',2,42,1,0,'2022-07-11 14:34:40','2022-07-11 14:34:40'),(263,'Se comunica oralmente en castellano como segunda lengua',1,43,1,0,'2022-07-11 14:34:52','2022-07-11 14:34:52'),(264,'Lee diversos tipos de textos escritos en castellano como segunda lengua',2,43,1,0,'2022-07-11 14:34:58','2022-07-11 14:34:58'),(265,'Escribe diversos tipos de textos en castellano como segunda lengua',3,43,1,0,'2022-07-11 14:35:05','2022-07-11 14:35:05'),(266,'Se comunica oralmente en inglés como lengua extranjera',1,44,1,0,'2022-07-11 14:35:14','2022-07-11 14:35:14'),(267,'Lee diversos tipos de textos escritos en inglés como lengua extranjera',2,44,1,0,'2022-07-11 14:35:20','2022-07-11 14:35:20'),(268,'Escribe diversos tipos de textos en inglés como lengua extranjera',3,44,1,0,'2022-07-11 14:35:28','2022-07-11 14:35:28'),(269,'Resuelve problemas de cantidad',1,45,1,0,'2022-07-11 14:35:40','2022-07-11 14:35:40'),(270,'Resuelve problemas de regularidad, equivalencia y cambio',2,45,1,0,'2022-07-11 14:35:46','2022-07-11 14:35:46'),(271,'Resuelve problemas de forma, movimiento y localización',3,45,1,0,'2022-07-11 14:35:52','2022-07-11 14:35:52'),(272,'Resuelve problemas de gestión de datos e incertidumbre',4,45,1,0,'2022-07-11 14:35:57','2022-07-11 14:35:57'),(273,'Indaga mediante métodos científicos para construir sus conocimientos',1,46,1,0,'2022-07-11 14:36:09','2022-07-11 14:36:09'),(274,'Explica el mundo físico basándose en conocimientos sobre los seres vivos, materia y energía, biodiversidad, Tierra y universo',2,46,1,0,'2022-07-11 14:36:15','2022-07-11 14:36:15'),(275,'Diseña y construye soluciones tecnológicas para resolver problemas de su entorno',3,46,1,0,'2022-07-11 14:36:21','2022-07-11 14:36:21'),(276,'Construye su identidad como persona humana, amada por Dios, digna, libre y trascendente comprendiendo la doctrina de su propia religión, abierto al diálogo con las que le son cercanas',1,47,1,0,'2022-07-11 14:36:31','2022-07-11 14:36:31'),(277,'Asume la experiencia del encuentro personal y comunitario con Dios en su proyecto de vida en coherencia con su creencia religiosa',2,47,1,0,'2022-07-11 14:36:37','2022-07-11 14:36:37'),(278,'Se desenvuelve en entornos virtuales generados por las TIC',1,48,1,0,'2022-07-11 14:36:48','2022-07-11 14:36:48'),(279,'Gestiona su aprendizaje de manera autónoma',2,48,1,0,'2022-07-11 14:36:55','2022-07-11 14:36:55'),(280,'Construye su identidad',1,49,1,0,'2022-07-11 14:41:42','2022-07-11 14:41:42'),(281,'Convive y participa democráticamente en la búsqueda del bien común',2,49,1,0,'2022-07-11 14:41:48','2022-07-11 14:41:48'),(282,'Construye interpretaciones históricas',1,50,1,0,'2022-07-11 14:41:59','2022-07-11 14:41:59'),(283,'Gestiona responsablemente el espacio y el ambiente',2,50,1,0,'2022-07-11 14:42:05','2022-07-11 14:42:05'),(284,'Gestiona responsablemente los recurso económicos',3,50,1,0,'2022-07-11 14:42:11','2022-07-11 14:42:11'),(285,'Gestiona proyectos de emprendimiento económico o social',1,51,1,0,'2022-07-11 14:42:25','2022-07-11 14:42:25'),(286,'Se desenvuelve de manera autónoma a través de su motricidad',1,52,1,0,'2022-07-11 14:42:38','2022-07-11 14:42:38'),(287,'Asume una vida saludable',2,52,1,0,'2022-07-11 14:42:42','2022-07-11 14:42:42'),(288,'Interactúa a través de sus habilidades sociomotrices',3,52,1,0,'2022-07-11 14:42:50','2022-07-11 14:42:50'),(289,'Se comunica oralmente en su lengua materna',1,53,1,0,'2022-07-11 14:43:06','2022-07-11 14:43:06'),(290,'Lee diversos tipos de textos escritos en su lengua materna',2,53,1,0,'2022-07-11 14:43:12','2022-07-11 14:43:12'),(291,'Escribe diversos tipos de textos en su lengua materna',3,53,1,0,'2022-07-11 14:43:18','2022-07-11 14:43:18'),(292,'Aprecia de manera crítica manifestaciones artístico-culturales',1,54,1,0,'2022-07-11 14:43:29','2022-07-11 14:43:29'),(293,'Crea proyectos desde los lenguajes artísticos',2,54,1,0,'2022-07-11 14:43:35','2022-07-11 14:43:35'),(294,'Se comunica oralmente en castellano como segunda lengua',1,55,1,0,'2022-07-11 14:43:45','2022-07-11 14:43:45'),(295,'Lee diversos tipos de textos escritos en castellano como segunda lengua',2,55,1,0,'2022-07-11 14:43:51','2022-07-11 14:43:51'),(296,'Escribe diversos tipos de textos en castellano como segunda lengua',3,55,1,0,'2022-07-11 14:43:58','2022-07-11 14:43:58'),(297,'Se comunica oralmente en inglés como lengua extranjera',1,56,1,0,'2022-07-11 14:44:08','2022-07-11 14:44:08'),(298,'Lee diversos tipos de textos escritos en inglés como lengua extranjera',2,56,1,0,'2022-07-11 14:44:15','2022-07-11 14:44:15'),(299,'Escribe diversos tipos de textos en inglés como lengua extranjera',3,56,1,0,'2022-07-11 14:44:21','2022-07-11 14:44:21'),(300,'Resuelve problemas de cantidad',1,57,1,0,'2022-07-11 14:44:30','2022-07-11 14:44:30'),(301,'Resuelve problemas de regularidad, equivalencia y cambio',2,57,1,0,'2022-07-11 14:44:35','2022-07-11 14:44:35'),(302,'Resuelve problemas de forma, movimiento y localización',3,57,1,0,'2022-07-11 14:44:41','2022-07-11 14:44:41'),(303,'Resuelve problemas de gestión de datos e incertidumbre',4,57,1,0,'2022-07-11 14:44:51','2022-07-11 14:44:51'),(304,'Indaga mediante métodos científicos para construir sus conocimientos',1,58,1,0,'2022-07-11 14:45:02','2022-07-11 14:45:02'),(305,'Explica el mundo físico basándose en conocimientos sobre los seres vivos, materia y energía, biodiversidad, Tierra y universo',2,58,1,0,'2022-07-11 14:45:08','2022-07-11 14:45:08'),(306,'Diseña y construye soluciones tecnológicas para resolver problemas de su entorno',3,58,1,0,'2022-07-11 14:45:32','2022-07-11 14:45:32'),(307,'Construye su identidad como persona humana, amada por Dios, digna, libre y trascendente comprendiendo la doctrina de su propia religión, abierto al diálogo con las que le son cercanas',1,59,1,0,'2022-07-11 14:45:55','2022-07-11 14:45:55'),(308,'Asume la experiencia del encuentro personal y comunitario con Dios en su proyecto de vida en coherencia con su creencia religiosa',2,59,1,0,'2022-07-11 14:46:03','2022-07-11 14:46:03'),(309,'Se desenvuelve en entornos virtuales generados por las TIC',1,60,1,0,'2022-07-11 14:46:18','2022-07-11 14:46:18'),(310,'Gestiona su aprendizaje de manera autónoma',2,60,1,0,'2022-07-11 14:46:24','2022-07-11 14:46:24'),(311,'Construye su identidad',1,61,1,0,'2022-07-11 14:52:16','2022-07-11 14:52:16'),(312,'Convive y participa democráticamente en la búsqueda del bien común',2,61,1,0,'2022-07-11 14:52:22','2022-07-11 14:52:22'),(313,'Construye interpretaciones históricas',1,62,1,0,'2022-07-11 14:52:32','2022-07-11 14:52:32'),(314,'Gestiona responsablemente el espacio y el ambiente',2,62,1,0,'2022-07-11 14:52:37','2022-07-11 14:52:37'),(315,'Gestiona responsablemente los recurso económicos',3,62,1,0,'2022-07-11 14:52:42','2022-07-11 14:52:42'),(316,'Gestiona proyectos de emprendimiento económico o social',1,63,1,0,'2022-07-11 14:52:56','2022-07-11 14:52:56'),(317,'Se desenvuelve de manera autónoma a través de su motricidad',1,64,1,0,'2022-07-11 14:53:08','2022-07-11 14:53:08'),(318,'Asume una vida saludable',2,64,1,0,'2022-07-11 14:53:14','2022-07-11 14:53:14'),(319,'Interactúa a través de sus habilidades sociomotrices',3,64,1,0,'2022-07-11 14:53:21','2022-07-11 14:53:21'),(320,'Se comunica oralmente en su lengua materna',1,65,1,0,'2022-07-11 14:53:33','2022-07-11 14:53:33'),(321,'Lee diversos tipos de textos escritos en su lengua materna',2,65,1,0,'2022-07-11 14:53:38','2022-07-11 14:53:38'),(322,'Escribe diversos tipos de textos en su lengua materna',3,65,1,0,'2022-07-11 14:53:45','2022-07-11 14:53:45'),(323,'Aprecia de manera crítica manifestaciones artístico-culturales',1,66,1,0,'2022-07-11 14:53:56','2022-07-11 14:53:56'),(324,'Crea proyectos desde los lenguajes artísticos',2,66,1,0,'2022-07-11 14:54:02','2022-07-11 14:54:02'),(325,'Se comunica oralmente en castellano como segunda lengua',1,67,1,0,'2022-07-11 14:54:27','2022-07-11 14:54:27'),(326,'Lee diversos tipos de textos escritos en castellano como segunda lengua',2,67,1,0,'2022-07-11 14:54:34','2022-07-11 14:54:34'),(327,'Escribe diversos tipos de textos en castellano como segunda lengua',3,67,1,0,'2022-07-11 14:54:40','2022-07-11 14:54:40'),(328,'Se comunica oralmente en inglés como lengua extranjera',1,68,1,0,'2022-07-11 14:54:56','2022-07-11 14:54:56'),(329,'Lee diversos tipos de textos escritos en inglés como lengua extranjera',2,68,1,0,'2022-07-11 14:55:03','2022-07-11 14:55:03'),(330,'Escribe diversos tipos de textos en inglés como lengua extranjera',3,68,1,0,'2022-07-11 14:55:09','2022-07-11 14:55:09'),(331,'Resuelve problemas de cantidad',1,69,1,0,'2022-07-11 14:55:23','2022-07-11 14:55:23'),(332,'Resuelve problemas de regularidad, equivalencia y cambio',2,69,1,0,'2022-07-11 14:55:31','2022-07-11 14:55:31'),(333,'Resuelve problemas de forma, movimiento y localización',3,69,1,0,'2022-07-11 14:55:38','2022-07-11 14:55:38'),(334,'Resuelve problemas de gestión de datos e incertidumbre',4,69,1,0,'2022-07-11 14:55:44','2022-07-11 14:55:44'),(335,'Indaga mediante métodos científicos para construir sus conocimientos',1,70,1,0,'2022-07-11 14:56:00','2022-07-11 14:56:00'),(336,'Explica el mundo físico basándose en conocimientos sobre los seres vivos, materia y energía, biodiversidad, Tierra y universo',2,70,1,0,'2022-07-11 14:56:06','2022-07-11 14:56:06'),(337,'Diseña y construye soluciones tecnológicas para resolver problemas de su entorno',3,70,1,0,'2022-07-11 14:56:12','2022-07-11 14:56:12'),(338,'Construye su identidad como persona humana, amada por Dios, digna, libre y trascendente comprendiendo la doctrina de su propia religión, abierto al diálogo con las que le son cercanas',1,71,1,0,'2022-07-11 14:56:23','2022-07-11 14:56:23'),(339,'Asume la experiencia del encuentro personal y comunitario con Dios en su proyecto de vida en coherencia con su creencia religiosa',2,71,1,0,'2022-07-11 14:56:29','2022-07-11 14:56:29'),(340,'Se desenvuelve en entornos virtuales generados por las TIC',1,72,1,0,'2022-07-11 14:56:41','2022-07-11 14:56:41'),(341,'Gestiona su aprendizaje de manera autónoma',2,72,1,0,'2022-07-11 14:56:49','2022-07-11 14:56:49'),(342,'Competencia 2',2,3,1,0,'2022-11-24 18:30:20','2022-11-24 18:30:20'),(343,'Competencia 3',3,3,1,0,'2022-11-24 18:30:24','2022-11-24 18:30:24'),(344,'Competencia 1',1,4,1,0,'2022-11-24 18:50:02','2022-11-24 18:50:02'),(345,'Competencia 2',2,4,1,0,'2022-11-24 18:50:07','2022-11-24 18:50:07'),(346,'Competencia 3',3,4,1,0,'2022-11-24 18:50:11','2022-11-24 18:50:11'),(347,'Competencia 1',1,5,1,0,'2022-11-24 18:51:35','2022-11-24 18:51:35'),(348,'Competencia 2',2,5,1,0,'2022-11-24 18:51:39','2022-11-24 18:51:39'),(349,'Competencia 3',3,5,1,0,'2022-11-24 18:51:42','2022-11-24 18:51:42'),(350,'Competencia 1',1,6,1,0,'2022-11-24 19:01:28','2022-11-24 19:01:28'),(351,'Competencia 2',2,6,1,0,'2022-11-24 19:01:34','2022-11-24 19:01:34'),(352,'Competencia 3',3,6,1,0,'2022-11-24 19:01:38','2022-11-24 19:01:38'),(353,'Competencia 1',1,7,1,0,'2022-11-24 19:02:57','2022-11-24 19:02:57'),(354,'Competencia 2',2,7,1,0,'2022-11-24 19:03:01','2022-11-24 19:03:01'),(355,'Competencia 3',3,7,1,0,'2022-11-24 19:03:04','2022-11-24 19:03:04'),(356,'Competencia 1',1,8,1,0,'2022-11-24 19:03:10','2022-11-24 19:03:10'),(357,'Competencia 2',2,8,1,0,'2022-11-24 19:03:13','2022-11-24 19:03:13'),(358,'Competencia 3',3,8,1,0,'2022-11-24 19:03:17','2022-11-24 19:03:17'),(359,'Competencia 1',1,9,1,0,'2022-11-24 19:03:25','2022-11-24 19:03:25'),(360,'Competencia 2',2,9,1,0,'2022-11-24 19:03:28','2022-11-24 19:03:28'),(361,'Competencia 3',3,9,1,0,'2022-11-24 19:03:32','2022-11-24 19:03:32'),(362,'Indicador 1',1,76,1,1,'2022-11-24 19:13:54','2022-11-24 19:13:56'),(363,'asd ed',1,76,1,1,'2022-11-24 19:14:14','2022-11-24 19:14:22'),(364,'adsads',1,76,1,1,'2022-11-24 19:15:33','2022-11-24 19:15:36'),(365,'Indicador 1',1,91,1,1,'2022-11-25 01:06:56','2022-11-25 01:06:58');
/*!40000 ALTER TABLE `competencias` ENABLE KEYS */;
UNLOCK TABLES;

--
-- Table structure for table `controles`
--

DROP TABLE IF EXISTS `controles`;
/*!40101 SET @saved_cs_client     = @@character_set_client */;
/*!50503 SET character_set_client = utf8mb4 */;
CREATE TABLE `controles` (
  `id` int NOT NULL AUTO_INCREMENT,
  `tipo_control` int DEFAULT NULL COMMENT '1->peso y talla\n2->otro',
  `nombre_control` varchar(100) DEFAULT NULL,
  `peso` double DEFAULT NULL,
  `talla` double DEFAULT NULL,
  `fecha` date DEFAULT NULL,
  `alumno_id` int NOT NULL,
  `activo` tinyint DEFAULT NULL,
  `borrado` tinyint DEFAULT NULL,
  `created_at` timestamp NULL DEFAULT NULL,
  `updated_at` timestamp NULL DEFAULT NULL,
  `tipo` varchar(100) DEFAULT NULL,
  `resultado` varchar(100) DEFAULT NULL,
  `matricula_id` int DEFAULT NULL,
  PRIMARY KEY (`id`),
  KEY `fk_controles_alumnos1_idx` (`alumno_id`),
  CONSTRAINT `fk_controles_alumnos1` FOREIGN KEY (`alumno_id`) REFERENCES `alumnos` (`id`)
) ENGINE=InnoDB DEFAULT CHARSET=utf8mb4 COLLATE=utf8mb4_0900_ai_ci;
/*!40101 SET character_set_client = @saved_cs_client */;

--
-- Dumping data for table `controles`
--

LOCK TABLES `controles` WRITE;
/*!40000 ALTER TABLE `controles` DISABLE KEYS */;
/*!40000 ALTER TABLE `controles` ENABLE KEYS */;
UNLOCK TABLES;

--
-- Table structure for table `cursos`
--

DROP TABLE IF EXISTS `cursos`;
/*!40101 SET @saved_cs_client     = @@character_set_client */;
/*!50503 SET character_set_client = utf8mb4 */;
CREATE TABLE `cursos` (
  `id` int NOT NULL AUTO_INCREMENT,
  `nombre` varchar(200) DEFAULT NULL,
  `orden` int DEFAULT NULL,
  `activo` tinyint DEFAULT NULL,
  `borrado` tinyint DEFAULT NULL,
  `created_at` timestamp NULL DEFAULT NULL,
  `updated_at` timestamp NULL DEFAULT NULL,
  `grado_id` int NOT NULL,
  PRIMARY KEY (`id`),
  KEY `fk_cursos_grados1_idx` (`grado_id`),
  CONSTRAINT `fk_cursos_grados1` FOREIGN KEY (`grado_id`) REFERENCES `grados` (`id`)
) ENGINE=InnoDB AUTO_INCREMENT=142 DEFAULT CHARSET=utf8mb4 COLLATE=utf8mb4_0900_ai_ci;
/*!40101 SET character_set_client = @saved_cs_client */;

--
-- Dumping data for table `cursos`
--

LOCK TABLES `cursos` WRITE;
/*!40000 ALTER TABLE `cursos` DISABLE KEYS */;
INSERT INTO `cursos` VALUES (1,'Curso1 ed',1,1,1,'2022-07-08 01:24:00','2022-07-08 01:24:08',1),(2,'Matemática',1,1,0,'2022-07-08 01:24:20','2022-07-11 01:51:36',1),(3,'Comunicación',2,1,0,'2022-07-08 03:54:05','2022-07-11 01:53:58',1),(4,'Persona Social',3,1,0,'2022-07-11 01:54:22','2022-07-11 01:54:22',1),(5,'Ciencia y Ambiente',4,1,0,'2022-07-11 01:54:41','2022-07-11 01:54:41',1),(6,'Matemática',1,1,0,'2022-07-11 01:55:00','2022-07-11 01:55:00',2),(7,'Comunicación',2,1,0,'2022-07-11 01:55:07','2022-07-11 01:55:07',2),(8,'Persona Social',3,1,0,'2022-07-11 01:55:14','2022-07-11 01:55:14',2),(9,'Ciencia y Ambiente',4,1,0,'2022-07-11 01:55:22','2022-07-11 01:55:22',2),(10,'Personal social',1,1,0,'2022-07-11 02:02:04','2022-07-11 02:33:11',3),(11,'Ciencias sociales',2,1,1,'2022-07-11 02:02:14','2022-07-11 04:40:00',3),(12,'Educación para el trabajo',3,1,1,'2022-07-11 02:02:26','2022-07-11 04:40:16',3),(13,'Desarrollo personal, ciudadanía y cívica',1,1,0,'2022-07-11 02:02:47','2022-07-11 02:02:47',9),(14,'Ciencias sociales',2,1,0,'2022-07-11 02:02:54','2022-07-11 02:02:54',9),(15,'Educación para el trabajo',3,1,0,'2022-07-11 02:03:02','2022-07-11 02:03:02',9),(16,'Educación física',4,1,0,'2022-07-11 02:03:09','2022-07-11 02:24:19',9),(17,'Comunicación',5,1,0,'2022-07-11 02:03:22','2022-07-11 02:16:15',9),(18,'Arte y cultura',6,1,0,'2022-07-11 02:03:35','2022-07-11 02:03:35',9),(19,'Castellano como segunda lengua',7,1,0,'2022-07-11 02:08:50','2022-07-11 02:08:50',9),(20,'Ingles como lenguaje extranjera',8,1,0,'2022-07-11 02:09:04','2022-07-11 02:09:04',9),(21,'Matemática',9,1,0,'2022-07-11 02:09:18','2022-07-11 02:09:18',9),(22,'Ciencia y tecnología',10,1,0,'2022-07-11 02:09:30','2022-07-11 02:09:30',9),(23,'Educación religiosa',11,1,0,'2022-07-11 02:09:44','2022-07-11 02:09:44',9),(24,'Competencias transversales',12,1,0,'2022-07-11 02:10:09','2022-07-11 02:10:09',9),(25,'Desarrollo personal, ciudadanía y cívica',1,1,0,'2022-07-11 02:15:48','2022-07-11 02:15:48',10),(26,'Ciencias sociales',2,1,0,'2022-07-11 02:15:55','2022-12-12 03:05:19',10),(27,'Educación para el trabajo',3,1,0,'2022-07-11 02:16:02','2022-07-11 02:16:02',10),(28,'Educación física',4,1,0,'2022-07-11 02:16:08','2022-07-11 02:24:26',10),(29,'Comunicación',5,1,0,'2022-07-11 02:16:20','2022-07-11 02:16:20',10),(30,'Arte y cultura',6,1,0,'2022-07-11 02:16:33','2022-07-11 02:16:33',10),(31,'Castellano como segunda lengua',7,1,0,'2022-07-11 02:17:00','2022-07-11 02:17:00',10),(32,'Ingles como lenguaje extranjera',8,1,0,'2022-07-11 02:17:07','2022-07-11 02:17:07',10),(33,'Matemática',9,1,0,'2022-07-11 02:17:14','2022-07-11 02:17:14',10),(34,'Ciencia y tecnología',10,1,0,'2022-07-11 02:17:23','2022-07-11 02:17:23',10),(35,'Educación religiosa',11,1,0,'2022-07-11 02:17:32','2022-07-11 02:17:32',10),(36,'Competencias transversales',12,1,0,'2022-07-11 02:18:17','2022-07-11 02:18:17',10),(37,'Desarrollo personal, ciudadanía y cívica',1,1,0,'2022-07-11 02:18:31','2022-07-11 02:18:31',11),(38,'Ciencias sociales',2,1,0,'2022-07-11 02:18:39','2022-07-11 02:18:39',11),(39,'Educación para el trabajo',3,1,0,'2022-07-11 02:24:02','2022-07-11 02:24:02',11),(40,'Educación física',4,1,0,'2022-07-11 02:24:12','2022-07-11 02:24:12',11),(41,'Comunicación',5,1,0,'2022-07-11 02:24:40','2022-07-11 02:24:40',11),(42,'Arte y cultura',6,1,0,'2022-07-11 02:24:49','2022-07-11 02:24:49',11),(43,'Castellano como segunda lengua',7,1,0,'2022-07-11 02:25:00','2022-07-11 02:25:00',11),(44,'Ingles como lenguaje extranjera',8,1,0,'2022-07-11 02:25:16','2022-07-11 02:25:16',11),(45,'Matemática',9,1,0,'2022-07-11 02:25:23','2022-07-11 02:25:23',11),(46,'Ciencia y tecnología',10,1,0,'2022-07-11 02:25:52','2022-07-11 02:25:52',11),(47,'Educación religiosa',11,1,0,'2022-07-11 02:26:01','2022-07-11 02:26:01',11),(48,'Competencias transversales',12,1,0,'2022-07-11 02:26:13','2022-07-11 02:26:13',11),(49,'Desarrollo personal, ciudadanía y cívica',1,1,0,'2022-07-11 02:27:59','2022-07-11 02:27:59',12),(50,'Ciencias sociales',2,1,0,'2022-07-11 02:28:05','2022-07-11 02:28:05',12),(51,'Educación para el trabajo',3,1,0,'2022-07-11 02:28:20','2022-07-11 02:28:20',12),(52,'Educación física',4,1,0,'2022-07-11 02:28:28','2022-07-11 02:28:28',12),(53,'Comunicación',5,1,0,'2022-07-11 02:28:36','2022-07-11 02:28:36',12),(54,'Arte y cultura',6,1,0,'2022-07-11 02:28:44','2022-07-11 02:28:44',12),(55,'Castellano como segunda lengua',7,1,0,'2022-07-11 02:28:51','2022-07-11 02:28:51',12),(56,'Ingles como lenguaje extranjera',8,1,0,'2022-07-11 02:29:04','2022-07-11 02:29:04',12),(57,'Matemática',9,1,0,'2022-07-11 02:29:13','2022-07-11 02:29:13',12),(58,'Ciencia y tecnología',10,1,0,'2022-07-11 02:29:22','2022-07-11 02:29:22',12),(59,'Educación religiosa',11,1,0,'2022-07-11 02:29:32','2022-07-11 02:29:32',12),(60,'Competencias transversales',12,1,0,'2022-07-11 02:29:39','2022-07-11 02:29:39',12),(61,'Desarrollo personal, ciudadanía y cívica',1,1,0,'2022-07-11 02:31:12','2022-07-11 02:31:12',13),(62,'Ciencias sociales',2,1,0,'2022-07-11 02:31:18','2022-07-11 02:31:18',13),(63,'Educación para el trabajo',3,1,0,'2022-07-11 02:31:23','2022-07-11 02:31:23',13),(64,'Educación física',4,1,0,'2022-07-11 02:31:33','2022-07-11 02:31:33',13),(65,'Comunicación',5,1,0,'2022-07-11 02:31:38','2022-07-11 02:31:38',13),(66,'Arte y cultura',6,1,0,'2022-07-11 02:31:48','2022-07-11 02:31:48',13),(67,'Castellano como segunda lengua',7,1,0,'2022-07-11 02:31:57','2022-07-11 02:31:57',13),(68,'Ingles como lenguaje extranjera',8,1,0,'2022-07-11 02:32:06','2022-07-11 02:32:06',13),(69,'Matemática',9,1,0,'2022-07-11 02:32:13','2022-07-11 02:32:13',13),(70,'Ciencia y tecnología',10,1,0,'2022-07-11 02:32:26','2022-07-11 02:32:26',13),(71,'Educación religiosa',11,1,0,'2022-07-11 02:32:33','2022-07-11 02:32:33',13),(72,'Competencias transversales',12,1,0,'2022-07-11 02:32:42','2022-07-11 02:32:42',13),(73,'Educación física',2,1,0,'2022-07-11 02:33:28','2022-07-11 04:40:07',3),(74,'Comunicación',3,1,0,'2022-07-11 02:33:41','2022-07-11 04:40:25',3),(75,'Arte y cultura',4,1,0,'2022-07-11 02:33:52','2022-07-11 04:40:34',3),(76,'Castellano como segunda lengua',5,1,0,'2022-07-11 02:34:08','2022-07-11 04:40:41',3),(77,'Ingles como lengua extranjero',6,1,0,'2022-07-11 02:34:16','2022-07-11 04:40:50',3),(78,'Matemática',7,1,0,'2022-07-11 02:34:26','2022-07-11 04:41:00',3),(79,'Ciencia y tecnología',8,1,0,'2022-07-11 02:34:34','2022-07-11 04:41:07',3),(80,'Educación religiosa',9,1,0,'2022-07-11 02:34:51','2022-07-11 04:41:22',3),(81,'Competencias transversales',10,1,0,'2022-07-11 02:35:00','2022-07-11 04:41:30',3),(82,'Personal social',1,1,0,'2022-07-11 02:36:32','2022-07-11 02:36:32',4),(83,'Ciencias sociales',2,1,1,'2022-07-11 02:36:38','2022-07-11 04:42:13',4),(84,'Educación para el trabajo',3,1,1,'2022-07-11 02:36:45','2022-07-11 04:42:16',4),(85,'Educación física',2,1,0,'2022-07-11 02:37:14','2022-07-11 04:42:22',4),(86,'Comunicación',3,1,0,'2022-07-11 02:37:21','2022-07-11 04:42:27',4),(87,'Arte y cultura',4,1,0,'2022-07-11 02:37:29','2022-07-11 04:42:36',4),(88,'Castellano como segunda lengua',5,1,0,'2022-07-11 02:37:37','2022-07-11 04:42:43',4),(89,'Ingles como lengua extranjero',6,1,0,'2022-07-11 02:37:50','2022-07-11 04:42:47',4),(90,'Matemática',7,1,0,'2022-07-11 02:37:57','2022-07-11 04:42:51',4),(91,'Ciencia y tecnología',8,1,0,'2022-07-11 02:38:05','2022-07-11 04:42:55',4),(92,'Educación religiosa',9,1,0,'2022-07-11 02:38:14','2022-07-11 04:42:59',4),(93,'Competencias transversales',10,1,0,'2022-07-11 02:38:24','2022-07-11 04:43:03',4),(94,'Personal social',1,1,0,'2022-07-11 02:39:36','2022-07-11 02:39:36',5),(95,'Ciencias sociales',2,1,1,'2022-07-11 02:39:43','2022-07-11 04:43:20',5),(96,'Educación para el trabajo',3,1,1,'2022-07-11 02:39:50','2022-07-11 04:43:23',5),(97,'Educación física',2,1,0,'2022-07-11 02:40:30','2022-07-11 04:43:27',5),(98,'Comunicación',3,1,0,'2022-07-11 02:40:47','2022-07-11 04:43:30',5),(99,'Arte y cultura',4,1,0,'2022-07-11 02:40:58','2022-07-11 04:43:34',5),(100,'Castellano como segunda lengua',5,1,0,'2022-07-11 02:41:08','2022-07-11 04:43:38',5),(101,'Ingles como lengua extranjero',6,1,0,'2022-07-11 02:41:23','2022-07-11 04:43:42',5),(102,'Matemática',7,1,0,'2022-07-11 02:42:00','2022-07-11 04:43:46',5),(103,'Ciencia y tecnología',8,1,0,'2022-07-11 02:42:19','2022-07-11 04:43:50',5),(104,'Educación religiosa',9,1,0,'2022-07-11 02:42:29','2022-07-11 04:43:54',5),(105,'Competencias transversales',10,1,0,'2022-07-11 02:42:38','2022-07-11 04:43:59',5),(106,'Personal social',1,1,0,'2022-07-11 02:43:37','2022-07-11 02:43:37',6),(107,'Ciencias sociales',2,1,1,'2022-07-11 02:43:44','2022-07-11 04:44:05',6),(108,'Educación para el trabajo',3,1,1,'2022-07-11 02:43:51','2022-07-11 04:44:07',6),(109,'Educación física',2,1,0,'2022-07-11 02:44:03','2022-07-11 04:44:12',6),(110,'Comunicación',3,1,0,'2022-07-11 02:44:11','2022-07-11 04:44:15',6),(111,'Arte y cultura',4,1,0,'2022-07-11 02:44:20','2022-07-11 04:44:19',6),(112,'Castellano como segunda lengua',5,1,0,'2022-07-11 02:44:30','2022-07-11 04:44:22',6),(113,'Ingles como lengua extranjero',6,1,0,'2022-07-11 02:44:40','2022-07-11 04:44:27',6),(114,'Matemática',7,1,0,'2022-07-11 02:44:50','2022-07-11 04:44:30',6),(115,'Ciencia y tecnología',8,1,0,'2022-07-11 02:45:01','2022-07-11 04:44:34',6),(116,'Educación religiosa',9,1,0,'2022-07-11 02:45:14','2022-07-11 04:44:38',6),(117,'Competencias transversales',10,1,0,'2022-07-11 02:45:24','2022-07-11 04:44:42',6),(118,'Personal social',1,1,0,'2022-07-11 02:45:42','2022-07-11 02:45:42',7),(119,'Ciencias sociales',2,1,1,'2022-07-11 02:45:48','2022-07-11 04:44:48',7),(120,'Educación para el trabajo',3,1,1,'2022-07-11 02:46:11','2022-07-11 04:44:50',7),(121,'Educación física',2,1,0,'2022-07-11 02:46:20','2022-07-11 04:44:54',7),(122,'Comunicación',3,1,0,'2022-07-11 02:46:27','2022-07-11 04:44:58',7),(123,'Arte y cultura',4,1,0,'2022-07-11 02:46:38','2022-07-11 04:45:01',7),(124,'Castellano como segunda lengua',5,1,0,'2022-07-11 02:46:48','2022-07-11 04:45:05',7),(125,'Ingles como lengua extranjero',6,1,0,'2022-07-11 02:47:00','2022-07-11 04:45:08',7),(126,'Matemática',7,1,0,'2022-07-11 02:47:13','2022-07-11 04:45:14',7),(127,'Ciencia y tecnología',8,1,0,'2022-07-11 02:47:23','2022-07-11 04:45:18',7),(128,'Educación religiosa',9,1,0,'2022-07-11 02:47:35','2022-07-11 04:45:21',7),(129,'Competencias transversales',10,1,0,'2022-07-11 02:48:05','2022-07-11 04:45:25',7),(130,'Personal social',1,1,0,'2022-07-11 02:48:22','2022-07-11 02:48:22',8),(131,'Ciencias sociales',2,1,1,'2022-07-11 02:48:28','2022-07-11 04:45:30',8),(132,'Educación para el trabajo',3,1,1,'2022-07-11 02:48:34','2022-07-11 04:45:32',8),(133,'Educación física',2,1,0,'2022-07-11 02:48:40','2022-07-11 04:45:35',8),(134,'Comunicación',3,1,0,'2022-07-11 02:48:49','2022-07-11 04:45:39',8),(135,'Arte y cultura',4,1,0,'2022-07-11 02:48:56','2022-07-11 04:45:43',8),(136,'Castellano como segunda lengua',5,1,0,'2022-07-11 02:49:20','2022-07-11 04:45:46',8),(137,'Ingles como lengua extranjero',6,1,0,'2022-07-11 02:49:28','2022-07-11 04:45:50',8),(138,'Matemática',7,1,0,'2022-07-11 02:49:36','2022-07-11 04:45:55',8),(139,'Ciencia y tecnología',8,1,0,'2022-07-11 02:49:45','2022-07-11 04:45:58',8),(140,'Educación religiosa',9,1,0,'2022-07-11 02:49:53','2022-07-11 04:46:02',8),(141,'Competencias transversales',10,1,0,'2022-07-11 02:50:01','2022-07-11 04:46:06',8);
/*!40000 ALTER TABLE `cursos` ENABLE KEYS */;
UNLOCK TABLES;

--
-- Table structure for table `departamentos`
--

DROP TABLE IF EXISTS `departamentos`;
/*!40101 SET @saved_cs_client     = @@character_set_client */;
/*!50503 SET character_set_client = utf8mb4 */;
CREATE TABLE `departamentos` (
  `id` int NOT NULL AUTO_INCREMENT,
  `nombre` varchar(500) DEFAULT NULL,
  `codigo` varchar(45) DEFAULT NULL,
  `activo` tinyint DEFAULT NULL,
  `borrado` tinyint DEFAULT NULL,
  `estado_id` int NOT NULL,
  `created_at` timestamp NULL DEFAULT NULL,
  `updated_at` timestamp NULL DEFAULT NULL,
  PRIMARY KEY (`id`),
  KEY `fk_departamentos_pais_idx` (`estado_id`),
  CONSTRAINT `fk_departamentos_pais` FOREIGN KEY (`estado_id`) REFERENCES `estados` (`id`)
) ENGINE=InnoDB AUTO_INCREMENT=26 DEFAULT CHARSET=utf8mb4 COLLATE=utf8mb4_0900_ai_ci;
/*!40101 SET character_set_client = @saved_cs_client */;

--
-- Dumping data for table `departamentos`
--

LOCK TABLES `departamentos` WRITE;
/*!40000 ALTER TABLE `departamentos` DISABLE KEYS */;
INSERT INTO `departamentos` VALUES (1,'AMAZONAS','01',1,0,1,NULL,NULL),(2,'ANCASH','02',1,0,1,NULL,NULL),(3,'APURIMAC','03',1,0,1,NULL,NULL),(4,'AREQUIPA','04',1,0,1,NULL,NULL),(5,'AYACUCHO','05',1,0,1,NULL,NULL),(6,'CAJAMARCA','06',1,0,1,NULL,NULL),(7,'CUSCO','07',1,0,1,NULL,NULL),(8,'HUANCAVELICA','08',1,0,1,NULL,NULL),(9,'HUANUCO','09',1,0,1,NULL,NULL),(10,'ICA','10',1,0,1,NULL,NULL),(11,'JUNIN','11',1,0,1,NULL,NULL),(12,'LA LIBERTAD','12',1,0,1,NULL,NULL),(13,'LAMBAYEQUE','13',1,0,1,NULL,NULL),(14,'LIMA','14',1,0,1,NULL,NULL),(15,'LORETO','15',1,0,1,NULL,NULL),(16,'MADRE DE DIOS','16',1,0,1,NULL,NULL),(17,'MOQUEGUA','17',1,0,1,NULL,NULL),(18,'PASCO','18',1,0,1,NULL,NULL),(19,'PIURA','19',1,0,1,NULL,NULL),(20,'PUNO','20',1,0,1,NULL,NULL),(21,'SAN MARTIN','21',1,0,1,NULL,NULL),(22,'TACNA','22',1,0,1,NULL,NULL),(23,'TUMBES','23',1,0,1,NULL,NULL),(24,'CALLAO','24',1,0,1,NULL,NULL),(25,'UCAYALI','25',1,0,1,NULL,NULL);
/*!40000 ALTER TABLE `departamentos` ENABLE KEYS */;
UNLOCK TABLES;

--
-- Table structure for table `distritos`
--

DROP TABLE IF EXISTS `distritos`;
/*!40101 SET @saved_cs_client     = @@character_set_client */;
/*!50503 SET character_set_client = utf8mb4 */;
CREATE TABLE `distritos` (
  `id` int NOT NULL AUTO_INCREMENT,
  `nombre` varchar(500) DEFAULT NULL,
  `codigo` varchar(45) DEFAULT NULL,
  `activo` tinyint DEFAULT NULL,
  `borrado` tinyint DEFAULT NULL,
  `provincia_id` int NOT NULL,
  `created_at` timestamp NULL DEFAULT NULL,
  `updated_at` timestamp NULL DEFAULT NULL,
  PRIMARY KEY (`id`),
  KEY `fk_distritos_provincias1_idx` (`provincia_id`),
  CONSTRAINT `fk_distritos_provincias1` FOREIGN KEY (`provincia_id`) REFERENCES `provincias` (`id`)
) ENGINE=InnoDB AUTO_INCREMENT=1847 DEFAULT CHARSET=utf8mb4 COLLATE=utf8mb4_0900_ai_ci;
/*!40101 SET character_set_client = @saved_cs_client */;

--
-- Dumping data for table `distritos`
--

LOCK TABLES `distritos` WRITE;
/*!40000 ALTER TABLE `distritos` DISABLE KEYS */;
INSERT INTO `distritos` VALUES (1,'CHACHAPOYAS','01',1,0,1,NULL,NULL),(2,'ASUNCION','02',1,0,1,NULL,NULL),(3,'BALSAS','03',1,0,1,NULL,NULL),(4,'CHETO','04',1,0,1,NULL,NULL),(5,'CHILIQUIN','05',1,0,1,NULL,NULL),(6,'CHUQUIBAMBA','06',1,0,1,NULL,NULL),(7,'GRANADA','07',1,0,1,NULL,NULL),(8,'HUANCAS','08',1,0,1,NULL,NULL),(9,'LA JALCA','09',1,0,1,NULL,NULL),(10,'LEIMEBAMBA','10',1,0,1,NULL,NULL),(11,'LEVANTO','11',1,0,1,NULL,NULL),(12,'MAGDALENA','12',1,0,1,NULL,NULL),(13,'MARISCAL CASTILLA','13',1,0,1,NULL,NULL),(14,'MOLINOPAMPA','14',1,0,1,NULL,NULL),(15,'MONTEVIDEO','15',1,0,1,NULL,NULL),(16,'OLLEROS','16',1,0,1,NULL,NULL),(17,'QUINJALCA','17',1,0,1,NULL,NULL),(18,'SAN FRANCISCO DE DAGUAS','18',1,0,1,NULL,NULL),(19,'SAN ISIDRO DE MAINO','19',1,0,1,NULL,NULL),(20,'SOLOCO','20',1,0,1,NULL,NULL),(21,'SONCHE','21',1,0,1,NULL,NULL),(22,'LA PECA','01',1,0,2,NULL,NULL),(23,'ARAMANGO','02',1,0,2,NULL,NULL),(24,'COPALLIN','03',1,0,2,NULL,NULL),(25,'EL PARCO','04',1,0,2,NULL,NULL),(26,'BAGUA','05',1,0,2,NULL,NULL),(27,'IMAZA','06',1,0,2,NULL,NULL),(28,'JUMBILLA','01',1,0,3,NULL,NULL),(29,'COROSHA','02',1,0,3,NULL,NULL),(30,'CUISPES','03',1,0,3,NULL,NULL),(31,'CHISQUILLA','04',1,0,3,NULL,NULL),(32,'CHURUJA','05',1,0,3,NULL,NULL),(33,'FLORIDA','06',1,0,3,NULL,NULL),(34,'RECTA','07',1,0,3,NULL,NULL),(35,'SAN CARLOS','08',1,0,3,NULL,NULL),(36,'SHIPASBAMBA','09',1,0,3,NULL,NULL),(37,'VALERA','10',1,0,3,NULL,NULL),(38,'YAMBRASBAMBA','11',1,0,3,NULL,NULL),(39,'JAZAN','12',1,0,3,NULL,NULL),(40,'LAMUD','01',1,0,4,NULL,NULL),(41,'CAMPORREDONDO','02',1,0,4,NULL,NULL),(42,'COCABAMBA','03',1,0,4,NULL,NULL),(43,'COLCAMAR','04',1,0,4,NULL,NULL),(44,'CONILA','05',1,0,4,NULL,NULL),(45,'INGUILPATA','06',1,0,4,NULL,NULL),(46,'LONGUITA','07',1,0,4,NULL,NULL),(47,'LONYA CHICO','08',1,0,4,NULL,NULL),(48,'LUYA','09',1,0,4,NULL,NULL),(49,'LUYA VIEJO','10',1,0,4,NULL,NULL),(50,'MARIA','11',1,0,4,NULL,NULL),(51,'OCALLI','12',1,0,4,NULL,NULL),(52,'OCUMAL','13',1,0,4,NULL,NULL),(53,'PISUQUIA','14',1,0,4,NULL,NULL),(54,'SAN CRISTOBAL','15',1,0,4,NULL,NULL),(55,'SAN FRANCISCO DE YESO','16',1,0,4,NULL,NULL),(56,'SAN JERONIMO','17',1,0,4,NULL,NULL),(57,'SAN JUAN DE LOPECANCHA','18',1,0,4,NULL,NULL),(58,'SANTA CATALINA','19',1,0,4,NULL,NULL),(59,'SANTO TOMAS','20',1,0,4,NULL,NULL),(60,'TINGO','21',1,0,4,NULL,NULL),(61,'TRITA','22',1,0,4,NULL,NULL),(62,'PROVIDENCIA','23',1,0,4,NULL,NULL),(63,'SAN NICOLAS','01',1,0,5,NULL,NULL),(64,'COCHAMAL','02',1,0,5,NULL,NULL),(65,'CHIRIMOTO','03',1,0,5,NULL,NULL),(66,'HUAMBO','04',1,0,5,NULL,NULL),(67,'LIMABAMBA','05',1,0,5,NULL,NULL),(68,'LONGAR','06',1,0,5,NULL,NULL),(69,'MILPUCC','07',1,0,5,NULL,NULL),(70,'MARISCAL BENAVIDES','08',1,0,5,NULL,NULL),(71,'OMIA','09',1,0,5,NULL,NULL),(72,'SANTA ROSA','10',1,0,5,NULL,NULL),(73,'TOTORA','11',1,0,5,NULL,NULL),(74,'VISTA ALEGRE','12',1,0,5,NULL,NULL),(75,'NIEVA','01',1,0,6,NULL,NULL),(76,'RIO SANTIAGO','02',1,0,6,NULL,NULL),(77,'EL CENEPA','03',1,0,6,NULL,NULL),(78,'BAGUA GRANDE','01',1,0,7,NULL,NULL),(79,'CAJARURO','02',1,0,7,NULL,NULL),(80,'CUMBA','03',1,0,7,NULL,NULL),(81,'EL MILAGRO','04',1,0,7,NULL,NULL),(82,'JAMALCA','05',1,0,7,NULL,NULL),(83,'LONYA GRANDE','06',1,0,7,NULL,NULL),(84,'YAMON','07',1,0,7,NULL,NULL),(85,'HUARAZ','01',1,0,8,NULL,NULL),(86,'INDEPENDENCIA','02',1,0,8,NULL,NULL),(87,'COCHABAMBA','03',1,0,8,NULL,NULL),(88,'COLCABAMBA','04',1,0,8,NULL,NULL),(89,'HUANCHAY','05',1,0,8,NULL,NULL),(90,'JANGAS','06',1,0,8,NULL,NULL),(91,'LA LIBERTAD','07',1,0,8,NULL,NULL),(92,'OLLEROS','08',1,0,8,NULL,NULL),(93,'PAMPAS GRANDE','09',1,0,8,NULL,NULL),(94,'PARIACOTO','10',1,0,8,NULL,NULL),(95,'PIRA','11',1,0,8,NULL,NULL),(96,'TARICA','12',1,0,8,NULL,NULL),(97,'AIJA','01',1,0,9,NULL,NULL),(98,'CORIS','03',1,0,9,NULL,NULL),(99,'HUACLLAN','05',1,0,9,NULL,NULL),(100,'LA MERCED','06',1,0,9,NULL,NULL),(101,'SUCCHA','08',1,0,9,NULL,NULL),(102,'CHIQUIAN','01',1,0,10,NULL,NULL),(103,'ABELARDO PARDO LEZAMETA','02',1,0,10,NULL,NULL),(104,'AQUIA','04',1,0,10,NULL,NULL),(105,'CAJACAY','05',1,0,10,NULL,NULL),(106,'HUAYLLACAYAN','10',1,0,10,NULL,NULL),(107,'HUASTA','11',1,0,10,NULL,NULL),(108,'MANGAS','13',1,0,10,NULL,NULL),(109,'PACLLON','15',1,0,10,NULL,NULL),(110,'SAN MIGUEL DE CORPANQUI','17',1,0,10,NULL,NULL),(111,'TICLLOS','20',1,0,10,NULL,NULL),(112,'ANTONIO RAIMONDI','21',1,0,10,NULL,NULL),(113,'CANIS','22',1,0,10,NULL,NULL),(114,'COLQUIOC','23',1,0,10,NULL,NULL),(115,'LA PRIMAVERA','24',1,0,10,NULL,NULL),(116,'HUALLANCA','25',1,0,10,NULL,NULL),(117,'CARHUAZ','01',1,0,11,NULL,NULL),(118,'ACOPAMPA','02',1,0,11,NULL,NULL),(119,'AMASHCA','03',1,0,11,NULL,NULL),(120,'ANTA','04',1,0,11,NULL,NULL),(121,'ATAQUERO','05',1,0,11,NULL,NULL),(122,'MARCARA','06',1,0,11,NULL,NULL),(123,'PARIAHUANCA','07',1,0,11,NULL,NULL),(124,'SAN MIGUEL DE ACO','08',1,0,11,NULL,NULL),(125,'SHILLA','09',1,0,11,NULL,NULL),(126,'TINCO','10',1,0,11,NULL,NULL),(127,'YUNGAR','11',1,0,11,NULL,NULL),(128,'CASMA','01',1,0,12,NULL,NULL),(129,'BUENA VISTA ALTA','02',1,0,12,NULL,NULL),(130,'COMANDANTE NOEL','03',1,0,12,NULL,NULL),(131,'YAUTAN','05',1,0,12,NULL,NULL),(132,'CORONGO','01',1,0,13,NULL,NULL),(133,'ACO','02',1,0,13,NULL,NULL),(134,'BAMBAS','03',1,0,13,NULL,NULL),(135,'CUSCA','04',1,0,13,NULL,NULL),(136,'LA PAMPA','05',1,0,13,NULL,NULL),(137,'YANAC','06',1,0,13,NULL,NULL),(138,'YUPAN','07',1,0,13,NULL,NULL),(139,'CARAZ','01',1,0,14,NULL,NULL),(140,'HUALLANCA','02',1,0,14,NULL,NULL),(141,'HUATA','03',1,0,14,NULL,NULL),(142,'HUAYLAS','04',1,0,14,NULL,NULL),(143,'MATO','05',1,0,14,NULL,NULL),(144,'PAMPAROMAS','06',1,0,14,NULL,NULL),(145,'PUEBLO LIBRE','07',1,0,14,NULL,NULL),(146,'SANTA CRUZ','08',1,0,14,NULL,NULL),(147,'YURACMARCA','09',1,0,14,NULL,NULL),(148,'SANTO TORIBIO','10',1,0,14,NULL,NULL),(149,'HUARI','01',1,0,15,NULL,NULL),(150,'CAJAY','02',1,0,15,NULL,NULL),(151,'CHAVIN DE HUANTAR','03',1,0,15,NULL,NULL),(152,'HUACACHI','04',1,0,15,NULL,NULL),(153,'HUACHIS','05',1,0,15,NULL,NULL),(154,'HUACCHIS','06',1,0,15,NULL,NULL),(155,'HUANTAR','07',1,0,15,NULL,NULL),(156,'MASIN','08',1,0,15,NULL,NULL),(157,'PAUCAS','09',1,0,15,NULL,NULL),(158,'PONTO','10',1,0,15,NULL,NULL),(159,'RAHUAPAMPA','11',1,0,15,NULL,NULL),(160,'RAPAYAN','12',1,0,15,NULL,NULL),(161,'SAN MARCOS','13',1,0,15,NULL,NULL),(162,'SAN PEDRO DE CHANA','14',1,0,15,NULL,NULL),(163,'UCO','15',1,0,15,NULL,NULL),(164,'ANRA','16',1,0,15,NULL,NULL),(165,'PISCOBAMBA','01',1,0,16,NULL,NULL),(166,'CASCA','02',1,0,16,NULL,NULL),(167,'LUCMA','03',1,0,16,NULL,NULL),(168,'FIDEL OLIVAS ESCUDERO','04',1,0,16,NULL,NULL),(169,'LLAMA','05',1,0,16,NULL,NULL),(170,'LLUMPA','06',1,0,16,NULL,NULL),(171,'MUSGA','07',1,0,16,NULL,NULL),(172,'ELEAZAR GUZMAN BARRON','08',1,0,16,NULL,NULL),(173,'CABANA','01',1,0,17,NULL,NULL),(174,'BOLOGNESI','02',1,0,17,NULL,NULL),(175,'CONCHUCOS','03',1,0,17,NULL,NULL),(176,'HUACASCHUQUE','04',1,0,17,NULL,NULL),(177,'HUANDOVAL','05',1,0,17,NULL,NULL),(178,'LACABAMBA','06',1,0,17,NULL,NULL),(179,'LLAPO','07',1,0,17,NULL,NULL),(180,'PALLASCA','08',1,0,17,NULL,NULL),(181,'PAMPAS','09',1,0,17,NULL,NULL),(182,'SANTA ROSA','10',1,0,17,NULL,NULL),(183,'TAUCA','11',1,0,17,NULL,NULL),(184,'POMABAMBA','01',1,0,18,NULL,NULL),(185,'HUAYLLAN','02',1,0,18,NULL,NULL),(186,'PAROBAMBA','03',1,0,18,NULL,NULL),(187,'QUINUABAMBA','04',1,0,18,NULL,NULL),(188,'RECUAY','01',1,0,19,NULL,NULL),(189,'COTAPARACO','02',1,0,19,NULL,NULL),(190,'HUAYLLAPAMPA','03',1,0,19,NULL,NULL),(191,'MARCA','04',1,0,19,NULL,NULL),(192,'PAMPAS CHICO','05',1,0,19,NULL,NULL),(193,'PARARIN','06',1,0,19,NULL,NULL),(194,'TAPACOCHA','07',1,0,19,NULL,NULL),(195,'TICAPAMPA','08',1,0,19,NULL,NULL),(196,'LLACLLIN','09',1,0,19,NULL,NULL),(197,'CATAC','10',1,0,19,NULL,NULL),(198,'CHIMBOTE','01',1,0,20,NULL,NULL),(199,'CACERES DEL PERU','02',1,0,20,NULL,NULL),(200,'MACATE','03',1,0,20,NULL,NULL),(201,'MORO','04',1,0,20,NULL,NULL),(202,'NEPEÑA','05',1,0,20,NULL,NULL),(203,'SAMANCO','06',1,0,20,NULL,NULL),(204,'SANTA','07',1,0,20,NULL,NULL),(205,'COISHCO','08',1,0,20,NULL,NULL),(206,'NUEVO CHIMBOTE','09',1,0,20,NULL,NULL),(207,'SIHUAS','01',1,0,21,NULL,NULL),(208,'ALFONSO UGARTE','02',1,0,21,NULL,NULL),(209,'CHINGALPO','03',1,0,21,NULL,NULL),(210,'HUAYLLABAMBA','04',1,0,21,NULL,NULL),(211,'QUICHES','05',1,0,21,NULL,NULL),(212,'SICSIBAMBA','06',1,0,21,NULL,NULL),(213,'ACOBAMBA','07',1,0,21,NULL,NULL),(214,'CASHAPAMPA','08',1,0,21,NULL,NULL),(215,'RAGASH','09',1,0,21,NULL,NULL),(216,'SAN JUAN','10',1,0,21,NULL,NULL),(217,'YUNGAY','01',1,0,22,NULL,NULL),(218,'CASCAPARA','02',1,0,22,NULL,NULL),(219,'MANCOS','03',1,0,22,NULL,NULL),(220,'MATACOTO','04',1,0,22,NULL,NULL),(221,'QUILLO','05',1,0,22,NULL,NULL),(222,'RANRAHIRCA','06',1,0,22,NULL,NULL),(223,'SHUPLUY','07',1,0,22,NULL,NULL),(224,'YANAMA','08',1,0,22,NULL,NULL),(225,'LLAMELLIN','01',1,0,23,NULL,NULL),(226,'ACZO','02',1,0,23,NULL,NULL),(227,'CHACCHO','03',1,0,23,NULL,NULL),(228,'CHINGAS','04',1,0,23,NULL,NULL),(229,'MIRGAS','05',1,0,23,NULL,NULL),(230,'SAN JUAN DE RONTOY','06',1,0,23,NULL,NULL),(231,'SAN LUIS','01',1,0,24,NULL,NULL),(232,'YAUYA','02',1,0,24,NULL,NULL),(233,'SAN NICOLAS','03',1,0,24,NULL,NULL),(234,'CHACAS','01',1,0,25,NULL,NULL),(235,'ACOCHACA','02',1,0,25,NULL,NULL),(236,'HUARMEY','01',1,0,26,NULL,NULL),(237,'COCHAPETI','02',1,0,26,NULL,NULL),(238,'HUAYAN','03',1,0,26,NULL,NULL),(239,'MALVAS','04',1,0,26,NULL,NULL),(240,'CULEBRAS','05',1,0,26,NULL,NULL),(241,'ACAS','01',1,0,27,NULL,NULL),(242,'CAJAMARQUILLA','02',1,0,27,NULL,NULL),(243,'CARHUAPAMPA','03',1,0,27,NULL,NULL),(244,'COCHAS','04',1,0,27,NULL,NULL),(245,'CONGAS','05',1,0,27,NULL,NULL),(246,'LLIPA','06',1,0,27,NULL,NULL),(247,'OCROS','07',1,0,27,NULL,NULL),(248,'SAN CRISTOBAL DE RAJAN','08',1,0,27,NULL,NULL),(249,'SAN PEDRO','09',1,0,27,NULL,NULL),(250,'SANTIAGO DE CHILCAS','10',1,0,27,NULL,NULL),(251,'ABANCAY','01',1,0,28,NULL,NULL),(252,'CIRCA','02',1,0,28,NULL,NULL),(253,'CURAHUASI','03',1,0,28,NULL,NULL),(254,'CHACOCHE','04',1,0,28,NULL,NULL),(255,'HUANIPACA','05',1,0,28,NULL,NULL),(256,'LAMBRAMA','06',1,0,28,NULL,NULL),(257,'PICHIRHUA','07',1,0,28,NULL,NULL),(258,'SAN PEDRO DE CACHORA','08',1,0,28,NULL,NULL),(259,'TAMBURCO','09',1,0,28,NULL,NULL),(260,'CHALHUANCA','01',1,0,29,NULL,NULL),(261,'CAPAYA','02',1,0,29,NULL,NULL),(262,'CARAYBAMBA','03',1,0,29,NULL,NULL),(263,'COLCABAMBA','04',1,0,29,NULL,NULL),(264,'COTARUSE','05',1,0,29,NULL,NULL),(265,'CHAPIMARCA','06',1,0,29,NULL,NULL),(266,'HUAYLLO','07',1,0,29,NULL,NULL),(267,'LUCRE','08',1,0,29,NULL,NULL),(268,'POCOHUANCA','09',1,0,29,NULL,NULL),(269,'SAÑAYCA','10',1,0,29,NULL,NULL),(270,'SORAYA','11',1,0,29,NULL,NULL),(271,'TAPAIRIHUA','12',1,0,29,NULL,NULL),(272,'TINTAY','13',1,0,29,NULL,NULL),(273,'TORAYA','14',1,0,29,NULL,NULL),(274,'YANACA','15',1,0,29,NULL,NULL),(275,'SAN JUAN DE CHACÑA','16',1,0,29,NULL,NULL),(276,'JUSTO APU SAHUARAURA','17',1,0,29,NULL,NULL),(277,'ANDAHUAYLAS','01',1,0,30,NULL,NULL),(278,'ANDARAPA','02',1,0,30,NULL,NULL),(279,'CHIARA','03',1,0,30,NULL,NULL),(280,'HUANCARAMA','04',1,0,30,NULL,NULL),(281,'HUANCARAY','05',1,0,30,NULL,NULL),(282,'KISHUARA','06',1,0,30,NULL,NULL),(283,'PACOBAMBA','07',1,0,30,NULL,NULL),(284,'PAMPACHIRI','08',1,0,30,NULL,NULL),(285,'SAN ANTONIO DE CACHI','09',1,0,30,NULL,NULL),(286,'SAN JERONIMO','10',1,0,30,NULL,NULL),(287,'TALAVERA','11',1,0,30,NULL,NULL),(288,'TURPO','12',1,0,30,NULL,NULL),(289,'PACUCHA','13',1,0,30,NULL,NULL),(290,'POMACOCHA','14',1,0,30,NULL,NULL),(291,'SANTA MARIA DE CHICMO','15',1,0,30,NULL,NULL),(292,'TUMAY HUARACA','16',1,0,30,NULL,NULL),(293,'HUAYANA','17',1,0,30,NULL,NULL),(294,'SAN MIGUEL DE CHACCRAMPA','18',1,0,30,NULL,NULL),(295,'KAQUIABAMBA','19',1,0,30,NULL,NULL),(296,'ANTABAMBA','01',1,0,31,NULL,NULL),(297,'EL ORO','02',1,0,31,NULL,NULL),(298,'HUAQUIRCA','03',1,0,31,NULL,NULL),(299,'JUAN ESPINOZA MEDRANO','04',1,0,31,NULL,NULL),(300,'OROPESA','05',1,0,31,NULL,NULL),(301,'PACHACONAS','06',1,0,31,NULL,NULL),(302,'SABAINO','07',1,0,31,NULL,NULL),(303,'TAMBOBAMBA','01',1,0,32,NULL,NULL),(304,'COYLLURQUI','02',1,0,32,NULL,NULL),(305,'COTABAMBAS','03',1,0,32,NULL,NULL),(306,'HAQUIRA','04',1,0,32,NULL,NULL),(307,'MARA','05',1,0,32,NULL,NULL),(308,'CHALLHUAHUACHO','06',1,0,32,NULL,NULL),(309,'CHUQUIBAMBILLA','01',1,0,33,NULL,NULL),(310,'CURPAHUASI','02',1,0,33,NULL,NULL),(311,'HUAYLLATI','03',1,0,33,NULL,NULL),(312,'MAMARA','04',1,0,33,NULL,NULL),(313,'MARISCAL GAMARRA','05',1,0,33,NULL,NULL),(314,'MICAELA BASTIDAS','06',1,0,33,NULL,NULL),(315,'PROGRESO','07',1,0,33,NULL,NULL),(316,'PATAYPAMPA','08',1,0,33,NULL,NULL),(317,'SAN ANTONIO','09',1,0,33,NULL,NULL),(318,'TURPAY','10',1,0,33,NULL,NULL),(319,'VILCABAMBA','11',1,0,33,NULL,NULL),(320,'VIRUNDO','12',1,0,33,NULL,NULL),(321,'SANTA ROSA','13',1,0,33,NULL,NULL),(322,'CURASCO','14',1,0,33,NULL,NULL),(323,'CHINCHEROS','01',1,0,34,NULL,NULL),(324,'ONGOY','02',1,0,34,NULL,NULL),(325,'OCOBAMBA','03',1,0,34,NULL,NULL),(326,'COCHARCAS','04',1,0,34,NULL,NULL),(327,'ANCO HUALLO','05',1,0,34,NULL,NULL),(328,'HUACCANA','06',1,0,34,NULL,NULL),(329,'URANMARCA','07',1,0,34,NULL,NULL),(330,'RANRACANCHA','08',1,0,34,NULL,NULL),(331,'AREQUIPA','01',1,0,35,NULL,NULL),(332,'CAYMA','02',1,0,35,NULL,NULL),(333,'CERRO COLORADO','03',1,0,35,NULL,NULL),(334,'CHARACATO','04',1,0,35,NULL,NULL),(335,'CHIGUATA','05',1,0,35,NULL,NULL),(336,'LA JOYA','06',1,0,35,NULL,NULL),(337,'MIRAFLORES','07',1,0,35,NULL,NULL),(338,'MOLLEBAYA','08',1,0,35,NULL,NULL),(339,'PAUCARPATA','09',1,0,35,NULL,NULL),(340,'POCSI','10',1,0,35,NULL,NULL),(341,'POLOBAYA','11',1,0,35,NULL,NULL),(342,'QUEQUEÑA','12',1,0,35,NULL,NULL),(343,'SABANDIA','13',1,0,35,NULL,NULL),(344,'SACHACA','14',1,0,35,NULL,NULL),(345,'SAN JUAN DE SIGUAS','15',1,0,35,NULL,NULL),(346,'SAN JUAN DE TARUCANI','16',1,0,35,NULL,NULL),(347,'SANTA ISABEL DE SIGUAS','17',1,0,35,NULL,NULL),(348,'SANTA RITA DE SIHUAS','18',1,0,35,NULL,NULL),(349,'SOCABAYA','19',1,0,35,NULL,NULL),(350,'TIABAYA','20',1,0,35,NULL,NULL),(351,'UCHUMAYO','21',1,0,35,NULL,NULL),(352,'VITOR','22',1,0,35,NULL,NULL),(353,'YANAHUARA','23',1,0,35,NULL,NULL),(354,'YARABAMBA','24',1,0,35,NULL,NULL),(355,'YURA','25',1,0,35,NULL,NULL),(356,'MARIANO MELGAR','26',1,0,35,NULL,NULL),(357,'JACOBO HUNTER','27',1,0,35,NULL,NULL),(358,'ALTO SELVA ALEGRE','28',1,0,35,NULL,NULL),(359,'JOSE LUIS BUSTAMANTE Y RIVERO','29',1,0,35,NULL,NULL),(360,'CHIVAY','01',1,0,36,NULL,NULL),(361,'ACHOMA','02',1,0,36,NULL,NULL),(362,'CABANACONDE','03',1,0,36,NULL,NULL),(363,'CAYLLOMA','04',1,0,36,NULL,NULL),(364,'CALLALLI','05',1,0,36,NULL,NULL),(365,'COPORAQUE','06',1,0,36,NULL,NULL),(366,'HUAMBO','07',1,0,36,NULL,NULL),(367,'HUANCA','08',1,0,36,NULL,NULL),(368,'ICHUPAMPA','09',1,0,36,NULL,NULL),(369,'LARI','10',1,0,36,NULL,NULL),(370,'LLUTA','11',1,0,36,NULL,NULL),(371,'MACA','12',1,0,36,NULL,NULL),(372,'MADRIGAL','13',1,0,36,NULL,NULL),(373,'SAN ANTONIO DE CHUCA','14',1,0,36,NULL,NULL),(374,'SIBAYO','15',1,0,36,NULL,NULL),(375,'TAPAY','16',1,0,36,NULL,NULL),(376,'TISCO','17',1,0,36,NULL,NULL),(377,'TUTI','18',1,0,36,NULL,NULL),(378,'YANQUE','19',1,0,36,NULL,NULL),(379,'MAJES','20',1,0,36,NULL,NULL),(380,'CAMANA','01',1,0,37,NULL,NULL),(381,'JOSE MARIA QUIMPER','02',1,0,37,NULL,NULL),(382,'MARIANO NICOLAS VALCARCEL','03',1,0,37,NULL,NULL),(383,'MARISCAL CACERES','04',1,0,37,NULL,NULL),(384,'NICOLAS DE PIEROLA','05',1,0,37,NULL,NULL),(385,'OCOÑA','06',1,0,37,NULL,NULL),(386,'QUILCA','07',1,0,37,NULL,NULL),(387,'SAMUEL PASTOR','08',1,0,37,NULL,NULL),(388,'CARAVELI','01',1,0,38,NULL,NULL),(389,'ACARI','02',1,0,38,NULL,NULL),(390,'ATICO','03',1,0,38,NULL,NULL),(391,'ATIQUIPA','04',1,0,38,NULL,NULL),(392,'BELLA UNION','05',1,0,38,NULL,NULL),(393,'CAHUACHO','06',1,0,38,NULL,NULL),(394,'CHALA','07',1,0,38,NULL,NULL),(395,'CHAPARRA','08',1,0,38,NULL,NULL),(396,'HUANUHUANU','09',1,0,38,NULL,NULL),(397,'JAQUI','10',1,0,38,NULL,NULL),(398,'LOMAS','11',1,0,38,NULL,NULL),(399,'QUICACHA','12',1,0,38,NULL,NULL),(400,'YAUCA','13',1,0,38,NULL,NULL),(401,'APLAO','01',1,0,39,NULL,NULL),(402,'ANDAGUA','02',1,0,39,NULL,NULL),(403,'AYO','03',1,0,39,NULL,NULL),(404,'CHACHAS','04',1,0,39,NULL,NULL),(405,'CHILCAYMARCA','05',1,0,39,NULL,NULL),(406,'CHOCO','06',1,0,39,NULL,NULL),(407,'HUANCARQUI','07',1,0,39,NULL,NULL),(408,'MACHAGUAY','08',1,0,39,NULL,NULL),(409,'ORCOPAMPA','09',1,0,39,NULL,NULL),(410,'PAMPACOLCA','10',1,0,39,NULL,NULL),(411,'TIPAN','11',1,0,39,NULL,NULL),(412,'URACA','12',1,0,39,NULL,NULL),(413,'UÑON','13',1,0,39,NULL,NULL),(414,'VIRACO','14',1,0,39,NULL,NULL),(415,'CHUQUIBAMBA','01',1,0,40,NULL,NULL),(416,'ANDARAY','02',1,0,40,NULL,NULL),(417,'CAYARANI','03',1,0,40,NULL,NULL),(418,'CHICHAS','04',1,0,40,NULL,NULL),(419,'IRAY','05',1,0,40,NULL,NULL),(420,'SALAMANCA','06',1,0,40,NULL,NULL),(421,'YANAQUIHUA','07',1,0,40,NULL,NULL),(422,'RIO GRANDE','08',1,0,40,NULL,NULL),(423,'MOLLENDO','01',1,0,41,NULL,NULL),(424,'COCACHACRA','02',1,0,41,NULL,NULL),(425,'DEAN VALDIVIA','03',1,0,41,NULL,NULL),(426,'ISLAY','04',1,0,41,NULL,NULL),(427,'MEJIA','05',1,0,41,NULL,NULL),(428,'PUNTA DE BOMBON','06',1,0,41,NULL,NULL),(429,'COTAHUASI','01',1,0,42,NULL,NULL),(430,'ALCA','02',1,0,42,NULL,NULL),(431,'CHARCANA','03',1,0,42,NULL,NULL),(432,'HUAYNACOTAS','04',1,0,42,NULL,NULL),(433,'PAMPAMARCA','05',1,0,42,NULL,NULL),(434,'PUYCA','06',1,0,42,NULL,NULL),(435,'QUECHUALLA','07',1,0,42,NULL,NULL),(436,'SAYLA','08',1,0,42,NULL,NULL),(437,'TAURIA','09',1,0,42,NULL,NULL),(438,'TOMEPAMPA','10',1,0,42,NULL,NULL),(439,'TORO','11',1,0,42,NULL,NULL),(440,'AYACUCHO','01',1,0,43,NULL,NULL),(441,'ACOS VINCHOS','02',1,0,43,NULL,NULL),(442,'CARMEN ALTO','03',1,0,43,NULL,NULL),(443,'CHIARA','04',1,0,43,NULL,NULL),(444,'QUINUA','05',1,0,43,NULL,NULL),(445,'SAN JOSE DE TICLLAS','06',1,0,43,NULL,NULL),(446,'SAN JUAN BAUTISTA','07',1,0,43,NULL,NULL),(447,'SANTIAGO DE PISCHA','08',1,0,43,NULL,NULL),(448,'VINCHOS','09',1,0,43,NULL,NULL),(449,'TAMBILLO','10',1,0,43,NULL,NULL),(450,'ACOCRO','11',1,0,43,NULL,NULL),(451,'SOCOS','12',1,0,43,NULL,NULL),(452,'OCROS','13',1,0,43,NULL,NULL),(453,'PACAYCASA','14',1,0,43,NULL,NULL),(454,'JESUS NAZARENO','15',1,0,43,NULL,NULL),(455,'CANGALLO','01',1,0,44,NULL,NULL),(456,'CHUSCHI','04',1,0,44,NULL,NULL),(457,'LOS MOROCHUCOS','06',1,0,44,NULL,NULL),(458,'PARAS','07',1,0,44,NULL,NULL),(459,'TOTOS','08',1,0,44,NULL,NULL),(460,'MARIA PARADO DE BELLIDO','11',1,0,44,NULL,NULL),(461,'HUANTA','01',1,0,45,NULL,NULL),(462,'AYAHUANCO','02',1,0,45,NULL,NULL),(463,'HUAMANGUILLA','03',1,0,45,NULL,NULL),(464,'IGUAIN','04',1,0,45,NULL,NULL),(465,'LURICOCHA','05',1,0,45,NULL,NULL),(466,'SANTILLANA','07',1,0,45,NULL,NULL),(467,'SIVIA','08',1,0,45,NULL,NULL),(468,'LLOCHEGUA','09',1,0,45,NULL,NULL),(469,'SAN MIGUEL','01',1,0,46,NULL,NULL),(470,'ANCO','02',1,0,46,NULL,NULL),(471,'AYNA','03',1,0,46,NULL,NULL),(472,'CHILCAS','04',1,0,46,NULL,NULL),(473,'CHUNGUI','05',1,0,46,NULL,NULL),(474,'TAMBO','06',1,0,46,NULL,NULL),(475,'LUIS CARRANZA','07',1,0,46,NULL,NULL),(476,'SANTA ROSA','08',1,0,46,NULL,NULL),(477,'SAMUGARI','09',1,0,46,NULL,NULL),(478,'PUQUIO','01',1,0,47,NULL,NULL),(479,'AUCARA','02',1,0,47,NULL,NULL),(480,'CABANA','03',1,0,47,NULL,NULL),(481,'CARMEN SALCEDO','04',1,0,47,NULL,NULL),(482,'CHAVIÑA','06',1,0,47,NULL,NULL),(483,'CHIPAO','08',1,0,47,NULL,NULL),(484,'HUAC-HUAS','10',1,0,47,NULL,NULL),(485,'LARAMATE','11',1,0,47,NULL,NULL),(486,'LEONCIO PRADO','12',1,0,47,NULL,NULL),(487,'LUCANAS','13',1,0,47,NULL,NULL),(488,'LLAUTA','14',1,0,47,NULL,NULL),(489,'OCAÑA','16',1,0,47,NULL,NULL),(490,'OTOCA','17',1,0,47,NULL,NULL),(491,'SANCOS','20',1,0,47,NULL,NULL),(492,'SAN JUAN','21',1,0,47,NULL,NULL),(493,'SAN PEDRO','22',1,0,47,NULL,NULL),(494,'SANTA ANA DE HUAYCAHUACHO','24',1,0,47,NULL,NULL),(495,'SANTA LUCIA','25',1,0,47,NULL,NULL),(496,'SAISA','29',1,0,47,NULL,NULL),(497,'SAN PEDRO DE PALCO','31',1,0,47,NULL,NULL),(498,'SAN CRISTOBAL','32',1,0,47,NULL,NULL),(499,'CORACORA','01',1,0,48,NULL,NULL),(500,'CORONEL CASTAÑEDA','04',1,0,48,NULL,NULL),(501,'CHUMPI','05',1,0,48,NULL,NULL),(502,'PACAPAUSA','08',1,0,48,NULL,NULL),(503,'PULLO','11',1,0,48,NULL,NULL),(504,'PUYUSCA','12',1,0,48,NULL,NULL),(505,'SAN FRANCISCO DE RAVACAYCO','15',1,0,48,NULL,NULL),(506,'UPAHUACHO','16',1,0,48,NULL,NULL),(507,'HUANCAPI','01',1,0,49,NULL,NULL),(508,'ALCAMENCA','02',1,0,49,NULL,NULL),(509,'APONGO','03',1,0,49,NULL,NULL),(510,'CANARIA','04',1,0,49,NULL,NULL),(511,'CAYARA','06',1,0,49,NULL,NULL),(512,'COLCA','07',1,0,49,NULL,NULL),(513,'HUALLA','08',1,0,49,NULL,NULL),(514,'HUAMANQUIQUIA','09',1,0,49,NULL,NULL),(515,'HUANCARAYLLA','10',1,0,49,NULL,NULL),(516,'SARHUA','13',1,0,49,NULL,NULL),(517,'VILCANCHOS','14',1,0,49,NULL,NULL),(518,'ASQUIPATA','15',1,0,49,NULL,NULL),(519,'SANCOS','01',1,0,50,NULL,NULL),(520,'SACSAMARCA','02',1,0,50,NULL,NULL),(521,'SANTIAGO DE LUCANAMARCA','03',1,0,50,NULL,NULL),(522,'CARAPO','04',1,0,50,NULL,NULL),(523,'VILCAS HUAMAN','01',1,0,51,NULL,NULL),(524,'VISCHONGO','02',1,0,51,NULL,NULL),(525,'ACCOMARCA','03',1,0,51,NULL,NULL),(526,'CARHUANCA','04',1,0,51,NULL,NULL),(527,'CONCEPCION','05',1,0,51,NULL,NULL),(528,'HUAMBALPA','06',1,0,51,NULL,NULL),(529,'SAURAMA','07',1,0,51,NULL,NULL),(530,'INDEPENDENCIA','08',1,0,51,NULL,NULL),(531,'PAUSA','01',1,0,52,NULL,NULL),(532,'COLTA','02',1,0,52,NULL,NULL),(533,'CORCULLA','03',1,0,52,NULL,NULL),(534,'LAMPA','04',1,0,52,NULL,NULL),(535,'MARCABAMBA','05',1,0,52,NULL,NULL),(536,'OYOLO','06',1,0,52,NULL,NULL),(537,'PARARCA','07',1,0,52,NULL,NULL),(538,'SAN JAVIER DE ALPABAMBA','08',1,0,52,NULL,NULL),(539,'SAN JOSE DE USHUA','09',1,0,52,NULL,NULL),(540,'SARA SARA','10',1,0,52,NULL,NULL),(541,'QUEROBAMBA','01',1,0,53,NULL,NULL),(542,'BELEN','02',1,0,53,NULL,NULL),(543,'CHALCOS','03',1,0,53,NULL,NULL),(544,'SAN SALVADOR DE QUIJE','04',1,0,53,NULL,NULL),(545,'PAICO','05',1,0,53,NULL,NULL),(546,'SANTIAGO DE PAUCARAY','06',1,0,53,NULL,NULL),(547,'SAN PEDRO DE LARCAY','07',1,0,53,NULL,NULL),(548,'SORAS','08',1,0,53,NULL,NULL),(549,'HUACAÑA','09',1,0,53,NULL,NULL),(550,'CHILCAYOC','10',1,0,53,NULL,NULL),(551,'MORCOLLA','11',1,0,53,NULL,NULL),(552,'CAJAMARCA','01',1,0,54,NULL,NULL),(553,'ASUNCION','02',1,0,54,NULL,NULL),(554,'COSPAN','03',1,0,54,NULL,NULL),(555,'CHETILLA','04',1,0,54,NULL,NULL),(556,'ENCAÑADA','05',1,0,54,NULL,NULL),(557,'JESUS','06',1,0,54,NULL,NULL),(558,'LOS BAÑOS DEL INCA','07',1,0,54,NULL,NULL),(559,'LLACANORA','08',1,0,54,NULL,NULL),(560,'MAGDALENA','09',1,0,54,NULL,NULL),(561,'MATARA','10',1,0,54,NULL,NULL),(562,'NAMORA','11',1,0,54,NULL,NULL),(563,'SAN JUAN','12',1,0,54,NULL,NULL),(564,'CAJABAMBA','01',1,0,55,NULL,NULL),(565,'CACHACHI','02',1,0,55,NULL,NULL),(566,'CONDEBAMBA','03',1,0,55,NULL,NULL),(567,'SITACOCHA','05',1,0,55,NULL,NULL),(568,'CELENDIN','01',1,0,56,NULL,NULL),(569,'CORTEGANA','02',1,0,56,NULL,NULL),(570,'CHUMUCH','03',1,0,56,NULL,NULL),(571,'HUASMIN','04',1,0,56,NULL,NULL),(572,'JORGE CHAVEZ','05',1,0,56,NULL,NULL),(573,'JOSE GALVEZ','06',1,0,56,NULL,NULL),(574,'MIGUEL IGLESIAS','07',1,0,56,NULL,NULL),(575,'OXAMARCA','08',1,0,56,NULL,NULL),(576,'SOROCHUCO','09',1,0,56,NULL,NULL),(577,'SUCRE','10',1,0,56,NULL,NULL),(578,'UTCO','11',1,0,56,NULL,NULL),(579,'LA LIBERTAD DE PALLAN','12',1,0,56,NULL,NULL),(580,'CONTUMAZA','01',1,0,57,NULL,NULL),(581,'CHILETE','03',1,0,57,NULL,NULL),(582,'GUZMANGO','04',1,0,57,NULL,NULL),(583,'SAN BENITO','05',1,0,57,NULL,NULL),(584,'CUPISNIQUE','06',1,0,57,NULL,NULL),(585,'TANTARICA','07',1,0,57,NULL,NULL),(586,'YONAN','08',1,0,57,NULL,NULL),(587,'SANTA CRUZ DE TOLED','09',1,0,57,NULL,NULL),(588,'CUTERVO','01',1,0,58,NULL,NULL),(589,'CALLAYUC','02',1,0,58,NULL,NULL),(590,'CUJILLO','03',1,0,58,NULL,NULL),(591,'CHOROS','04',1,0,58,NULL,NULL),(592,'LA RAMADA','05',1,0,58,NULL,NULL),(593,'PIMPINGOS','06',1,0,58,NULL,NULL),(594,'QUEROCOTILLO','07',1,0,58,NULL,NULL),(595,'SAN ANDRES DE CUTERVO','08',1,0,58,NULL,NULL),(596,'SAN JUAN DE CUTERVO','09',1,0,58,NULL,NULL),(597,'SAN LUIS DE LUCMA','10',1,0,58,NULL,NULL),(598,'SANTA CRUZ','11',1,0,58,NULL,NULL),(599,'SANTO DOMINGO DE LA CAPILLA','12',1,0,58,NULL,NULL),(600,'SANTO TOMAS','13',1,0,58,NULL,NULL),(601,'SOCOTA','14',1,0,58,NULL,NULL),(602,'TORIBIO CASANOVA','15',1,0,58,NULL,NULL),(603,'CHOTA','01',1,0,59,NULL,NULL),(604,'ANGUIA','02',1,0,59,NULL,NULL),(605,'COCHABAMBA','03',1,0,59,NULL,NULL),(606,'CONCHAN','04',1,0,59,NULL,NULL),(607,'CHADIN','05',1,0,59,NULL,NULL),(608,'CHIGUIRIP','06',1,0,59,NULL,NULL),(609,'CHIMBAN','07',1,0,59,NULL,NULL),(610,'HUAMBOS','08',1,0,59,NULL,NULL),(611,'LAJAS','09',1,0,59,NULL,NULL),(612,'LLAMA','10',1,0,59,NULL,NULL),(613,'MIRACOSTA','11',1,0,59,NULL,NULL),(614,'PACCHA','12',1,0,59,NULL,NULL),(615,'PION','13',1,0,59,NULL,NULL),(616,'QUEROCOTO','14',1,0,59,NULL,NULL),(617,'TACABAMBA','15',1,0,59,NULL,NULL),(618,'TOCMOCHE','16',1,0,59,NULL,NULL),(619,'SAN JUAN DE LICUPIS','17',1,0,59,NULL,NULL),(620,'CHOROPAMPA','18',1,0,59,NULL,NULL),(621,'CHALAMARCA','19',1,0,59,NULL,NULL),(622,'BAMBAMARCA','01',1,0,60,NULL,NULL),(623,'CHUGUR','02',1,0,60,NULL,NULL),(624,'HUALGAYOC','03',1,0,60,NULL,NULL),(625,'JAEN','01',1,0,61,NULL,NULL),(626,'BELLAVISTA','02',1,0,61,NULL,NULL),(627,'COLASAY','03',1,0,61,NULL,NULL),(628,'CHONTALI','04',1,0,61,NULL,NULL),(629,'POMAHUACA','05',1,0,61,NULL,NULL),(630,'PUCARA','06',1,0,61,NULL,NULL),(631,'SALLIQUE','07',1,0,61,NULL,NULL),(632,'SAN FELIPE','08',1,0,61,NULL,NULL),(633,'SAN JOSE DEL ALTO','09',1,0,61,NULL,NULL),(634,'SANTA ROSA','10',1,0,61,NULL,NULL),(635,'LAS PIRIAS','11',1,0,61,NULL,NULL),(636,'HUABAL','12',1,0,61,NULL,NULL),(637,'SANTA CRUZ','01',1,0,62,NULL,NULL),(638,'CATACHE','02',1,0,62,NULL,NULL),(639,'CHANCAYBAÑOS','03',1,0,62,NULL,NULL),(640,'LA ESPERANZA','04',1,0,62,NULL,NULL),(641,'NINABAMBA','05',1,0,62,NULL,NULL),(642,'PULAN','06',1,0,62,NULL,NULL),(643,'SEXI','07',1,0,62,NULL,NULL),(644,'UTICYACU','08',1,0,62,NULL,NULL),(645,'YAUYUCAN','09',1,0,62,NULL,NULL),(646,'ANDABAMBA','10',1,0,62,NULL,NULL),(647,'SAUCEPAMPA','11',1,0,62,NULL,NULL),(648,'SAN MIGUEL','01',1,0,63,NULL,NULL),(649,'CALQUIS','02',1,0,63,NULL,NULL),(650,'LA FLORIDA','03',1,0,63,NULL,NULL),(651,'LLAPA','04',1,0,63,NULL,NULL),(652,'NANCHOC','05',1,0,63,NULL,NULL),(653,'NIEPOS','06',1,0,63,NULL,NULL),(654,'SAN GREGORIO','07',1,0,63,NULL,NULL),(655,'SAN SILVESTRE DE COCHAN','08',1,0,63,NULL,NULL),(656,'EL PRADO','09',1,0,63,NULL,NULL),(657,'UNION AGUA BLANCA','10',1,0,63,NULL,NULL),(658,'TONGOD','11',1,0,63,NULL,NULL),(659,'CATILLUC','12',1,0,63,NULL,NULL),(660,'BOLIVAR','13',1,0,63,NULL,NULL),(661,'SAN IGNACIO','01',1,0,64,NULL,NULL),(662,'CHIRINOS','02',1,0,64,NULL,NULL),(663,'HUARANGO','03',1,0,64,NULL,NULL),(664,'NAMBALLE','04',1,0,64,NULL,NULL),(665,'LA COIPA','05',1,0,64,NULL,NULL),(666,'SAN JOSE DE LOURDES','06',1,0,64,NULL,NULL),(667,'TABACONAS','07',1,0,64,NULL,NULL),(668,'PEDRO GALVEZ','01',1,0,65,NULL,NULL),(669,'ICHOCAN','02',1,0,65,NULL,NULL),(670,'GREGORIO PITA','03',1,0,65,NULL,NULL),(671,'JOSE MANUEL QUIROZ','04',1,0,65,NULL,NULL),(672,'EDUARDO VILLANUEVA','05',1,0,65,NULL,NULL),(673,'JOSE SABOGAL','06',1,0,65,NULL,NULL),(674,'CHANCAY','07',1,0,65,NULL,NULL),(675,'SAN PABLO','01',1,0,66,NULL,NULL),(676,'SAN BERNARDINO','02',1,0,66,NULL,NULL),(677,'SAN LUIS','03',1,0,66,NULL,NULL),(678,'TUMBADEN','04',1,0,66,NULL,NULL),(679,'CUSCO','01',1,0,67,NULL,NULL),(680,'CCORCA','02',1,0,67,NULL,NULL),(681,'POROY','03',1,0,67,NULL,NULL),(682,'SAN JERONIMO','04',1,0,67,NULL,NULL),(683,'SAN SEBASTIAN','05',1,0,67,NULL,NULL),(684,'SANTIAGO','06',1,0,67,NULL,NULL),(685,'SAYLLA','07',1,0,67,NULL,NULL),(686,'WANCHAQ','08',1,0,67,NULL,NULL),(687,'ACOMAYO','01',1,0,68,NULL,NULL),(688,'ACOPIA','02',1,0,68,NULL,NULL),(689,'ACOS','03',1,0,68,NULL,NULL),(690,'POMACANCHI','04',1,0,68,NULL,NULL),(691,'RONDOCAN','05',1,0,68,NULL,NULL),(692,'SANGARARA','06',1,0,68,NULL,NULL),(693,'MOSOC LLACTA','07',1,0,68,NULL,NULL),(694,'ANTA','01',1,0,69,NULL,NULL),(695,'CHINCHAYPUJIO','02',1,0,69,NULL,NULL),(696,'HUAROCONDO','03',1,0,69,NULL,NULL),(697,'LIMATAMBO','04',1,0,69,NULL,NULL),(698,'MOLLEPATA','05',1,0,69,NULL,NULL),(699,'PUCYURA','06',1,0,69,NULL,NULL),(700,'ZURITE','07',1,0,69,NULL,NULL),(701,'CACHIMAYO','08',1,0,69,NULL,NULL),(702,'ANCAHUASI','09',1,0,69,NULL,NULL),(703,'CALCA','01',1,0,70,NULL,NULL),(704,'COYA','02',1,0,70,NULL,NULL),(705,'LAMAY','03',1,0,70,NULL,NULL),(706,'LARES','04',1,0,70,NULL,NULL),(707,'PISAC','05',1,0,70,NULL,NULL),(708,'SAN SALVADOR','06',1,0,70,NULL,NULL),(709,'TARAY','07',1,0,70,NULL,NULL),(710,'YANATILE','08',1,0,70,NULL,NULL),(711,'YANAOCA','01',1,0,71,NULL,NULL),(712,'CHECCA','02',1,0,71,NULL,NULL),(713,'KUNTURKANKI','03',1,0,71,NULL,NULL),(714,'LANGUI','04',1,0,71,NULL,NULL),(715,'LAYO','05',1,0,71,NULL,NULL),(716,'PAMPAMARCA','06',1,0,71,NULL,NULL),(717,'QUEHUE','07',1,0,71,NULL,NULL),(718,'TUPAC AMARU','08',1,0,71,NULL,NULL),(719,'SICUANI','01',1,0,72,NULL,NULL),(720,'COMBAPATA','02',1,0,72,NULL,NULL),(721,'CHECACUPE','03',1,0,72,NULL,NULL),(722,'MARANGANI','04',1,0,72,NULL,NULL),(723,'PITUMARCA','05',1,0,72,NULL,NULL),(724,'SAN PABLO','06',1,0,72,NULL,NULL),(725,'SAN PEDRO','07',1,0,72,NULL,NULL),(726,'TINTA','08',1,0,72,NULL,NULL),(727,'SANTO TOMAS','01',1,0,73,NULL,NULL),(728,'CAPACMARCA','02',1,0,73,NULL,NULL),(729,'COLQUEMARCA','03',1,0,73,NULL,NULL),(730,'CHAMACA','04',1,0,73,NULL,NULL),(731,'LIVITACA','05',1,0,73,NULL,NULL),(732,'LLUSCO','06',1,0,73,NULL,NULL),(733,'QUIÑOTA','07',1,0,73,NULL,NULL),(734,'VELILLE','08',1,0,73,NULL,NULL),(735,'ESPINAR','01',1,0,74,NULL,NULL),(736,'CONDOROMA','02',1,0,74,NULL,NULL),(737,'COPORAQUE','03',1,0,74,NULL,NULL),(738,'OCORURO','04',1,0,74,NULL,NULL),(739,'PALLPATA','05',1,0,74,NULL,NULL),(740,'PICHIGUA','06',1,0,74,NULL,NULL),(741,'SUYCKUTAMBO','07',1,0,74,NULL,NULL),(742,'ALTO PICHIGUA','08',1,0,74,NULL,NULL),(743,'SANTA ANA','01',1,0,75,NULL,NULL),(744,'ECHARATE','02',1,0,75,NULL,NULL),(745,'HUAYOPATA','03',1,0,75,NULL,NULL),(746,'MARANURA','04',1,0,75,NULL,NULL),(747,'OCOBAMBA','05',1,0,75,NULL,NULL),(748,'SANTA TERESA','06',1,0,75,NULL,NULL),(749,'VILCABAMBA','07',1,0,75,NULL,NULL),(750,'QUELLOUNO','08',1,0,75,NULL,NULL),(751,'KIMBIRI','09',1,0,75,NULL,NULL),(752,'PICHARI','10',1,0,75,NULL,NULL),(753,'PARURO','01',1,0,76,NULL,NULL),(754,'ACCHA','02',1,0,76,NULL,NULL),(755,'CCAPI','03',1,0,76,NULL,NULL),(756,'COLCHA','04',1,0,76,NULL,NULL),(757,'HUANOQUITE','05',1,0,76,NULL,NULL),(758,'OMACHA','06',1,0,76,NULL,NULL),(759,'YAURISQUE','07',1,0,76,NULL,NULL),(760,'PACCARITAMBO','08',1,0,76,NULL,NULL),(761,'PILLPINTO','09',1,0,76,NULL,NULL),(762,'PAUCARTAMBO','01',1,0,77,NULL,NULL),(763,'CAICAY','02',1,0,77,NULL,NULL),(764,'COLQUEPATA','03',1,0,77,NULL,NULL),(765,'CHALLABAMBA','04',1,0,77,NULL,NULL),(766,'KOSÑIPATA','05',1,0,77,NULL,NULL),(767,'HUANCARANI','06',1,0,77,NULL,NULL),(768,'URCOS','01',1,0,78,NULL,NULL),(769,'ANDAHUAYLILLAS','02',1,0,78,NULL,NULL),(770,'CAMANTI','03',1,0,78,NULL,NULL),(771,'CCARHUAYO','04',1,0,78,NULL,NULL),(772,'CCATCA','05',1,0,78,NULL,NULL),(773,'CUSIPATA','06',1,0,78,NULL,NULL),(774,'HUARO','07',1,0,78,NULL,NULL),(775,'LUCRE','08',1,0,78,NULL,NULL),(776,'MARCAPATA','09',1,0,78,NULL,NULL),(777,'OCONGATE','10',1,0,78,NULL,NULL),(778,'OROPESA','11',1,0,78,NULL,NULL),(779,'QUIQUIJANA','12',1,0,78,NULL,NULL),(780,'URUBAMBA','01',1,0,79,NULL,NULL),(781,'CHINCHERO','02',1,0,79,NULL,NULL),(782,'HUAYLLABAMBA','03',1,0,79,NULL,NULL),(783,'MACHUPICCHU','04',1,0,79,NULL,NULL),(784,'MARAS','05',1,0,79,NULL,NULL),(785,'OLLANTAYTAMBO','06',1,0,79,NULL,NULL),(786,'YUCAY','07',1,0,79,NULL,NULL),(787,'HUANCAVELICA','01',1,0,80,NULL,NULL),(788,'ACOBAMBILLA','02',1,0,80,NULL,NULL),(789,'ACORIA','03',1,0,80,NULL,NULL),(790,'CONAYCA','04',1,0,80,NULL,NULL),(791,'CUENCA','05',1,0,80,NULL,NULL),(792,'HUACHOCOLPA','06',1,0,80,NULL,NULL),(793,'HUAYLLAHUARA','08',1,0,80,NULL,NULL),(794,'IZCUCHACA','09',1,0,80,NULL,NULL),(795,'LARIA','10',1,0,80,NULL,NULL),(796,'MANTA','11',1,0,80,NULL,NULL),(797,'MARISCAL CACERES','12',1,0,80,NULL,NULL),(798,'MOYA','13',1,0,80,NULL,NULL),(799,'NUEVO OCCORO','14',1,0,80,NULL,NULL),(800,'PALCA','15',1,0,80,NULL,NULL),(801,'PILCHACA','16',1,0,80,NULL,NULL),(802,'VILCA','17',1,0,80,NULL,NULL),(803,'YAULI','18',1,0,80,NULL,NULL),(804,'ASCENSION','19',1,0,80,NULL,NULL),(805,'HUANDO','20',1,0,80,NULL,NULL),(806,'ACOBAMBA','01',1,0,81,NULL,NULL),(807,'ANTA','02',1,0,81,NULL,NULL),(808,'ANDABAMBA','03',1,0,81,NULL,NULL),(809,'CAJA','04',1,0,81,NULL,NULL),(810,'MARCAS','05',1,0,81,NULL,NULL),(811,'PAUCARA','06',1,0,81,NULL,NULL),(812,'POMACOCHA','07',1,0,81,NULL,NULL),(813,'ROSARIO','08',1,0,81,NULL,NULL),(814,'LIRCAY','01',1,0,82,NULL,NULL),(815,'ANCHONGA','02',1,0,82,NULL,NULL),(816,'CALLANMARCA','03',1,0,82,NULL,NULL),(817,'CONGALLA','04',1,0,82,NULL,NULL),(818,'CHINCHO','05',1,0,82,NULL,NULL),(819,'HUAYLLAY-GRANDE','06',1,0,82,NULL,NULL),(820,'HUANCA-HUANCA','07',1,0,82,NULL,NULL),(821,'JULCAMARCA','08',1,0,82,NULL,NULL),(822,'SAN ANTONIO DE ANTAPARCO','09',1,0,82,NULL,NULL),(823,'SANTO TOMAS DE PATA','10',1,0,82,NULL,NULL),(824,'SECCLLA','11',1,0,82,NULL,NULL),(825,'CCOCHACCASA','12',1,0,82,NULL,NULL),(826,'CASTROVIRREYNA','01',1,0,83,NULL,NULL),(827,'ARMA','02',1,0,83,NULL,NULL),(828,'AURAHUA','03',1,0,83,NULL,NULL),(829,'CAPILLAS','05',1,0,83,NULL,NULL),(830,'COCAS','06',1,0,83,NULL,NULL),(831,'CHUPAMARCA','08',1,0,83,NULL,NULL),(832,'HUACHOS','09',1,0,83,NULL,NULL),(833,'HUAMATAMBO','10',1,0,83,NULL,NULL),(834,'MOLLEPAMPA','14',1,0,83,NULL,NULL),(835,'SAN JUAN','22',1,0,83,NULL,NULL),(836,'TANTARA','27',1,0,83,NULL,NULL),(837,'TICRAPO','28',1,0,83,NULL,NULL),(838,'SANTA ANA','29',1,0,83,NULL,NULL),(839,'PAMPAS','01',1,0,84,NULL,NULL),(840,'ACOSTAMBO','02',1,0,84,NULL,NULL),(841,'ACRAQUIA','03',1,0,84,NULL,NULL),(842,'AHUAYCHA','04',1,0,84,NULL,NULL),(843,'COLCABAMBA','06',1,0,84,NULL,NULL),(844,'DANIEL HERNANDEZ','09',1,0,84,NULL,NULL),(845,'HUACHOCOLPA','11',1,0,84,NULL,NULL),(846,'HUARIBAMBA','12',1,0,84,NULL,NULL),(847,'ÑAHUIMPUQUIO','15',1,0,84,NULL,NULL),(848,'PAZOS','17',1,0,84,NULL,NULL),(849,'QUISHUAR','18',1,0,84,NULL,NULL),(850,'SALCABAMBA','19',1,0,84,NULL,NULL),(851,'SAN MARCOS DE ROCCHAC','20',1,0,84,NULL,NULL),(852,'SURCUBAMBA','23',1,0,84,NULL,NULL),(853,'TINTAY PUNCU','25',1,0,84,NULL,NULL),(854,'SALCAHUASI','26',1,0,84,NULL,NULL),(855,'AYAVI','01',1,0,85,NULL,NULL),(856,'CORDOVA','02',1,0,85,NULL,NULL),(857,'HUAYACUNDO ARMA','03',1,0,85,NULL,NULL),(858,'HUAYTARA','04',1,0,85,NULL,NULL),(859,'LARAMARCA','05',1,0,85,NULL,NULL),(860,'OCOYO','06',1,0,85,NULL,NULL),(861,'PILPICHACA','07',1,0,85,NULL,NULL),(862,'QUERCO','08',1,0,85,NULL,NULL),(863,'QUITO ARMA','09',1,0,85,NULL,NULL),(864,'SAN ANTONIO DE CUSICANCHA','10',1,0,85,NULL,NULL),(865,'SAN FRANCISCO DE SANGAYAICO','11',1,0,85,NULL,NULL),(866,'SAN ISIDRO','12',1,0,85,NULL,NULL),(867,'SANTIAGO DE CHOCORVOS','13',1,0,85,NULL,NULL),(868,'SANTIAGO DE QUIRAHUARA','14',1,0,85,NULL,NULL),(869,'SANTO DOMINGO DE CAPILLAS','15',1,0,85,NULL,NULL),(870,'TAMBO','16',1,0,85,NULL,NULL),(871,'CHURCAMPA','01',1,0,86,NULL,NULL),(872,'ANCO','02',1,0,86,NULL,NULL),(873,'CHINCHIHUASI','03',1,0,86,NULL,NULL),(874,'EL CARMEN','04',1,0,86,NULL,NULL),(875,'LA MERCED','05',1,0,86,NULL,NULL),(876,'LOCROJA','06',1,0,86,NULL,NULL),(877,'PAUCARBAMBA','07',1,0,86,NULL,NULL),(878,'SAN MIGUEL DE MAYOCC','08',1,0,86,NULL,NULL),(879,'SAN PEDRO DE CORIS','09',1,0,86,NULL,NULL),(880,'PACHAMARCA','10',1,0,86,NULL,NULL),(881,'COSME','11',1,0,86,NULL,NULL),(882,'HUANUCO','01',1,0,87,NULL,NULL),(883,'CHINCHAO','02',1,0,87,NULL,NULL),(884,'CHURUBAMBA','03',1,0,87,NULL,NULL),(885,'MARGOS','04',1,0,87,NULL,NULL),(886,'QUISQUI','05',1,0,87,NULL,NULL),(887,'SAN FRANCISCO DE CAYRAN','06',1,0,87,NULL,NULL),(888,'SAN PEDRO DE CHAULAN','07',1,0,87,NULL,NULL),(889,'SANTA MARIA DEL VALLE','08',1,0,87,NULL,NULL),(890,'YARUMAYO','09',1,0,87,NULL,NULL),(891,'AMARILIS','10',1,0,87,NULL,NULL),(892,'PILLCO MARCA','11',1,0,87,NULL,NULL),(893,'YACUS','12',1,0,87,NULL,NULL),(894,'AMBO','01',1,0,88,NULL,NULL),(895,'CAYNA','02',1,0,88,NULL,NULL),(896,'COLPAS','03',1,0,88,NULL,NULL),(897,'CONCHAMARCA','04',1,0,88,NULL,NULL),(898,'HUACAR','05',1,0,88,NULL,NULL),(899,'SAN FRANCISCO','06',1,0,88,NULL,NULL),(900,'SAN RAFAEL','07',1,0,88,NULL,NULL),(901,'TOMAY-KICHWA','08',1,0,88,NULL,NULL),(902,'LA UNION','01',1,0,89,NULL,NULL),(903,'CHUQUIS','07',1,0,89,NULL,NULL),(904,'MARIAS','12',1,0,89,NULL,NULL),(905,'PACHAS','14',1,0,89,NULL,NULL),(906,'QUIVILLA','16',1,0,89,NULL,NULL),(907,'RIPAN','17',1,0,89,NULL,NULL),(908,'SHUNQUI','21',1,0,89,NULL,NULL),(909,'SILLAPATA','22',1,0,89,NULL,NULL),(910,'YANAS','23',1,0,89,NULL,NULL),(911,'LLATA','01',1,0,90,NULL,NULL),(912,'ARANCAY','02',1,0,90,NULL,NULL),(913,'CHAVIN DE PARIARCA','03',1,0,90,NULL,NULL),(914,'JACAS GRANDE','04',1,0,90,NULL,NULL),(915,'JIRCAN','05',1,0,90,NULL,NULL),(916,'MIRAFLORES','06',1,0,90,NULL,NULL),(917,'MONZON','07',1,0,90,NULL,NULL),(918,'PUNCHAO','08',1,0,90,NULL,NULL),(919,'PUÑOS','09',1,0,90,NULL,NULL),(920,'SINGA','10',1,0,90,NULL,NULL),(921,'TANTAMAYO','11',1,0,90,NULL,NULL),(922,'HUACRACHUCO','01',1,0,91,NULL,NULL),(923,'CHOLON','02',1,0,91,NULL,NULL),(924,'SAN BUENAVENTURA','05',1,0,91,NULL,NULL),(925,'RUPA-RUPA','01',1,0,92,NULL,NULL),(926,'DANIEL ALOMIA ROBLES','02',1,0,92,NULL,NULL),(927,'HERMILIO VALDIZAN','03',1,0,92,NULL,NULL),(928,'LUYANDO','04',1,0,92,NULL,NULL),(929,'MARIANO DAMASO BERAUN','05',1,0,92,NULL,NULL),(930,'JOSE CRESPO Y CASTILLO','06',1,0,92,NULL,NULL),(931,'PANAO','01',1,0,93,NULL,NULL),(932,'CHAGLLA','02',1,0,93,NULL,NULL),(933,'MOLINO','04',1,0,93,NULL,NULL),(934,'UMARI','06',1,0,93,NULL,NULL),(935,'HONORIA','01',1,0,94,NULL,NULL),(936,'PUERTO INCA','02',1,0,94,NULL,NULL),(937,'CODO DEL POZUZO','03',1,0,94,NULL,NULL),(938,'TOURNAVISTA','04',1,0,94,NULL,NULL),(939,'YUYAPICHIS','05',1,0,94,NULL,NULL),(940,'HUACAYBAMBA','01',1,0,95,NULL,NULL),(941,'PINRA','02',1,0,95,NULL,NULL),(942,'CANCHABAMBA','03',1,0,95,NULL,NULL),(943,'COCHABAMBA','04',1,0,95,NULL,NULL),(944,'JESUS','01',1,0,96,NULL,NULL),(945,'BAÑOS','02',1,0,96,NULL,NULL),(946,'SAN FRANCISCO DE ASIS','03',1,0,96,NULL,NULL),(947,'QUEROPALCA','04',1,0,96,NULL,NULL),(948,'SAN MIGUEL DE CAURI','05',1,0,96,NULL,NULL),(949,'RONDOS','06',1,0,96,NULL,NULL),(950,'JIVIA','07',1,0,96,NULL,NULL),(951,'CHAVINILLO','01',1,0,97,NULL,NULL),(952,'APARICIO POMARES','02',1,0,97,NULL,NULL),(953,'CAHUAC','03',1,0,97,NULL,NULL),(954,'CHACABAMBA','04',1,0,97,NULL,NULL),(955,'JACAS CHICO','05',1,0,97,NULL,NULL),(956,'OBAS','06',1,0,97,NULL,NULL),(957,'PAMPAMARCA','07',1,0,97,NULL,NULL),(958,'CHORAS','08',1,0,97,NULL,NULL),(959,'ICA','01',1,0,98,NULL,NULL),(960,'LA TINGUIÑA','02',1,0,98,NULL,NULL),(961,'LOS AQUIJES','03',1,0,98,NULL,NULL),(962,'PARCONA','04',1,0,98,NULL,NULL),(963,'PUEBLO NUEVO','05',1,0,98,NULL,NULL),(964,'SALAS','06',1,0,98,NULL,NULL),(965,'SAN JOSE DE LOS MOLINOS','07',1,0,98,NULL,NULL),(966,'SAN JUAN BAUTISTA','08',1,0,98,NULL,NULL),(967,'SANTIAGO','09',1,0,98,NULL,NULL),(968,'SUBTANJALLA','10',1,0,98,NULL,NULL),(969,'YAUCA DEL ROSARIO','11',1,0,98,NULL,NULL),(970,'TATE','12',1,0,98,NULL,NULL),(971,'PACHACUTEC','13',1,0,98,NULL,NULL),(972,'OCUCAJE','14',1,0,98,NULL,NULL),(973,'CHINCHA ALTA','01',1,0,99,NULL,NULL),(974,'CHAVIN','02',1,0,99,NULL,NULL),(975,'CHINCHA BAJA','03',1,0,99,NULL,NULL),(976,'EL CARMEN','04',1,0,99,NULL,NULL),(977,'GROCIO PRADO','05',1,0,99,NULL,NULL),(978,'SAN PEDRO DE HUACARPANA','06',1,0,99,NULL,NULL),(979,'SUNAMPE','07',1,0,99,NULL,NULL),(980,'TAMBO DE MORA','08',1,0,99,NULL,NULL),(981,'ALTO LARAN','09',1,0,99,NULL,NULL),(982,'PUEBLO NUEVO','10',1,0,99,NULL,NULL),(983,'SAN JUAN DE YANAC','11',1,0,99,NULL,NULL),(984,'NAZCA','01',1,0,100,NULL,NULL),(985,'CHANGUILLO','02',1,0,100,NULL,NULL),(986,'EL INGENIO','03',1,0,100,NULL,NULL),(987,'MARCONA','04',1,0,100,NULL,NULL),(988,'VISTA ALEGRE','05',1,0,100,NULL,NULL),(989,'PISCO','01',1,0,101,NULL,NULL),(990,'HUANCANO','02',1,0,101,NULL,NULL),(991,'HUMAY','03',1,0,101,NULL,NULL),(992,'INDEPENDENCIA','04',1,0,101,NULL,NULL),(993,'PARACAS','05',1,0,101,NULL,NULL),(994,'SAN ANDRES','06',1,0,101,NULL,NULL),(995,'SAN CLEMENTE','07',1,0,101,NULL,NULL),(996,'TUPAC AMARU INCA','08',1,0,101,NULL,NULL),(997,'PALPA','01',1,0,102,NULL,NULL),(998,'LLIPATA','02',1,0,102,NULL,NULL),(999,'RIO GRANDE','03',1,0,102,NULL,NULL),(1000,'SANTA CRUZ','04',1,0,102,NULL,NULL),(1001,'TIBILLO','05',1,0,102,NULL,NULL),(1002,'HUANCAYO','01',1,0,103,NULL,NULL),(1003,'CARHUACALLANGA','03',1,0,103,NULL,NULL),(1004,'COLCA','04',1,0,103,NULL,NULL),(1005,'CULLHUAS','05',1,0,103,NULL,NULL),(1006,'CHACAPAMPA','06',1,0,103,NULL,NULL),(1007,'CHICCHE','07',1,0,103,NULL,NULL),(1008,'CHILCA','08',1,0,103,NULL,NULL),(1009,'CHONGOS ALTO','09',1,0,103,NULL,NULL),(1010,'CHUPURO','12',1,0,103,NULL,NULL),(1011,'EL TAMBO','13',1,0,103,NULL,NULL),(1012,'HUACRAPUQUIO','14',1,0,103,NULL,NULL),(1013,'HUALHUAS','16',1,0,103,NULL,NULL),(1014,'HUANCAN','18',1,0,103,NULL,NULL),(1015,'HUASICANCHA','19',1,0,103,NULL,NULL),(1016,'HUAYUCACHI','20',1,0,103,NULL,NULL),(1017,'INGENIO','21',1,0,103,NULL,NULL),(1018,'PARIAHUANCA','22',1,0,103,NULL,NULL),(1019,'PILCOMAYO','23',1,0,103,NULL,NULL),(1020,'PUCARA','24',1,0,103,NULL,NULL),(1021,'QUICHUAY','25',1,0,103,NULL,NULL),(1022,'QUILCAS','26',1,0,103,NULL,NULL),(1023,'SAN AGUSTIN','27',1,0,103,NULL,NULL),(1024,'SAN JERONIMO DE TUNAN','28',1,0,103,NULL,NULL),(1025,'SANTO DOMINGO DE ACOBAMBA','31',1,0,103,NULL,NULL),(1026,'SAÑO','32',1,0,103,NULL,NULL),(1027,'SAPALLANGA','33',1,0,103,NULL,NULL),(1028,'SICAYA','34',1,0,103,NULL,NULL),(1029,'VIQUES','36',1,0,103,NULL,NULL),(1030,'CONCEPCION','01',1,0,104,NULL,NULL),(1031,'ACO','02',1,0,104,NULL,NULL),(1032,'ANDAMARCA','03',1,0,104,NULL,NULL),(1033,'COMAS','04',1,0,104,NULL,NULL),(1034,'COCHAS','05',1,0,104,NULL,NULL),(1035,'CHAMBARA','06',1,0,104,NULL,NULL),(1036,'HEROINAS TOLEDO','07',1,0,104,NULL,NULL),(1037,'MANZANARES','08',1,0,104,NULL,NULL),(1038,'MARISCAL CASTILLA','09',1,0,104,NULL,NULL),(1039,'MATAHUASI','10',1,0,104,NULL,NULL),(1040,'MITO','11',1,0,104,NULL,NULL),(1041,'NUEVE DE JULIO','12',1,0,104,NULL,NULL),(1042,'ORCOTUNA','13',1,0,104,NULL,NULL),(1043,'SANTA ROSA DE OCOPA','14',1,0,104,NULL,NULL),(1044,'SAN JOSE DE QUERO','15',1,0,104,NULL,NULL),(1045,'JAUJA','01',1,0,105,NULL,NULL),(1046,'ACOLLA','02',1,0,105,NULL,NULL),(1047,'APATA','03',1,0,105,NULL,NULL),(1048,'ATAURA','04',1,0,105,NULL,NULL),(1049,'CANCHAYLLO','05',1,0,105,NULL,NULL),(1050,'EL MANTARO','06',1,0,105,NULL,NULL),(1051,'HUAMALI','07',1,0,105,NULL,NULL),(1052,'HUARIPAMPA','08',1,0,105,NULL,NULL),(1053,'HUERTAS','09',1,0,105,NULL,NULL),(1054,'JANJAILLO','10',1,0,105,NULL,NULL),(1055,'JULCAN','11',1,0,105,NULL,NULL),(1056,'LEONOR ORDOÑEZ','12',1,0,105,NULL,NULL),(1057,'LLOCLLAPAMPA','13',1,0,105,NULL,NULL),(1058,'MARCO','14',1,0,105,NULL,NULL),(1059,'MASMA','15',1,0,105,NULL,NULL),(1060,'MOLINOS','16',1,0,105,NULL,NULL),(1061,'MONOBAMBA','17',1,0,105,NULL,NULL),(1062,'MUQUI','18',1,0,105,NULL,NULL),(1063,'MUQUIYAUYO','19',1,0,105,NULL,NULL),(1064,'PACA','20',1,0,105,NULL,NULL),(1065,'PACCHA','21',1,0,105,NULL,NULL),(1066,'PANCAN','22',1,0,105,NULL,NULL),(1067,'PARCO','23',1,0,105,NULL,NULL),(1068,'POMACANCHA','24',1,0,105,NULL,NULL),(1069,'RICRAN','25',1,0,105,NULL,NULL),(1070,'SAN LORENZO','26',1,0,105,NULL,NULL),(1071,'SAN PEDRO DE CHUNAN','27',1,0,105,NULL,NULL),(1072,'SINCOS','28',1,0,105,NULL,NULL),(1073,'TUNAN MARCA','29',1,0,105,NULL,NULL),(1074,'YAULI','30',1,0,105,NULL,NULL),(1075,'CURICACA','31',1,0,105,NULL,NULL),(1076,'MASMA CHICCHE','32',1,0,105,NULL,NULL),(1077,'SAUSA','33',1,0,105,NULL,NULL),(1078,'YAUYOS','34',1,0,105,NULL,NULL),(1079,'JUNIN','01',1,0,106,NULL,NULL),(1080,'CARHUAMAYO','02',1,0,106,NULL,NULL),(1081,'ONDORES','03',1,0,106,NULL,NULL),(1082,'ULCUMAYO','04',1,0,106,NULL,NULL),(1083,'TARMA','01',1,0,107,NULL,NULL),(1084,'ACOBAMBA','02',1,0,107,NULL,NULL),(1085,'HUARICOLCA','03',1,0,107,NULL,NULL),(1086,'HUASAHUASI','04',1,0,107,NULL,NULL),(1087,'LA UNION','05',1,0,107,NULL,NULL),(1088,'PALCA','06',1,0,107,NULL,NULL),(1089,'PALCAMAYO','07',1,0,107,NULL,NULL),(1090,'SAN PEDRO DE CAJAS','08',1,0,107,NULL,NULL),(1091,'TAPO','09',1,0,107,NULL,NULL),(1092,'LA OROYA','01',1,0,108,NULL,NULL),(1093,'CHACAPALPA','02',1,0,108,NULL,NULL),(1094,'HUAY HUAY','03',1,0,108,NULL,NULL),(1095,'MARCAPOMACOCHA','04',1,0,108,NULL,NULL),(1096,'MOROCOCHA','05',1,0,108,NULL,NULL),(1097,'PACCHA','06',1,0,108,NULL,NULL),(1098,'SANTA BARBARA DE CARHUACAYAN','07',1,0,108,NULL,NULL),(1099,'SUITUCANCHA','08',1,0,108,NULL,NULL),(1100,'YAULI','09',1,0,108,NULL,NULL),(1101,'SANTA ROSA DE SACCO','10',1,0,108,NULL,NULL),(1102,'SATIPO','01',1,0,109,NULL,NULL),(1103,'COVIRIALI','02',1,0,109,NULL,NULL),(1104,'LLAYLLA','03',1,0,109,NULL,NULL),(1105,'MAZAMARI','04',1,0,109,NULL,NULL),(1106,'PAMPA HERMOSA','05',1,0,109,NULL,NULL),(1107,'PANGOA','06',1,0,109,NULL,NULL),(1108,'RIO NEGRO','07',1,0,109,NULL,NULL),(1109,'RIO TAMBO','08',1,0,109,NULL,NULL),(1110,'CHANCHAMAYO','01',1,0,110,NULL,NULL),(1111,'SAN RAMON','02',1,0,110,NULL,NULL),(1112,'VITOC','03',1,0,110,NULL,NULL),(1113,'SAN LUIS DE SHUARO','04',1,0,110,NULL,NULL),(1114,'PICHANAQUI','05',1,0,110,NULL,NULL),(1115,'PERENE','06',1,0,110,NULL,NULL),(1116,'CHUPACA','01',1,0,111,NULL,NULL),(1117,'AHUAC','02',1,0,111,NULL,NULL),(1118,'CHONGOS BAJO','03',1,0,111,NULL,NULL),(1119,'HUACHAC','04',1,0,111,NULL,NULL),(1120,'HUAMANCACA CHICO','05',1,0,111,NULL,NULL),(1121,'SAN JUAN DE YSCOS','06',1,0,111,NULL,NULL),(1122,'SAN JUAN DE JARPA','07',1,0,111,NULL,NULL),(1123,'TRES DE DICIEMBRE','08',1,0,111,NULL,NULL),(1124,'YANACANCHA','09',1,0,111,NULL,NULL),(1125,'TRUJILLO','01',1,0,112,NULL,NULL),(1126,'HUANCHACO','02',1,0,112,NULL,NULL),(1127,'LAREDO','03',1,0,112,NULL,NULL),(1128,'MOCHE','04',1,0,112,NULL,NULL),(1129,'SALAVERRY','05',1,0,112,NULL,NULL),(1130,'SIMBAL','06',1,0,112,NULL,NULL),(1131,'VICTOR LARCO HERRERA','07',1,0,112,NULL,NULL),(1132,'POROTO','09',1,0,112,NULL,NULL),(1133,'EL PORVENIR','10',1,0,112,NULL,NULL),(1134,'LA ESPERANZA','11',1,0,112,NULL,NULL),(1135,'FLORENCIA DE MORA','12',1,0,112,NULL,NULL),(1136,'BOLIVAR','01',1,0,113,NULL,NULL),(1137,'BAMBAMARCA','02',1,0,113,NULL,NULL),(1138,'CONDORMARCA','03',1,0,113,NULL,NULL),(1139,'LONGOTEA','04',1,0,113,NULL,NULL),(1140,'UCUNCHA','05',1,0,113,NULL,NULL),(1141,'UCHUMARCA','06',1,0,113,NULL,NULL),(1142,'HUAMACHUCO','01',1,0,114,NULL,NULL),(1143,'COCHORCO','02',1,0,114,NULL,NULL),(1144,'CURGOS','03',1,0,114,NULL,NULL),(1145,'CHUGAY','04',1,0,114,NULL,NULL),(1146,'MARCABAL','05',1,0,114,NULL,NULL),(1147,'SANAGORAN','06',1,0,114,NULL,NULL),(1148,'SARIN','07',1,0,114,NULL,NULL),(1149,'SARTIMBAMBA','08',1,0,114,NULL,NULL),(1150,'OTUZCO','01',1,0,115,NULL,NULL),(1151,'AGALLPAMPA','02',1,0,115,NULL,NULL),(1152,'CHARAT','03',1,0,115,NULL,NULL),(1153,'HUARANCHAL','04',1,0,115,NULL,NULL),(1154,'LA CUESTA','05',1,0,115,NULL,NULL),(1155,'PARANDAY','08',1,0,115,NULL,NULL),(1156,'SALPO','09',1,0,115,NULL,NULL),(1157,'SINSICAP','10',1,0,115,NULL,NULL),(1158,'USQUIL','11',1,0,115,NULL,NULL),(1159,'MACHE','13',1,0,115,NULL,NULL),(1160,'SAN PEDRO DE LLOC','01',1,0,116,NULL,NULL),(1161,'GUADALUPE','03',1,0,116,NULL,NULL),(1162,'JEQUETEPEQUE','04',1,0,116,NULL,NULL),(1163,'PACASMAYO','06',1,0,116,NULL,NULL),(1164,'SAN JOSE','08',1,0,116,NULL,NULL),(1165,'TAYABAMBA','01',1,0,117,NULL,NULL),(1166,'BULDIBUYO','02',1,0,117,NULL,NULL),(1167,'CHILLIA','03',1,0,117,NULL,NULL),(1168,'HUAYLILLAS','04',1,0,117,NULL,NULL),(1169,'HUANCASPATA','05',1,0,117,NULL,NULL),(1170,'HUAYO','06',1,0,117,NULL,NULL),(1171,'ONGON','07',1,0,117,NULL,NULL),(1172,'PARCOY','08',1,0,117,NULL,NULL),(1173,'PATAZ','09',1,0,117,NULL,NULL),(1174,'PIAS','10',1,0,117,NULL,NULL),(1175,'TAURIJA','11',1,0,117,NULL,NULL),(1176,'URPAY','12',1,0,117,NULL,NULL),(1177,'SANTIAGO DE CHALLAS','13',1,0,117,NULL,NULL),(1178,'SANTIAGO DE CHUCO','01',1,0,118,NULL,NULL),(1179,'CACHICADAN','02',1,0,118,NULL,NULL),(1180,'MOLLEBAMBA','03',1,0,118,NULL,NULL),(1181,'MOLLEPATA','04',1,0,118,NULL,NULL),(1182,'QUIRUVILCA','05',1,0,118,NULL,NULL),(1183,'SANTA CRUZ DE CHUCA','06',1,0,118,NULL,NULL),(1184,'SITABAMBA','07',1,0,118,NULL,NULL),(1185,'ANGASMARCA','08',1,0,118,NULL,NULL),(1186,'ASCOPE','01',1,0,119,NULL,NULL),(1187,'CHICAMA','02',1,0,119,NULL,NULL),(1188,'CHOCOPE','03',1,0,119,NULL,NULL),(1189,'SANTIAGO DE CAO','04',1,0,119,NULL,NULL),(1190,'MAGDALENA DE CAO','05',1,0,119,NULL,NULL),(1191,'PAIJAN','06',1,0,119,NULL,NULL),(1192,'RAZURI','07',1,0,119,NULL,NULL),(1193,'CASA GRANDE','08',1,0,119,NULL,NULL),(1194,'CHEPEN','01',1,0,120,NULL,NULL),(1195,'PACANGA','02',1,0,120,NULL,NULL),(1196,'PUEBLO NUEVO','03',1,0,120,NULL,NULL),(1197,'JULCAN','01',1,0,121,NULL,NULL),(1198,'CARABAMBA','02',1,0,121,NULL,NULL),(1199,'CALAMARCA','03',1,0,121,NULL,NULL),(1200,'HUASO','04',1,0,121,NULL,NULL),(1201,'CASCAS','01',1,0,122,NULL,NULL),(1202,'LUCMA','02',1,0,122,NULL,NULL),(1203,'MARMOT','03',1,0,122,NULL,NULL),(1204,'SAYAPULLO','04',1,0,122,NULL,NULL),(1205,'VIRU','01',1,0,123,NULL,NULL),(1206,'CHAO','02',1,0,123,NULL,NULL),(1207,'GUADALUPITO','03',1,0,123,NULL,NULL),(1208,'CHICLAYO','01',1,0,124,NULL,NULL),(1209,'CHONGOYAPE','02',1,0,124,NULL,NULL),(1210,'ETEN','03',1,0,124,NULL,NULL),(1211,'ETEN PUERTO','04',1,0,124,NULL,NULL),(1212,'LAGUNAS','05',1,0,124,NULL,NULL),(1213,'MONSEFU','06',1,0,124,NULL,NULL),(1214,'NUEVA ARICA','07',1,0,124,NULL,NULL),(1215,'OYOTUN','08',1,0,124,NULL,NULL),(1216,'PICSI','09',1,0,124,NULL,NULL),(1217,'PIMENTEL','10',1,0,124,NULL,NULL),(1218,'REQUE','11',1,0,124,NULL,NULL),(1219,'JOSE LEONARDO ORTIZ','12',1,0,124,NULL,NULL),(1220,'SANTA ROSA','13',1,0,124,NULL,NULL),(1221,'SAÑA','14',1,0,124,NULL,NULL),(1222,'LA VICTORIA','15',1,0,124,NULL,NULL),(1223,'CAYALTI','16',1,0,124,NULL,NULL),(1224,'PATAPO','17',1,0,124,NULL,NULL),(1225,'POMALCA','18',1,0,124,NULL,NULL),(1226,'PUCALA','19',1,0,124,NULL,NULL),(1227,'TUMAN','20',1,0,124,NULL,NULL),(1228,'FERREÑAFE','01',1,0,125,NULL,NULL),(1229,'INCAHUASI','02',1,0,125,NULL,NULL),(1230,'CAÑARIS','03',1,0,125,NULL,NULL),(1231,'PITIPO','04',1,0,125,NULL,NULL),(1232,'PUEBLO NUEVO','05',1,0,125,NULL,NULL),(1233,'MANUEL ANTONIO MESONES MURO','06',1,0,125,NULL,NULL),(1234,'LAMBAYEQUE','01',1,0,126,NULL,NULL),(1235,'CHOCHOPE','02',1,0,126,NULL,NULL),(1236,'ILLIMO','03',1,0,126,NULL,NULL),(1237,'JAYANCA','04',1,0,126,NULL,NULL),(1238,'MOCHUMI','05',1,0,126,NULL,NULL),(1239,'MORROPE','06',1,0,126,NULL,NULL),(1240,'MOTUPE','07',1,0,126,NULL,NULL),(1241,'OLMOS','08',1,0,126,NULL,NULL),(1242,'PACORA','09',1,0,126,NULL,NULL),(1243,'SALAS','10',1,0,126,NULL,NULL),(1244,'SAN JOSE','11',1,0,126,NULL,NULL),(1245,'TUCUME','12',1,0,126,NULL,NULL),(1246,'LIMA','01',1,0,127,NULL,NULL),(1247,'ANCON','02',1,0,127,NULL,NULL),(1248,'ATE','03',1,0,127,NULL,NULL),(1249,'BREÑA','04',1,0,127,NULL,NULL),(1250,'CARABAYLLO','05',1,0,127,NULL,NULL),(1251,'COMAS','06',1,0,127,NULL,NULL),(1252,'CHACLACAYO','07',1,0,127,NULL,NULL),(1253,'CHORRILLOS','08',1,0,127,NULL,NULL),(1254,'LA VICTORIA','09',1,0,127,NULL,NULL),(1255,'LA MOLINA','10',1,0,127,NULL,NULL),(1256,'LINCE','11',1,0,127,NULL,NULL),(1257,'LURIGANCHO','12',1,0,127,NULL,NULL),(1258,'LURIN','13',1,0,127,NULL,NULL),(1259,'MAGDALENA DEL MAR','14',1,0,127,NULL,NULL),(1260,'MIRAFLORES','15',1,0,127,NULL,NULL),(1261,'PACHACAMAC','16',1,0,127,NULL,NULL),(1262,'PUEBLO LIBRE','17',1,0,127,NULL,NULL),(1263,'PUCUSANA','18',1,0,127,NULL,NULL),(1264,'PUENTE PIEDRA','19',1,0,127,NULL,NULL),(1265,'PUNTA HERMOSA','20',1,0,127,NULL,NULL),(1266,'PUNTA NEGRA','21',1,0,127,NULL,NULL),(1267,'RIMAC','22',1,0,127,NULL,NULL),(1268,'SAN BARTOLO','23',1,0,127,NULL,NULL),(1269,'SAN ISIDRO','24',1,0,127,NULL,NULL),(1270,'BARRANCO','25',1,0,127,NULL,NULL),(1271,'SAN MARTIN DE PORRES','26',1,0,127,NULL,NULL),(1272,'SAN MIGUEL','27',1,0,127,NULL,NULL),(1273,'SANTA MARIA DEL MAR','28',1,0,127,NULL,NULL),(1274,'SANTA ROSA','29',1,0,127,NULL,NULL),(1275,'SANTIAGO DE SURCO','30',1,0,127,NULL,NULL),(1276,'SURQUILLO','31',1,0,127,NULL,NULL),(1277,'VILLA MARIA DEL TRIUNFO','32',1,0,127,NULL,NULL),(1278,'JESUS MARIA','33',1,0,127,NULL,NULL),(1279,'INDEPENDENCIA','34',1,0,127,NULL,NULL),(1280,'EL AGUSTINO','35',1,0,127,NULL,NULL),(1281,'SAN JUAN DE MIRAFLORES','36',1,0,127,NULL,NULL),(1282,'SAN JUAN DE LURIGANCHO','37',1,0,127,NULL,NULL),(1283,'SAN LUIS','38',1,0,127,NULL,NULL),(1284,'CIENEGUILLA','39',1,0,127,NULL,NULL),(1285,'SAN BORJA','40',1,0,127,NULL,NULL),(1286,'VILLA EL SALVADOR','41',1,0,127,NULL,NULL),(1287,'LOS OLIVOS','42',1,0,127,NULL,NULL),(1288,'SANTA ANITA','43',1,0,127,NULL,NULL),(1289,'CAJATAMBO','01',1,0,128,NULL,NULL),(1290,'COPA','05',1,0,128,NULL,NULL),(1291,'GORGOR','06',1,0,128,NULL,NULL),(1292,'HUANCAPON','07',1,0,128,NULL,NULL),(1293,'MANAS','08',1,0,128,NULL,NULL),(1294,'CANTA','01',1,0,129,NULL,NULL),(1295,'ARAHUAY','02',1,0,129,NULL,NULL),(1296,'HUAMANTANGA','03',1,0,129,NULL,NULL),(1297,'HUAROS','04',1,0,129,NULL,NULL),(1298,'LACHAQUI','05',1,0,129,NULL,NULL),(1299,'SAN BUENAVENTURA','06',1,0,129,NULL,NULL),(1300,'SANTA ROSA DE QUIVES','07',1,0,129,NULL,NULL),(1301,'SAN VICENTE DE CAÑETE','01',1,0,130,NULL,NULL),(1302,'CALANGO','02',1,0,130,NULL,NULL),(1303,'CERRO AZUL','03',1,0,130,NULL,NULL),(1304,'COAYLLO','04',1,0,130,NULL,NULL),(1305,'CHILCA','05',1,0,130,NULL,NULL),(1306,'IMPERIAL','06',1,0,130,NULL,NULL),(1307,'LUNAHUANA','07',1,0,130,NULL,NULL),(1308,'MALA','08',1,0,130,NULL,NULL),(1309,'NUEVO IMPERIAL','09',1,0,130,NULL,NULL),(1310,'PACARAN','10',1,0,130,NULL,NULL),(1311,'QUILMANA','11',1,0,130,NULL,NULL),(1312,'SAN ANTONIO','12',1,0,130,NULL,NULL),(1313,'SAN LUIS','13',1,0,130,NULL,NULL),(1314,'SANTA CRUZ DE FLORES','14',1,0,130,NULL,NULL),(1315,'ZUÑIGA','15',1,0,130,NULL,NULL),(1316,'ASIA','16',1,0,130,NULL,NULL),(1317,'HUACHO','01',1,0,131,NULL,NULL),(1318,'AMBAR','02',1,0,131,NULL,NULL),(1319,'CALETA DE CARQUIN','04',1,0,131,NULL,NULL),(1320,'CHECRAS','05',1,0,131,NULL,NULL),(1321,'HUALMAY','06',1,0,131,NULL,NULL),(1322,'HUAURA','07',1,0,131,NULL,NULL),(1323,'LEONCIO PRADO','08',1,0,131,NULL,NULL),(1324,'PACCHO','09',1,0,131,NULL,NULL),(1325,'SANTA LEONOR','11',1,0,131,NULL,NULL),(1326,'SANTA MARIA','12',1,0,131,NULL,NULL),(1327,'SAYAN','13',1,0,131,NULL,NULL),(1328,'VEGUETA','16',1,0,131,NULL,NULL),(1329,'MATUCANA','01',1,0,132,NULL,NULL),(1330,'ANTIOQUIA','02',1,0,132,NULL,NULL),(1331,'CALLAHUANCA','03',1,0,132,NULL,NULL),(1332,'CARAMPOMA','04',1,0,132,NULL,NULL),(1333,'CASTA','05',1,0,132,NULL,NULL),(1334,'SAN JOSE DE LOS CHORRILLOS','06',1,0,132,NULL,NULL),(1335,'CHICLA','07',1,0,132,NULL,NULL),(1336,'HUANZA','08',1,0,132,NULL,NULL),(1337,'HUAROCHIRI','09',1,0,132,NULL,NULL),(1338,'LAHUAYTAMBO','10',1,0,132,NULL,NULL),(1339,'LANGA','11',1,0,132,NULL,NULL),(1340,'MARIATANA','12',1,0,132,NULL,NULL),(1341,'RICARDO PALMA','13',1,0,132,NULL,NULL),(1342,'SAN ANDRES DE TUPICOCHA','14',1,0,132,NULL,NULL),(1343,'SAN ANTONIO','15',1,0,132,NULL,NULL),(1344,'SAN BARTOLOME','16',1,0,132,NULL,NULL),(1345,'SAN DAMIAN','17',1,0,132,NULL,NULL),(1346,'SANGALLAYA','18',1,0,132,NULL,NULL),(1347,'SAN JUAN DE TANTARANCHE','19',1,0,132,NULL,NULL),(1348,'SAN LORENZO DE QUINTI','20',1,0,132,NULL,NULL),(1349,'SAN MATEO','21',1,0,132,NULL,NULL),(1350,'SAN MATEO DE OTAO','22',1,0,132,NULL,NULL),(1351,'SAN PEDRO DE HUANCAYRE','23',1,0,132,NULL,NULL),(1352,'SANTA CRUZ DE COCACHACRA','24',1,0,132,NULL,NULL),(1353,'SANTA EULALIA','25',1,0,132,NULL,NULL),(1354,'SANTIAGO DE ANCHUCAYA','26',1,0,132,NULL,NULL),(1355,'SANTIAGO DE TUNA','27',1,0,132,NULL,NULL),(1356,'SANTO DOMINGO DE LOS OLLEROS','28',1,0,132,NULL,NULL),(1357,'SURCO','29',1,0,132,NULL,NULL),(1358,'HUACHUPAMPA','30',1,0,132,NULL,NULL),(1359,'LARAOS','31',1,0,132,NULL,NULL),(1360,'SAN JUAN DE IRIS','32',1,0,132,NULL,NULL),(1361,'YAUYOS','01',1,0,133,NULL,NULL),(1362,'ALIS','02',1,0,133,NULL,NULL),(1363,'ALLAUCA','03',1,0,133,NULL,NULL),(1364,'AYAVIRI','04',1,0,133,NULL,NULL),(1365,'AZANGARO','05',1,0,133,NULL,NULL),(1366,'CACRA','06',1,0,133,NULL,NULL),(1367,'CARANIA','07',1,0,133,NULL,NULL),(1368,'COCHAS','08',1,0,133,NULL,NULL),(1369,'COLONIA','09',1,0,133,NULL,NULL),(1370,'CHOCOS','10',1,0,133,NULL,NULL),(1371,'HUAMPARA','11',1,0,133,NULL,NULL),(1372,'HUANCAYA','12',1,0,133,NULL,NULL),(1373,'HUANGASCAR','13',1,0,133,NULL,NULL),(1374,'HUANTAN','14',1,0,133,NULL,NULL),(1375,'HUAÑEC','15',1,0,133,NULL,NULL),(1376,'LARAOS','16',1,0,133,NULL,NULL),(1377,'LINCHA','17',1,0,133,NULL,NULL),(1378,'MIRAFLORES','18',1,0,133,NULL,NULL),(1379,'OMAS','19',1,0,133,NULL,NULL),(1380,'QUINCHES','20',1,0,133,NULL,NULL),(1381,'QUINOCAY','21',1,0,133,NULL,NULL),(1382,'SAN JOAQUIN','22',1,0,133,NULL,NULL),(1383,'SAN PEDRO DE PILAS','23',1,0,133,NULL,NULL),(1384,'TANTA','24',1,0,133,NULL,NULL),(1385,'TAURIPAMPA','25',1,0,133,NULL,NULL),(1386,'TUPE','26',1,0,133,NULL,NULL),(1387,'TOMAS','27',1,0,133,NULL,NULL),(1388,'VIÑAC','28',1,0,133,NULL,NULL),(1389,'VITIS','29',1,0,133,NULL,NULL),(1390,'HONGOS','30',1,0,133,NULL,NULL),(1391,'MADEAN','31',1,0,133,NULL,NULL),(1392,'PUTINZA','32',1,0,133,NULL,NULL),(1393,'CATAHUASI','33',1,0,133,NULL,NULL),(1394,'HUARAL','01',1,0,134,NULL,NULL),(1395,'ATAVILLOS ALTO','02',1,0,134,NULL,NULL),(1396,'ATAVILLOS BAJO','03',1,0,134,NULL,NULL),(1397,'AUCALLAMA','04',1,0,134,NULL,NULL),(1398,'CHANCAY','05',1,0,134,NULL,NULL),(1399,'IHUARI','06',1,0,134,NULL,NULL),(1400,'LAMPIAN','07',1,0,134,NULL,NULL),(1401,'PACARAOS','08',1,0,134,NULL,NULL),(1402,'SAN MIGUEL DE ACOS','09',1,0,134,NULL,NULL),(1403,'VEINTISIETE DE NOVIEMBRE','10',1,0,134,NULL,NULL),(1404,'SANTA CRUZ DE ANDAMARCA','11',1,0,134,NULL,NULL),(1405,'SUMBILCA','12',1,0,134,NULL,NULL),(1406,'BARRANCA','01',1,0,135,NULL,NULL),(1407,'PARAMONGA','02',1,0,135,NULL,NULL),(1408,'PATIVILCA','03',1,0,135,NULL,NULL),(1409,'SUPE','04',1,0,135,NULL,NULL),(1410,'SUPE PUERTO','05',1,0,135,NULL,NULL),(1411,'OYON','01',1,0,136,NULL,NULL),(1412,'NAVAN','02',1,0,136,NULL,NULL),(1413,'CAUJUL','03',1,0,136,NULL,NULL),(1414,'ANDAJES','04',1,0,136,NULL,NULL),(1415,'PACHANGARA','05',1,0,136,NULL,NULL),(1416,'COCHAMARCA','06',1,0,136,NULL,NULL),(1417,'IQUITOS','01',1,0,137,NULL,NULL),(1418,'ALTO NANAY','02',1,0,137,NULL,NULL),(1419,'FERNANDO LORES','03',1,0,137,NULL,NULL),(1420,'LAS AMAZONAS','04',1,0,137,NULL,NULL),(1421,'MAZAN','05',1,0,137,NULL,NULL),(1422,'NAPO','06',1,0,137,NULL,NULL),(1423,'PUTUMAYO','07',1,0,137,NULL,NULL),(1424,'TORRES CAUSANA','08',1,0,137,NULL,NULL),(1425,'INDIANA','10',1,0,137,NULL,NULL),(1426,'PUNCHANA','11',1,0,137,NULL,NULL),(1427,'BELEN','12',1,0,137,NULL,NULL),(1428,'SAN JUAN BAUTISTA','13',1,0,137,NULL,NULL),(1429,'TENIENTE MANUEL CLAVERO','14',1,0,137,NULL,NULL),(1430,'YURIMAGUAS','01',1,0,138,NULL,NULL),(1431,'BALSAPUERTO','02',1,0,138,NULL,NULL),(1432,'JEBEROS','05',1,0,138,NULL,NULL),(1433,'LAGUNAS','06',1,0,138,NULL,NULL),(1434,'SANTA CRUZ','10',1,0,138,NULL,NULL),(1435,'TENIENTE CESAR LOPEZ ROJAS','11',1,0,138,NULL,NULL),(1436,'NAUTA','01',1,0,139,NULL,NULL),(1437,'PARINARI','02',1,0,139,NULL,NULL),(1438,'TIGRE','03',1,0,139,NULL,NULL),(1439,'URARINAS','04',1,0,139,NULL,NULL),(1440,'TROMPETEROS','05',1,0,139,NULL,NULL),(1441,'REQUENA','01',1,0,140,NULL,NULL),(1442,'ALTO TAPICHE','02',1,0,140,NULL,NULL),(1443,'CAPELO','03',1,0,140,NULL,NULL),(1444,'EMILIO SAN MARTIN','04',1,0,140,NULL,NULL),(1445,'MAQUIA','05',1,0,140,NULL,NULL),(1446,'PUINAHUA','06',1,0,140,NULL,NULL),(1447,'SAQUENA','07',1,0,140,NULL,NULL),(1448,'SOPLIN','08',1,0,140,NULL,NULL),(1449,'TAPICHE','09',1,0,140,NULL,NULL),(1450,'JENARO HERRERA','10',1,0,140,NULL,NULL),(1451,'YAQUERANA','11',1,0,140,NULL,NULL),(1452,'CONTAMANA','01',1,0,141,NULL,NULL),(1453,'VARGAS GUERRA','02',1,0,141,NULL,NULL),(1454,'PADRE MARQUEZ','03',1,0,141,NULL,NULL),(1455,'PAMPA HERMOSA','04',1,0,141,NULL,NULL),(1456,'SARAYACU','05',1,0,141,NULL,NULL),(1457,'INAHUAYA','06',1,0,141,NULL,NULL),(1458,'RAMON CASTILLA','01',1,0,142,NULL,NULL),(1459,'PEBAS','02',1,0,142,NULL,NULL),(1460,'YAVARI','03',1,0,142,NULL,NULL),(1461,'SAN PABLO','04',1,0,142,NULL,NULL),(1462,'BARRANCA','01',1,0,143,NULL,NULL),(1463,'ANDOAS','02',1,0,143,NULL,NULL),(1464,'CAHUAPANAS','03',1,0,143,NULL,NULL),(1465,'MANSERICHE','04',1,0,143,NULL,NULL),(1466,'MORONA','05',1,0,143,NULL,NULL),(1467,'PASTAZA','06',1,0,143,NULL,NULL),(1468,'TAMBOPATA','01',1,0,144,NULL,NULL),(1469,'INAMBARI','02',1,0,144,NULL,NULL),(1470,'LAS PIEDRAS','03',1,0,144,NULL,NULL),(1471,'LABERINTO','04',1,0,144,NULL,NULL),(1472,'MANU','01',1,0,145,NULL,NULL),(1473,'FITZCARRALD','02',1,0,145,NULL,NULL),(1474,'MADRE DE DIOS','03',1,0,145,NULL,NULL),(1475,'HUEPETUHE','04',1,0,145,NULL,NULL),(1476,'IÑAPARI','01',1,0,146,NULL,NULL),(1477,'IBERIA','02',1,0,146,NULL,NULL),(1478,'TAHUAMANU','03',1,0,146,NULL,NULL),(1479,'MOQUEGUA','01',1,0,147,NULL,NULL),(1480,'CARUMAS','02',1,0,147,NULL,NULL),(1481,'CUCHUMBAYA','03',1,0,147,NULL,NULL),(1482,'SAN CRISTOBAL','04',1,0,147,NULL,NULL),(1483,'TORATA','05',1,0,147,NULL,NULL),(1484,'SAMEGUA','06',1,0,147,NULL,NULL),(1485,'OMATE','01',1,0,148,NULL,NULL),(1486,'COALAQUE','02',1,0,148,NULL,NULL),(1487,'CHOJATA','03',1,0,148,NULL,NULL),(1488,'ICHUÑA','04',1,0,148,NULL,NULL),(1489,'LA CAPILLA','05',1,0,148,NULL,NULL),(1490,'LLOQUE','06',1,0,148,NULL,NULL),(1491,'MATALAQUE','07',1,0,148,NULL,NULL),(1492,'PUQUINA','08',1,0,148,NULL,NULL),(1493,'QUINISTAQUILLAS','09',1,0,148,NULL,NULL),(1494,'UBINAS','10',1,0,148,NULL,NULL),(1495,'YUNGA','11',1,0,148,NULL,NULL),(1496,'ILO','01',1,0,149,NULL,NULL),(1497,'EL ALGARROBAL','02',1,0,149,NULL,NULL),(1498,'PACOCHA','03',1,0,149,NULL,NULL),(1499,'CHAUPIMARCA','01',1,0,150,NULL,NULL),(1500,'HUACHON','03',1,0,150,NULL,NULL),(1501,'HUARIACA','04',1,0,150,NULL,NULL),(1502,'HUAYLLAY','05',1,0,150,NULL,NULL),(1503,'NINACACA','06',1,0,150,NULL,NULL),(1504,'PALLANCHACRA','07',1,0,150,NULL,NULL),(1505,'PAUCARTAMBO','08',1,0,150,NULL,NULL),(1506,'SAN FCO DE ASIS DE YARUSYACAN','09',1,0,150,NULL,NULL),(1507,'SIMON BOLIVAR','10',1,0,150,NULL,NULL),(1508,'TICLACAYAN','11',1,0,150,NULL,NULL),(1509,'TINYAHUARCO','12',1,0,150,NULL,NULL),(1510,'VICCO','13',1,0,150,NULL,NULL),(1511,'YANACANCHA','14',1,0,150,NULL,NULL),(1512,'YANAHUANCA','01',1,0,151,NULL,NULL),(1513,'CHACAYAN','02',1,0,151,NULL,NULL),(1514,'GOYLLARISQUIZGA','03',1,0,151,NULL,NULL),(1515,'PAUCAR','04',1,0,151,NULL,NULL),(1516,'SAN PEDRO DE PILLAO','05',1,0,151,NULL,NULL),(1517,'SANTA ANA DE TUSI','06',1,0,151,NULL,NULL),(1518,'TAPUC','07',1,0,151,NULL,NULL),(1519,'VILCABAMBA','08',1,0,151,NULL,NULL),(1520,'OXAPAMPA','01',1,0,152,NULL,NULL),(1521,'CHONTABAMBA','02',1,0,152,NULL,NULL),(1522,'HUANCABAMBA','03',1,0,152,NULL,NULL),(1523,'PUERTO BERMUDEZ','04',1,0,152,NULL,NULL),(1524,'VILLA RICA','05',1,0,152,NULL,NULL),(1525,'POZUZO','06',1,0,152,NULL,NULL),(1526,'PALCAZU','07',1,0,152,NULL,NULL),(1527,'CONSTITUCION','08',1,0,152,NULL,NULL),(1528,'PIURA','01',1,0,153,NULL,NULL),(1529,'CASTILLA','03',1,0,153,NULL,NULL),(1530,'CATACAOS','04',1,0,153,NULL,NULL),(1531,'LA ARENA','05',1,0,153,NULL,NULL),(1532,'LA UNION','06',1,0,153,NULL,NULL),(1533,'LAS LOMAS','07',1,0,153,NULL,NULL),(1534,'TAMBO GRANDE','09',1,0,153,NULL,NULL),(1535,'CURA MORI','13',1,0,153,NULL,NULL),(1536,'EL TALLAN','14',1,0,153,NULL,NULL),(1537,'VEINTISEIS DE OCTUBRE','15',1,0,153,NULL,NULL),(1538,'AYABACA','01',1,0,154,NULL,NULL),(1539,'FRIAS','02',1,0,154,NULL,NULL),(1540,'LAGUNAS','03',1,0,154,NULL,NULL),(1541,'MONTERO','04',1,0,154,NULL,NULL),(1542,'PACAIPAMPA','05',1,0,154,NULL,NULL),(1543,'SAPILLICA','06',1,0,154,NULL,NULL),(1544,'SICCHEZ','07',1,0,154,NULL,NULL),(1545,'SUYO','08',1,0,154,NULL,NULL),(1546,'JILILI','09',1,0,154,NULL,NULL),(1547,'PAIMAS','10',1,0,154,NULL,NULL),(1548,'HUANCABAMBA','01',1,0,155,NULL,NULL),(1549,'CANCHAQUE','02',1,0,155,NULL,NULL),(1550,'HUARMACA','03',1,0,155,NULL,NULL),(1551,'SONDOR','04',1,0,155,NULL,NULL),(1552,'SONDORILLO','05',1,0,155,NULL,NULL),(1553,'EL CARMEN DE LA FRONTERA','06',1,0,155,NULL,NULL),(1554,'SAN MIGUEL DE EL FAIQUE','07',1,0,155,NULL,NULL),(1555,'LALAQUIZ','08',1,0,155,NULL,NULL),(1556,'CHULUCANAS','01',1,0,156,NULL,NULL),(1557,'BUENOS AIRES','02',1,0,156,NULL,NULL),(1558,'CHALACO','03',1,0,156,NULL,NULL),(1559,'MORROPON','04',1,0,156,NULL,NULL),(1560,'SALITRAL','05',1,0,156,NULL,NULL),(1561,'SANTA CATALINA DE MOSSA','06',1,0,156,NULL,NULL),(1562,'SANTO DOMINGO','07',1,0,156,NULL,NULL),(1563,'LA MATANZA','08',1,0,156,NULL,NULL),(1564,'YAMANGO','09',1,0,156,NULL,NULL),(1565,'SAN JUAN DE BIGOTE','10',1,0,156,NULL,NULL),(1566,'PAITA','01',1,0,157,NULL,NULL),(1567,'AMOTAPE','02',1,0,157,NULL,NULL),(1568,'ARENAL','03',1,0,157,NULL,NULL),(1569,'LA HUACA','04',1,0,157,NULL,NULL),(1570,'COLAN','05',1,0,157,NULL,NULL),(1571,'TAMARINDO','06',1,0,157,NULL,NULL),(1572,'VICHAYAL','07',1,0,157,NULL,NULL),(1573,'SULLANA','01',1,0,158,NULL,NULL),(1574,'BELLAVISTA','02',1,0,158,NULL,NULL),(1575,'LANCONES','03',1,0,158,NULL,NULL),(1576,'MARCAVELICA','04',1,0,158,NULL,NULL),(1577,'MIGUEL CHECA','05',1,0,158,NULL,NULL),(1578,'QUERECOTILLO','06',1,0,158,NULL,NULL),(1579,'SALITRAL','07',1,0,158,NULL,NULL),(1580,'IGNACIO ESCUDERO','08',1,0,158,NULL,NULL),(1581,'PARIÑAS','01',1,0,159,NULL,NULL),(1582,'EL ALTO','02',1,0,159,NULL,NULL),(1583,'LA BREA','03',1,0,159,NULL,NULL),(1584,'LOBITOS','04',1,0,159,NULL,NULL),(1585,'MANCORA','05',1,0,159,NULL,NULL),(1586,'LOS ORGANOS','06',1,0,159,NULL,NULL),(1587,'SECHURA','01',1,0,160,NULL,NULL),(1588,'VICE','02',1,0,160,NULL,NULL),(1589,'BERNAL','03',1,0,160,NULL,NULL),(1590,'BELLAVISTA DE LA UNION','04',1,0,160,NULL,NULL),(1591,'CRISTO NOS VALGA','05',1,0,160,NULL,NULL),(1592,'RINCONADA-LLICUAR','06',1,0,160,NULL,NULL),(1593,'PUNO','01',1,0,161,NULL,NULL),(1594,'ACORA','02',1,0,161,NULL,NULL),(1595,'ATUNCOLLA','03',1,0,161,NULL,NULL),(1596,'CAPACHICA','04',1,0,161,NULL,NULL),(1597,'COATA','05',1,0,161,NULL,NULL),(1598,'CHUCUITO','06',1,0,161,NULL,NULL),(1599,'HUATA','07',1,0,161,NULL,NULL),(1600,'MAÑAZO','08',1,0,161,NULL,NULL),(1601,'PAUCARCOLLA','09',1,0,161,NULL,NULL),(1602,'PICHACANI','10',1,0,161,NULL,NULL),(1603,'SAN ANTONIO','11',1,0,161,NULL,NULL),(1604,'TIQUILLACA','12',1,0,161,NULL,NULL),(1605,'VILQUE','13',1,0,161,NULL,NULL),(1606,'PLATERIA','14',1,0,161,NULL,NULL),(1607,'AMANTANI','15',1,0,161,NULL,NULL),(1608,'AZANGARO','01',1,0,162,NULL,NULL),(1609,'ACHAYA','02',1,0,162,NULL,NULL),(1610,'ARAPA','03',1,0,162,NULL,NULL),(1611,'ASILLO','04',1,0,162,NULL,NULL),(1612,'CAMINACA','05',1,0,162,NULL,NULL),(1613,'CHUPA','06',1,0,162,NULL,NULL),(1614,'JOSE DOMINGO CHOQUEHUANCA','07',1,0,162,NULL,NULL),(1615,'MUÑANI','08',1,0,162,NULL,NULL),(1616,'POTONI','10',1,0,162,NULL,NULL),(1617,'SAMAN','12',1,0,162,NULL,NULL),(1618,'SAN ANTON','13',1,0,162,NULL,NULL),(1619,'SAN JOSE','14',1,0,162,NULL,NULL),(1620,'SAN JUAN DE SALINAS','15',1,0,162,NULL,NULL),(1621,'SANTIAGO DE PUPUJA','16',1,0,162,NULL,NULL),(1622,'TIRAPATA','17',1,0,162,NULL,NULL),(1623,'MACUSANI','01',1,0,163,NULL,NULL),(1624,'AJOYANI','02',1,0,163,NULL,NULL),(1625,'AYAPATA','03',1,0,163,NULL,NULL),(1626,'COASA','04',1,0,163,NULL,NULL),(1627,'CORANI','05',1,0,163,NULL,NULL),(1628,'CRUCERO','06',1,0,163,NULL,NULL),(1629,'ITUATA','07',1,0,163,NULL,NULL),(1630,'OLLACHEA','08',1,0,163,NULL,NULL),(1631,'SAN GABAN','09',1,0,163,NULL,NULL),(1632,'USICAYOS','10',1,0,163,NULL,NULL),(1633,'JULI','01',1,0,164,NULL,NULL),(1634,'DESAGUADERO','02',1,0,164,NULL,NULL),(1635,'HUACULLANI','03',1,0,164,NULL,NULL),(1636,'PISACOMA','06',1,0,164,NULL,NULL),(1637,'POMATA','07',1,0,164,NULL,NULL),(1638,'ZEPITA','10',1,0,164,NULL,NULL),(1639,'KELLUYO','12',1,0,164,NULL,NULL),(1640,'HUANCANE','01',1,0,165,NULL,NULL),(1641,'COJATA','02',1,0,165,NULL,NULL),(1642,'INCHUPALLA','04',1,0,165,NULL,NULL),(1643,'PUSI','06',1,0,165,NULL,NULL),(1644,'ROSASPATA','07',1,0,165,NULL,NULL),(1645,'TARACO','08',1,0,165,NULL,NULL),(1646,'VILQUE CHICO','09',1,0,165,NULL,NULL),(1647,'HUATASANI','11',1,0,165,NULL,NULL),(1648,'LAMPA','01',1,0,166,NULL,NULL),(1649,'CABANILLA','02',1,0,166,NULL,NULL),(1650,'CALAPUJA','03',1,0,166,NULL,NULL),(1651,'NICASIO','04',1,0,166,NULL,NULL),(1652,'OCUVIRI','05',1,0,166,NULL,NULL),(1653,'PALCA','06',1,0,166,NULL,NULL),(1654,'PARATIA','07',1,0,166,NULL,NULL),(1655,'PUCARA','08',1,0,166,NULL,NULL),(1656,'SANTA LUCIA','09',1,0,166,NULL,NULL),(1657,'VILAVILA','10',1,0,166,NULL,NULL),(1658,'AYAVIRI','01',1,0,167,NULL,NULL),(1659,'ANTAUTA','02',1,0,167,NULL,NULL),(1660,'CUPI','03',1,0,167,NULL,NULL),(1661,'LLALLI','04',1,0,167,NULL,NULL),(1662,'MACARI','05',1,0,167,NULL,NULL),(1663,'NUÑOA','06',1,0,167,NULL,NULL),(1664,'ORURILLO','07',1,0,167,NULL,NULL),(1665,'SANTA ROSA','08',1,0,167,NULL,NULL),(1666,'UMACHIRI','09',1,0,167,NULL,NULL),(1667,'SANDIA','01',1,0,168,NULL,NULL),(1668,'CUYOCUYO','03',1,0,168,NULL,NULL),(1669,'LIMBANI','04',1,0,168,NULL,NULL),(1670,'PHARA','05',1,0,168,NULL,NULL),(1671,'PATAMBUCO','06',1,0,168,NULL,NULL),(1672,'QUIACA','07',1,0,168,NULL,NULL),(1673,'SAN JUAN DEL ORO','08',1,0,168,NULL,NULL),(1674,'YANAHUAYA','10',1,0,168,NULL,NULL),(1675,'ALTO INAMBARI','11',1,0,168,NULL,NULL),(1676,'SAN PEDRO DE PUTINA PUNCO','12',1,0,168,NULL,NULL),(1677,'JULIACA','01',1,0,169,NULL,NULL),(1678,'CABANA','02',1,0,169,NULL,NULL),(1679,'CABANILLAS','03',1,0,169,NULL,NULL),(1680,'CARACOTO','04',1,0,169,NULL,NULL),(1681,'YUNGUYO','01',1,0,170,NULL,NULL),(1682,'UNICACHI','02',1,0,170,NULL,NULL),(1683,'ANAPIA','03',1,0,170,NULL,NULL),(1684,'COPANI','04',1,0,170,NULL,NULL),(1685,'CUTURAPI','05',1,0,170,NULL,NULL),(1686,'OLLARAYA','06',1,0,170,NULL,NULL),(1687,'TINICACHI','07',1,0,170,NULL,NULL),(1688,'PUTINA','01',1,0,171,NULL,NULL),(1689,'PEDRO VILCA APAZA','02',1,0,171,NULL,NULL),(1690,'QUILCAPUNCU','03',1,0,171,NULL,NULL),(1691,'ANANEA','04',1,0,171,NULL,NULL),(1692,'SINA','05',1,0,171,NULL,NULL),(1693,'ILAVE','01',1,0,172,NULL,NULL),(1694,'PILCUYO','02',1,0,172,NULL,NULL),(1695,'SANTA ROSA','03',1,0,172,NULL,NULL),(1696,'CAPAZO','04',1,0,172,NULL,NULL),(1697,'CONDURIRI','05',1,0,172,NULL,NULL),(1698,'MOHO','01',1,0,173,NULL,NULL),(1699,'CONIMA','02',1,0,173,NULL,NULL),(1700,'TILALI','03',1,0,173,NULL,NULL),(1701,'HUAYRAPATA','04',1,0,173,NULL,NULL),(1702,'MOYOBAMBA','01',1,0,174,NULL,NULL),(1703,'CALZADA','02',1,0,174,NULL,NULL),(1704,'HABANA','03',1,0,174,NULL,NULL),(1705,'JEPELACIO','04',1,0,174,NULL,NULL),(1706,'SORITOR','05',1,0,174,NULL,NULL),(1707,'YANTALO','06',1,0,174,NULL,NULL),(1708,'SAPOSOA','01',1,0,175,NULL,NULL),(1709,'PISCOYACU','02',1,0,175,NULL,NULL),(1710,'SACANCHE','03',1,0,175,NULL,NULL),(1711,'TINGO DE SAPOSOA','04',1,0,175,NULL,NULL),(1712,'ALTO SAPOSOA','05',1,0,175,NULL,NULL),(1713,'EL ESLABON','06',1,0,175,NULL,NULL),(1714,'LAMAS','01',1,0,176,NULL,NULL),(1715,'BARRANQUITA','03',1,0,176,NULL,NULL),(1716,'CAYNARACHI','04',1,0,176,NULL,NULL),(1717,'CUÑUMBUQUI','05',1,0,176,NULL,NULL),(1718,'PINTO RECODO','06',1,0,176,NULL,NULL),(1719,'RUMISAPA','07',1,0,176,NULL,NULL),(1720,'SHANAO','11',1,0,176,NULL,NULL),(1721,'TABALOSOS','13',1,0,176,NULL,NULL),(1722,'ZAPATERO','14',1,0,176,NULL,NULL),(1723,'ALONSO DE ALVARADO','15',1,0,176,NULL,NULL),(1724,'SAN ROQUE DE CUMBAZA','16',1,0,176,NULL,NULL),(1725,'JUANJUI','01',1,0,177,NULL,NULL),(1726,'CAMPANILLA','02',1,0,177,NULL,NULL),(1727,'HUICUNGO','03',1,0,177,NULL,NULL),(1728,'PACHIZA','04',1,0,177,NULL,NULL),(1729,'PAJARILLO','05',1,0,177,NULL,NULL),(1730,'RIOJA','01',1,0,178,NULL,NULL),(1731,'POSIC','02',1,0,178,NULL,NULL),(1732,'YORONGOS','03',1,0,178,NULL,NULL),(1733,'YURACYACU','04',1,0,178,NULL,NULL),(1734,'NUEVA CAJAMARCA','05',1,0,178,NULL,NULL),(1735,'ELIAS SOPLIN VARGAS','06',1,0,178,NULL,NULL),(1736,'SAN FERNANDO','07',1,0,178,NULL,NULL),(1737,'PARDO MIGUEL','08',1,0,178,NULL,NULL),(1738,'AWAJUN','09',1,0,178,NULL,NULL),(1739,'TARAPOTO','01',1,0,179,NULL,NULL),(1740,'ALBERTO LEVEAU','02',1,0,179,NULL,NULL),(1741,'CACATACHI','04',1,0,179,NULL,NULL),(1742,'CHAZUTA','06',1,0,179,NULL,NULL),(1743,'CHIPURANA','07',1,0,179,NULL,NULL),(1744,'EL PORVENIR','08',1,0,179,NULL,NULL),(1745,'HUIMBAYOC','09',1,0,179,NULL,NULL),(1746,'JUAN GUERRA','10',1,0,179,NULL,NULL),(1747,'MORALES','11',1,0,179,NULL,NULL),(1748,'PAPAPLAYA','12',1,0,179,NULL,NULL),(1749,'SAN ANTONIO','16',1,0,179,NULL,NULL),(1750,'SAUCE','19',1,0,179,NULL,NULL),(1751,'SHAPAJA','20',1,0,179,NULL,NULL),(1752,'LA BANDA DE SHILCAYO','21',1,0,179,NULL,NULL),(1753,'BELLAVISTA','01',1,0,180,NULL,NULL),(1754,'SAN RAFAEL','02',1,0,180,NULL,NULL),(1755,'SAN PABLO','03',1,0,180,NULL,NULL),(1756,'ALTO BIAVO','04',1,0,180,NULL,NULL),(1757,'HUALLAGA','05',1,0,180,NULL,NULL),(1758,'BAJO BIAVO','06',1,0,180,NULL,NULL),(1759,'TOCACHE','01',1,0,181,NULL,NULL),(1760,'NUEVO PROGRESO','02',1,0,181,NULL,NULL),(1761,'POLVORA','03',1,0,181,NULL,NULL),(1762,'SHUNTE','04',1,0,181,NULL,NULL),(1763,'UCHIZA','05',1,0,181,NULL,NULL),(1764,'PICOTA','01',1,0,182,NULL,NULL),(1765,'BUENOS AIRES','02',1,0,182,NULL,NULL),(1766,'CASPIZAPA','03',1,0,182,NULL,NULL),(1767,'PILLUANA','04',1,0,182,NULL,NULL),(1768,'PUCACACA','05',1,0,182,NULL,NULL),(1769,'SAN CRISTOBAL','06',1,0,182,NULL,NULL),(1770,'SAN HILARION','07',1,0,182,NULL,NULL),(1771,'TINGO DE PONASA','08',1,0,182,NULL,NULL),(1772,'TRES UNIDOS','09',1,0,182,NULL,NULL),(1773,'SHAMBOYACU','10',1,0,182,NULL,NULL),(1774,'SAN JOSE DE SISA','01',1,0,183,NULL,NULL),(1775,'AGUA BLANCA','02',1,0,183,NULL,NULL),(1776,'SHATOJA','03',1,0,183,NULL,NULL),(1777,'SAN MARTIN','04',1,0,183,NULL,NULL),(1778,'SANTA ROSA','05',1,0,183,NULL,NULL),(1779,'TACNA','01',1,0,184,NULL,NULL),(1780,'CALANA','02',1,0,184,NULL,NULL),(1781,'INCLAN','04',1,0,184,NULL,NULL),(1782,'PACHIA','07',1,0,184,NULL,NULL),(1783,'PALCA','08',1,0,184,NULL,NULL),(1784,'POCOLLAY','09',1,0,184,NULL,NULL),(1785,'SAMA','10',1,0,184,NULL,NULL),(1786,'ALTO DE LA ALIANZA','11',1,0,184,NULL,NULL),(1787,'CIUDAD NUEVA','12',1,0,184,NULL,NULL),(1788,'CORONEL GREGORIO ALBARRACIN L.','13',1,0,184,NULL,NULL),(1789,'TARATA','01',1,0,185,NULL,NULL),(1790,'HEROES ALBARRACIN','05',1,0,185,NULL,NULL),(1791,'ESTIQUE','06',1,0,185,NULL,NULL),(1792,'ESTIQUE PAMPA','07',1,0,185,NULL,NULL),(1793,'SITAJARA','10',1,0,185,NULL,NULL),(1794,'SUSAPAYA','11',1,0,185,NULL,NULL),(1795,'TARUCACHI','12',1,0,185,NULL,NULL),(1796,'TICACO','13',1,0,185,NULL,NULL),(1797,'LOCUMBA','01',1,0,186,NULL,NULL),(1798,'ITE','02',1,0,186,NULL,NULL),(1799,'ILABAYA','03',1,0,186,NULL,NULL),(1800,'CANDARAVE','01',1,0,187,NULL,NULL),(1801,'CAIRANI','02',1,0,187,NULL,NULL),(1802,'CURIBAYA','03',1,0,187,NULL,NULL),(1803,'HUANUARA','04',1,0,187,NULL,NULL),(1804,'QUILAHUANI','05',1,0,187,NULL,NULL),(1805,'CAMILACA','06',1,0,187,NULL,NULL),(1806,'TUMBES','01',1,0,188,NULL,NULL),(1807,'CORRALES','02',1,0,188,NULL,NULL),(1808,'LA CRUZ','03',1,0,188,NULL,NULL),(1809,'PAMPAS DE HOSPITAL','04',1,0,188,NULL,NULL),(1810,'SAN JACINTO','05',1,0,188,NULL,NULL),(1811,'SAN JUAN DE LA VIRGEN','06',1,0,188,NULL,NULL),(1812,'ZORRITOS','01',1,0,189,NULL,NULL),(1813,'CASITAS','02',1,0,189,NULL,NULL),(1814,'CANOAS DE PUNTA SAL','03',1,0,189,NULL,NULL),(1815,'ZARUMILLA','01',1,0,190,NULL,NULL),(1816,'MATAPALO','02',1,0,190,NULL,NULL),(1817,'PAPAYAL','03',1,0,190,NULL,NULL),(1818,'AGUAS VERDES','04',1,0,190,NULL,NULL),(1819,'CALLAO','01',1,0,191,NULL,NULL),(1820,'BELLAVISTA','02',1,0,191,NULL,NULL),(1821,'LA PUNTA','03',1,0,191,NULL,NULL),(1822,'CARMEN DE LA LEGUA-REYNOSO','04',1,0,191,NULL,NULL),(1823,'LA PERLA','05',1,0,191,NULL,NULL),(1824,'VENTANILLA','06',1,0,191,NULL,NULL),(1825,'CALLERIA','01',1,0,192,NULL,NULL),(1826,'YARINACOCHA','02',1,0,192,NULL,NULL),(1827,'MASISEA','03',1,0,192,NULL,NULL),(1828,'CAMPOVERDE','04',1,0,192,NULL,NULL),(1829,'IPARIA','05',1,0,192,NULL,NULL),(1830,'NUEVA REQUENA','06',1,0,192,NULL,NULL),(1831,'MANANTAY','07',1,0,192,NULL,NULL),(1832,'PADRE ABAD','01',1,0,193,NULL,NULL),(1833,'IRAZOLA','02',1,0,193,NULL,NULL),(1834,'CURIMANA','03',1,0,193,NULL,NULL),(1835,'RAIMONDI','01',1,0,194,NULL,NULL),(1836,'TAHUANIA','02',1,0,194,NULL,NULL),(1837,'YURUA','03',1,0,194,NULL,NULL),(1838,'SEPAHUA','04',1,0,194,NULL,NULL),(1839,'PURUS','01',1,0,195,NULL,NULL),(1840,'MI PERU','07',1,0,191,NULL,NULL),(1841,'COMPIN','05',1,0,122,NULL,NULL),(1842,'GAMARRA','15',1,0,33,NULL,NULL),(1843,'CANAYRE','10',1,0,45,NULL,NULL),(1844,'UCHURACCAY','10',1,0,45,NULL,NULL),(1845,'SAN PEDRO DE CASTA','33',1,0,132,NULL,NULL),(1846,'ANCHIHUAY','10',1,0,46,NULL,NULL);
/*!40000 ALTER TABLE `distritos` ENABLE KEYS */;
UNLOCK TABLES;

--
-- Table structure for table `docentes`
--

DROP TABLE IF EXISTS `docentes`;
/*!40101 SET @saved_cs_client     = @@character_set_client */;
/*!50503 SET character_set_client = utf8mb4 */;
CREATE TABLE `docentes` (
  `id` int NOT NULL AUTO_INCREMENT,
  `tipo_documento_id` int NOT NULL,
  `num_documento` varchar(25) DEFAULT NULL,
  `apellidos` varchar(250) DEFAULT NULL,
  `nombre` varchar(250) DEFAULT NULL,
  `especialidad` varchar(250) DEFAULT NULL,
  `genero` char(1) DEFAULT NULL,
  `telefono` varchar(45) DEFAULT NULL,
  `direccion` varchar(500) DEFAULT NULL,
  `codigo_plaza` varchar(45) DEFAULT NULL,
  `user_id` int DEFAULT NULL,
  `activo` tinyint DEFAULT NULL,
  `borrado` tinyint DEFAULT NULL,
  `created_at` timestamp NULL DEFAULT NULL,
  `updated_at` timestamp NULL DEFAULT NULL,
  PRIMARY KEY (`id`),
  KEY `fk_docentes_tipo_documentos1_idx` (`tipo_documento_id`),
  CONSTRAINT `fk_docentes_tipo_documentos1` FOREIGN KEY (`tipo_documento_id`) REFERENCES `tipo_documentos` (`id`)
) ENGINE=InnoDB AUTO_INCREMENT=6 DEFAULT CHARSET=utf8mb4 COLLATE=utf8mb4_0900_ai_ci;
/*!40101 SET character_set_client = @saved_cs_client */;

--
-- Dumping data for table `docentes`
--

LOCK TABLES `docentes` WRITE;
/*!40000 ALTER TABLE `docentes` DISABLE KEYS */;
INSERT INTO `docentes` VALUES (1,2,'A47331640123456','Torres','Robert','Matematica','M','944129805','Av. Los azulejos 342','123456',2,1,0,'2022-07-09 05:23:46','2022-07-09 15:05:31'),(2,1,'12345678','asd','sad','asdas','F','asd','asd','asdsad',3,1,1,'2022-07-09 05:36:32','2022-07-09 05:36:36'),(3,1,'12345678','adasd','adssad',NULL,'M',NULL,NULL,'asdsa',4,1,1,'2022-07-09 05:38:41','2022-07-09 05:38:47'),(4,1,'47331640','Rodrigez Bojorques','Carla Alejandra','Fisica','F','043-425598','Av. Los Maizales 342','PLA-002',5,1,0,'2022-07-09 15:06:55','2022-07-09 15:06:55'),(5,1,'42343243','Chavez','Fernando','Matematica','M','425866','Huaraz','cod-01',8,1,0,'2022-12-12 03:11:28','2022-12-12 03:11:40');
/*!40000 ALTER TABLE `docentes` ENABLE KEYS */;
UNLOCK TABLES;

--
-- Table structure for table `docentes_asistencias_dias`
--

DROP TABLE IF EXISTS `docentes_asistencias_dias`;
/*!40101 SET @saved_cs_client     = @@character_set_client */;
/*!50503 SET character_set_client = utf8mb4 */;
CREATE TABLE `docentes_asistencias_dias` (
  `id` int NOT NULL AUTO_INCREMENT,
  `fecha` date DEFAULT NULL,
  `ciclo_escolar_id` int DEFAULT NULL,
  `activo` tinyint DEFAULT NULL,
  `borrado` tinyint DEFAULT NULL,
  `created_at` timestamp NULL DEFAULT NULL,
  `updated_at` timestamp NULL DEFAULT NULL,
  `tipo` tinyint DEFAULT NULL COMMENT '1 - dia normal\n2 - dia feriado',
  PRIMARY KEY (`id`)
) ENGINE=InnoDB AUTO_INCREMENT=9 DEFAULT CHARSET=utf8mb4 COLLATE=utf8mb4_0900_ai_ci;
/*!40101 SET character_set_client = @saved_cs_client */;

--
-- Dumping data for table `docentes_asistencias_dias`
--

LOCK TABLES `docentes_asistencias_dias` WRITE;
/*!40000 ALTER TABLE `docentes_asistencias_dias` DISABLE KEYS */;
INSERT INTO `docentes_asistencias_dias` VALUES (5,'2022-09-24',3,1,0,'2022-09-24 16:02:26','2022-09-24 16:02:26',1),(6,'2022-09-26',3,1,0,'2022-09-27 03:59:30','2022-09-27 03:59:30',1),(7,'2022-10-10',3,1,0,'2022-10-09 05:22:58','2022-10-09 05:22:58',1),(8,'2022-12-07',3,1,0,'2022-12-12 03:31:23','2022-12-12 03:31:23',1);
/*!40000 ALTER TABLE `docentes_asistencias_dias` ENABLE KEYS */;
UNLOCK TABLES;

--
-- Table structure for table `domicilios`
--

DROP TABLE IF EXISTS `domicilios`;
/*!40101 SET @saved_cs_client     = @@character_set_client */;
/*!50503 SET character_set_client = utf8mb4 */;
CREATE TABLE `domicilios` (
  `id` int NOT NULL AUTO_INCREMENT,
  `anio` int DEFAULT NULL,
  `direccion` varchar(500) DEFAULT NULL,
  `lugar` varchar(250) DEFAULT NULL,
  `departamento` varchar(250) DEFAULT NULL,
  `provincia` varchar(250) DEFAULT NULL,
  `distrito` varchar(250) DEFAULT NULL,
  `telefono` varchar(45) DEFAULT NULL,
  `alumno_id` int NOT NULL,
  `activo` tinyint DEFAULT NULL,
  `borrado` tinyint DEFAULT NULL,
  `created_at` timestamp NULL DEFAULT NULL,
  `updated_at` timestamp NULL DEFAULT NULL,
  `matricula_id` int DEFAULT NULL,
  PRIMARY KEY (`id`),
  KEY `fk_domicilios_alumnos1_idx` (`alumno_id`),
  CONSTRAINT `fk_domicilios_alumnos1` FOREIGN KEY (`alumno_id`) REFERENCES `alumnos` (`id`)
) ENGINE=InnoDB AUTO_INCREMENT=20 DEFAULT CHARSET=utf8mb4 COLLATE=utf8mb4_0900_ai_ci;
/*!40101 SET character_set_client = @saved_cs_client */;

--
-- Dumping data for table `domicilios`
--

LOCK TABLES `domicilios` WRITE;
/*!40000 ALTER TABLE `domicilios` DISABLE KEYS */;
INSERT INTO `domicilios` VALUES (17,2022,'Huaraz','CP. Mayta','ANCASH','HUARAZ','INDEPENDENCIA','423455',1,1,0,'2022-08-31 00:36:37','2022-08-31 00:36:37',18),(18,2022,'Jr. San Juan N° 741','San Nicolas','ANCASH','HUARAZ','INDEPENDENCIA','952456951',2,1,0,'2022-09-08 05:04:36','2022-09-08 05:04:36',19),(19,2022,'Acopampa','','ANCASH','HUARMEY','CULEBRAS','963548752',3,1,0,'2022-12-12 03:24:42','2022-12-12 03:24:42',20);
/*!40000 ALTER TABLE `domicilios` ENABLE KEYS */;
UNLOCK TABLES;

--
-- Table structure for table `estados`
--

DROP TABLE IF EXISTS `estados`;
/*!40101 SET @saved_cs_client     = @@character_set_client */;
/*!50503 SET character_set_client = utf8mb4 */;
CREATE TABLE `estados` (
  `id` int NOT NULL AUTO_INCREMENT,
  `nombre` varchar(500) DEFAULT NULL,
  `codigo` varchar(45) DEFAULT NULL,
  `activo` tinyint DEFAULT NULL,
  `borrado` tinyint DEFAULT NULL,
  `created_at` timestamp NULL DEFAULT NULL,
  `updated_at` timestamp NULL DEFAULT NULL,
  PRIMARY KEY (`id`)
) ENGINE=InnoDB AUTO_INCREMENT=241 DEFAULT CHARSET=utf8mb4 COLLATE=utf8mb4_0900_ai_ci;
/*!40101 SET character_set_client = @saved_cs_client */;

--
-- Dumping data for table `estados`
--

LOCK TABLES `estados` WRITE;
/*!40000 ALTER TABLE `estados` DISABLE KEYS */;
INSERT INTO `estados` VALUES (1,'PERÚ','PE',1,0,NULL,NULL),(2,'ANDORRA','AD',1,0,NULL,NULL),(3,'EMIRATOS ÁRABES UNIDOS','AE',1,0,NULL,NULL),(4,'AFGANISTÁN','AF',1,0,NULL,NULL),(5,'ANTIGUA Y BARBUDA','AG',1,0,NULL,NULL),(6,'ANGUILA','AI',1,0,NULL,NULL),(7,'ALBANIA','AL',1,0,NULL,NULL),(8,'ARMENIA','AM',1,0,NULL,NULL),(9,'ANTILLAS NEERLANDESAS','AN',1,0,NULL,NULL),(10,'ANGOLA','AO',1,0,NULL,NULL),(11,'ANTÁRTIDA','AQ',1,0,NULL,NULL),(12,'ARGENTINA','AR',1,0,NULL,NULL),(13,'SAMOA AMERICANA','AS',1,0,NULL,NULL),(14,'AUSTRIA','AT',1,0,NULL,NULL),(15,'AUSTRALIA','AU',1,0,NULL,NULL),(16,'ARUBA','AW',1,0,NULL,NULL),(17,'ISLAS ÁLAND','AX',1,0,NULL,NULL),(18,'AZERBAIYÁN','AZ',1,0,NULL,NULL),(19,'BOSNIA Y HERZEGOVINA','BA',1,0,NULL,NULL),(20,'BARBADOS','BB',1,0,NULL,NULL),(21,'BANGLADESH','BD',1,0,NULL,NULL),(22,'BÉLGICA','BE',1,0,NULL,NULL),(23,'BURKINA FASO','BF',1,0,NULL,NULL),(24,'BULGARIA','BG',1,0,NULL,NULL),(25,'BAHRÉIN','BH',1,0,NULL,NULL),(26,'BURUNDI','BI',1,0,NULL,NULL),(27,'BENIN','BJ',1,0,NULL,NULL),(28,'SAN BARTOLOMÉ','BL',1,0,NULL,NULL),(29,'BERMUDAS','BM',1,0,NULL,NULL),(30,'BRUNÉI','BN',1,0,NULL,NULL),(31,'BOLIVIA','BO',1,0,NULL,NULL),(32,'BRASIL','BR',1,0,NULL,NULL),(33,'BAHAMAS','BS',1,0,NULL,NULL),(34,'BHUTÁN','BT',1,0,NULL,NULL),(35,'ISLA BOUVET','BV',1,0,NULL,NULL),(36,'BOTSUANA','BW',1,0,NULL,NULL),(37,'BELARÚS','BY',1,0,NULL,NULL),(38,'BELICE','BZ',1,0,NULL,NULL),(39,'CANADÁ','CA',1,0,NULL,NULL),(40,'ISLAS COCOS','CC',1,0,NULL,NULL),(41,'REPÚBLICA CENTRO-AFRICANA','CF',1,0,NULL,NULL),(42,'CONGO','CG',1,0,NULL,NULL),(43,'SUIZA','CH',1,0,NULL,NULL),(44,'COSTA DE MARFIL','CI',1,0,NULL,NULL),(45,'ISLAS COOK','CK',1,0,NULL,NULL),(46,'CHILE','CL',1,0,NULL,NULL),(47,'CAMERÚN','CM',1,0,NULL,NULL),(48,'CHINA','CN',1,0,NULL,NULL),(49,'COLOMBIA','CO',1,0,NULL,NULL),(50,'COSTA RICA','CR',1,0,NULL,NULL),(51,'CUBA','CU',1,0,NULL,NULL),(52,'CABO VERDE','CV',1,0,NULL,NULL),(53,'ISLAS CHRISTMAS','CX',1,0,NULL,NULL),(54,'CHIPRE','CY',1,0,NULL,NULL),(55,'REPÚBLICA CHECA','CZ',1,0,NULL,NULL),(56,'ALEMANIA','DE',1,0,NULL,NULL),(57,'YIBUTI','DJ',1,0,NULL,NULL),(58,'DINAMARCA','DK',1,0,NULL,NULL),(59,'DOMÍNICA','DM',1,0,NULL,NULL),(60,'REPÚBLICA DOMINICANA','DO',1,0,NULL,NULL),(61,'ARGEL','DZ',1,0,NULL,NULL),(62,'ECUADOR','EC',1,0,NULL,NULL),(63,'ESTONIA','EE',1,0,NULL,NULL),(64,'EGIPTO','EG',1,0,NULL,NULL),(65,'SAHARA OCCIDENTAL','EH',1,0,NULL,NULL),(66,'ERITREA','ER',1,0,NULL,NULL),(67,'ESPAÑA','ES',1,0,NULL,NULL),(68,'ETIOPÍA','ET',1,0,NULL,NULL),(69,'FINLANDIA','FI',1,0,NULL,NULL),(70,'FIJI','FJ',1,0,NULL,NULL),(71,'ISLAS MALVINAS','FK',1,0,NULL,NULL),(72,'MICRONESIA','FM',1,0,NULL,NULL),(73,'ISLAS FAROE','FO',1,0,NULL,NULL),(74,'FRANCIA','FR',1,0,NULL,NULL),(75,'GABÓN','GA',1,0,NULL,NULL),(76,'REINO UNIDO','GB',1,0,NULL,NULL),(77,'GRANADA','GD',1,0,NULL,NULL),(78,'GEORGIA','GE',1,0,NULL,NULL),(79,'GUAYANA FRANCESA','GF',1,0,NULL,NULL),(80,'GUERNSEY','GG',1,0,NULL,NULL),(81,'GHANA','GH',1,0,NULL,NULL),(82,'GIBRALTAR','GI',1,0,NULL,NULL),(83,'GROENLANDIA','GL',1,0,NULL,NULL),(84,'GAMBIA','GM',1,0,NULL,NULL),(85,'GUINEA','GN',1,0,NULL,NULL),(86,'GUADALUPE','GP',1,0,NULL,NULL),(87,'GUINEA ECUATORIAL','GQ',1,0,NULL,NULL),(88,'GRECIA','GR',1,0,NULL,NULL),(89,'GEORGIA DEL SUR E ISLAS SANDWICH DEL SUR','GS',1,0,NULL,NULL),(90,'GUATEMALA','GT',1,0,NULL,NULL),(91,'GUAM','GU',1,0,NULL,NULL),(92,'GUINEA-BISSAU','GW',1,0,NULL,NULL),(93,'GUAYANA','GY',1,0,NULL,NULL),(94,'HONG KONG','HK',1,0,NULL,NULL),(95,'ISLAS HEARD Y MCDONALD','HM',1,0,NULL,NULL),(96,'HONDURAS','HN',1,0,NULL,NULL),(97,'CROACIA','HR',1,0,NULL,NULL),(98,'HAITÍ','HT',1,0,NULL,NULL),(99,'HUNGRÍA','HU',1,0,NULL,NULL),(100,'INDONESIA','ID',1,0,NULL,NULL),(101,'IRLANDA','IE',1,0,NULL,NULL),(102,'ISRAEL','IL',1,0,NULL,NULL),(103,'ISLA DE MAN','IM',1,0,NULL,NULL),(104,'INDIA','IN',1,0,NULL,NULL),(105,'TERRITORIO BRITÁNICO DEL OCÉANO ÍNDICO','IO',1,0,NULL,NULL),(106,'IRAK','IQ',1,0,NULL,NULL),(107,'IRÁN','IR',1,0,NULL,NULL),(108,'ISLANDIA','IS',1,0,NULL,NULL),(109,'ITALIA','IT',1,0,NULL,NULL),(110,'JERSEY','JE',1,0,NULL,NULL),(111,'JAMAICA','JM',1,0,NULL,NULL),(112,'JORDANIA','JO',1,0,NULL,NULL),(113,'JAPÓN','JP',1,0,NULL,NULL),(114,'KENIA','KE',1,0,NULL,NULL),(115,'KIRGUISTÁN','KG',1,0,NULL,NULL),(116,'CAMBOYA','KH',1,0,NULL,NULL),(117,'KIRIBATI','KI',1,0,NULL,NULL),(118,'COMOROS','KM',1,0,NULL,NULL),(119,'SAN CRISTÓBAL Y NIEVES','KN',1,0,NULL,NULL),(120,'COREA DEL NORTE','KP',1,0,NULL,NULL),(121,'COREA DEL SUR','KR',1,0,NULL,NULL),(122,'KUWAIT','KW',1,0,NULL,NULL),(123,'ISLAS CAIMÁN','KY',1,0,NULL,NULL),(124,'KAZAJSTÁN','KZ',1,0,NULL,NULL),(125,'LAOS','LA',1,0,NULL,NULL),(126,'LÍBANO','LB',1,0,NULL,NULL),(127,'SANTA LUCÍA','LC',1,0,NULL,NULL),(128,'LIECHTENSTEIN','LI',1,0,NULL,NULL),(129,'SRI LANKA','LK',1,0,NULL,NULL),(130,'LIBERIA','LR',1,0,NULL,NULL),(131,'LESOTHO','LS',1,0,NULL,NULL),(132,'LITUANIA','LT',1,0,NULL,NULL),(133,'LUXEMBURGO','LU',1,0,NULL,NULL),(134,'LETONIA','LV',1,0,NULL,NULL),(135,'LIBIA','LY',1,0,NULL,NULL),(136,'MARRUECOS','MA',1,0,NULL,NULL),(137,'MÓNACO','MC',1,0,NULL,NULL),(138,'MOLDOVA','MD',1,0,NULL,NULL),(139,'MONTENEGRO','ME',1,0,NULL,NULL),(140,'MADAGASCAR','MG',1,0,NULL,NULL),(141,'ISLAS MARSHALL','MH',1,0,NULL,NULL),(142,'MACEDONIA','MK',1,0,NULL,NULL),(143,'MALI','ML',1,0,NULL,NULL),(144,'MYANMAR','MM',1,0,NULL,NULL),(145,'MONGOLIA','MN',1,0,NULL,NULL),(146,'MACAO','MO',1,0,NULL,NULL),(147,'MARTINICA','MQ',1,0,NULL,NULL),(148,'MAURITANIA','MR',1,0,NULL,NULL),(149,'MONTSERRAT','MS',1,0,NULL,NULL),(150,'MALTA','MT',1,0,NULL,NULL),(151,'MAURICIO','MU',1,0,NULL,NULL),(152,'MALDIVAS','MV',1,0,NULL,NULL),(153,'MALAWI','MW',1,0,NULL,NULL),(154,'MÉXICO','MX',1,0,NULL,NULL),(155,'MALASIA','MY',1,0,NULL,NULL),(156,'MOZAMBIQUE','MZ',1,0,NULL,NULL),(157,'NAMIBIA','NA',1,0,NULL,NULL),(158,'NUEVA CALEDONIA','NC',1,0,NULL,NULL),(159,'NÍGER','NE',1,0,NULL,NULL),(160,'ISLAS NORKFOLK','NF',1,0,NULL,NULL),(161,'NIGERIA','NG',1,0,NULL,NULL),(162,'NICARAGUA','NI',1,0,NULL,NULL),(163,'PAÍSES BAJOS','NL',1,0,NULL,NULL),(164,'NORUEGA','NO',1,0,NULL,NULL),(165,'NEPAL','NP',1,0,NULL,NULL),(166,'NAURU','NR',1,0,NULL,NULL),(167,'NIUE','NU',1,0,NULL,NULL),(168,'NUEVA ZELANDA','NZ',1,0,NULL,NULL),(169,'OMÁN','OM',1,0,NULL,NULL),(170,'PANAMÁ','PA',1,0,NULL,NULL),(171,'POLINESIA FRANCESA','PF',1,0,NULL,NULL),(172,'PAPÚA NUEVA GUINEA','PG',1,0,NULL,NULL),(173,'FILIPINAS','PH',1,0,NULL,NULL),(174,'PAKISTÁN','PK',1,0,NULL,NULL),(175,'POLONIA','PL',1,0,NULL,NULL),(176,'SAN PEDRO Y MIQUELÓN','PM',1,0,NULL,NULL),(177,'ISLAS PITCAIRN','PN',1,0,NULL,NULL),(178,'PUERTO RICO','PR',1,0,NULL,NULL),(179,'PALESTINA','PS',1,0,NULL,NULL),(180,'PORTUGAL','PT',1,0,NULL,NULL),(181,'ISLAS PALAOS','PW',1,0,NULL,NULL),(182,'PARAGUAY','PY',1,0,NULL,NULL),(183,'QATAR','QA',1,0,NULL,NULL),(184,'REUNIÓN','RE',1,0,NULL,NULL),(185,'RUMANÍA','RO',1,0,NULL,NULL),(186,'SERBIA Y MONTENEGRO','RS',1,0,NULL,NULL),(187,'RUSIA','RU',1,0,NULL,NULL),(188,'RUANDA','RW',1,0,NULL,NULL),(189,'ARABIA SAUDITA','SA',1,0,NULL,NULL),(190,'ISLAS SOLOMÓN','SB',1,0,NULL,NULL),(191,'SEYCHELLES','SC',1,0,NULL,NULL),(192,'SUDÁN','SD',1,0,NULL,NULL),(193,'SUECIA','SE',1,0,NULL,NULL),(194,'SINGAPUR','SG',1,0,NULL,NULL),(195,'SANTA ELENA','SH',1,0,NULL,NULL),(196,'ESLOVENIA','SI',1,0,NULL,NULL),(197,'ISLAS SVALBARD Y JAN MAYEN','SJ',1,0,NULL,NULL),(198,'ESLOVAQUIA','SK',1,0,NULL,NULL),(199,'SIERRA LEONA','SL',1,0,NULL,NULL),(200,'SAN MARINO','SM',1,0,NULL,NULL),(201,'SENEGAL','SN',1,0,NULL,NULL),(202,'SOMALIA','SO',1,0,NULL,NULL),(203,'SURINAM','SR',1,0,NULL,NULL),(204,'SANTO TOMÉ Y PRÍNCIPE','ST',1,0,NULL,NULL),(205,'EL SALVADOR','SV',1,0,NULL,NULL),(206,'SIRIA','SY',1,0,NULL,NULL),(207,'SUAZILANDIA','SZ',1,0,NULL,NULL),(208,'ISLAS TURCAS Y CAICOS','TC',1,0,NULL,NULL),(209,'CHAD','TD',1,0,NULL,NULL),(210,'TERRITORIOS AUSTRALES FRANCESES','TF',1,0,NULL,NULL),(211,'TOGO','TG',1,0,NULL,NULL),(212,'TAILANDIA','TH',1,0,NULL,NULL),(213,'TANZANIA','TH',1,0,NULL,NULL),(214,'TAYIKISTÁN','TJ',1,0,NULL,NULL),(215,'TOKELAU','TK',1,0,NULL,NULL),(216,'TIMOR-LESTE','TL',1,0,NULL,NULL),(217,'TURKMENISTÁN','TM',1,0,NULL,NULL),(218,'TÚNEZ','TN',1,0,NULL,NULL),(219,'TONGA','TO',1,0,NULL,NULL),(220,'TURQUÍA','TR',1,0,NULL,NULL),(221,'TRINIDAD Y TOBAGO','TT',1,0,NULL,NULL),(222,'TUVALU','TV',1,0,NULL,NULL),(223,'TAIWÁN','TW',1,0,NULL,NULL),(224,'UCRANIA','UA',1,0,NULL,NULL),(225,'UGANDA','UG',1,0,NULL,NULL),(226,'ESTADOS UNIDOS DE AMÉRICA','US',1,0,NULL,NULL),(227,'URUGUAY','UY',1,0,NULL,NULL),(228,'UZBEKISTÁN','UZ',1,0,NULL,NULL),(229,'CIUDAD DEL VATICANO','VA',1,0,NULL,NULL),(230,'SAN VICENTE Y LAS GRANADINAS','VC',1,0,NULL,NULL),(231,'VENEZUELA','VE',1,0,NULL,NULL),(232,'ISLAS VÍRGENES BRITÁNICAS','VG',1,0,NULL,NULL),(233,'ISLAS VÍRGENES DE LOS ESTADOS UNIDOS DE AMÉRICA','VI',1,0,NULL,NULL),(234,'VIETNAM','VN',1,0,NULL,NULL),(235,'VANUATU','VU',1,0,NULL,NULL),(236,'WALLIS Y FUTUNA','WF',1,0,NULL,NULL),(237,'SAMOA','WS',1,0,NULL,NULL),(238,'YEMEN','YE',1,0,NULL,NULL),(239,'MAYOTTE','YT',1,0,NULL,NULL),(240,'SUDÁFRICA','ZA',1,0,NULL,NULL);
/*!40000 ALTER TABLE `estados` ENABLE KEYS */;
UNLOCK TABLES;

--
-- Table structure for table `failed_jobs`
--

DROP TABLE IF EXISTS `failed_jobs`;
/*!40101 SET @saved_cs_client     = @@character_set_client */;
/*!50503 SET character_set_client = utf8mb4 */;
CREATE TABLE `failed_jobs` (
  `id` bigint unsigned NOT NULL AUTO_INCREMENT,
  `uuid` varchar(255) COLLATE utf8mb4_unicode_ci NOT NULL,
  `connection` text COLLATE utf8mb4_unicode_ci NOT NULL,
  `queue` text COLLATE utf8mb4_unicode_ci NOT NULL,
  `payload` longtext COLLATE utf8mb4_unicode_ci NOT NULL,
  `exception` longtext COLLATE utf8mb4_unicode_ci NOT NULL,
  `failed_at` timestamp NOT NULL DEFAULT CURRENT_TIMESTAMP,
  PRIMARY KEY (`id`),
  UNIQUE KEY `failed_jobs_uuid_unique` (`uuid`)
) ENGINE=InnoDB DEFAULT CHARSET=utf8mb4 COLLATE=utf8mb4_unicode_ci;
/*!40101 SET character_set_client = @saved_cs_client */;

--
-- Dumping data for table `failed_jobs`
--

LOCK TABLES `failed_jobs` WRITE;
/*!40000 ALTER TABLE `failed_jobs` DISABLE KEYS */;
/*!40000 ALTER TABLE `failed_jobs` ENABLE KEYS */;
UNLOCK TABLES;

--
-- Table structure for table `grados`
--

DROP TABLE IF EXISTS `grados`;
/*!40101 SET @saved_cs_client     = @@character_set_client */;
/*!50503 SET character_set_client = utf8mb4 */;
CREATE TABLE `grados` (
  `id` int NOT NULL AUTO_INCREMENT,
  `nombre` varchar(200) DEFAULT NULL,
  `ciclo` varchar(100) DEFAULT NULL,
  `orden` int DEFAULT NULL,
  `nivele_id` int NOT NULL,
  `activo` tinyint DEFAULT NULL,
  `borrado` tinyint DEFAULT NULL,
  `created_at` timestamp NULL DEFAULT NULL,
  `updated_at` timestamp NULL DEFAULT NULL,
  PRIMARY KEY (`id`),
  KEY `fk_grados_niveles1_idx` (`nivele_id`),
  CONSTRAINT `fk_grados_niveles1` FOREIGN KEY (`nivele_id`) REFERENCES `niveles` (`id`)
) ENGINE=InnoDB AUTO_INCREMENT=14 DEFAULT CHARSET=utf8mb4 COLLATE=utf8mb4_0900_ai_ci;
/*!40101 SET character_set_client = @saved_cs_client */;

--
-- Dumping data for table `grados`
--

LOCK TABLES `grados` WRITE;
/*!40000 ALTER TABLE `grados` DISABLE KEYS */;
INSERT INTO `grados` VALUES (1,'Cuna Inicial','1',1,1,1,0,NULL,NULL),(2,'Inicial','2',2,1,1,0,NULL,NULL),(3,'Primer Grado','3',1,2,1,0,NULL,NULL),(4,'Segundo Grado','3',2,2,1,0,NULL,NULL),(5,'Tercer Grado','4',3,2,1,0,NULL,NULL),(6,'Cuarto Grado','4',4,2,1,0,NULL,NULL),(7,'Quinto Grado','5',5,2,1,0,NULL,NULL),(8,'Sexto Grado','5',6,2,1,0,NULL,NULL),(9,'Primer Grado','6',1,3,1,0,NULL,NULL),(10,'Segundo Grado','6',2,3,1,0,NULL,NULL),(11,'Tercer Grado','7',3,3,1,0,NULL,NULL),(12,'Cuarto Grado','7',4,3,1,0,NULL,NULL),(13,'Quinto Grado','7',5,3,1,0,NULL,NULL);
/*!40000 ALTER TABLE `grados` ENABLE KEYS */;
UNLOCK TABLES;

--
-- Table structure for table `horarios`
--

DROP TABLE IF EXISTS `horarios`;
/*!40101 SET @saved_cs_client     = @@character_set_client */;
/*!50503 SET character_set_client = utf8mb4 */;
CREATE TABLE `horarios` (
  `id` int NOT NULL AUTO_INCREMENT,
  `dia_semana` tinyint DEFAULT NULL,
  `hora_ini` time DEFAULT NULL,
  `hora_fin` time DEFAULT NULL,
  `ciclo_curso_id` int NOT NULL,
  `activo` tinyint DEFAULT NULL,
  `borrado` tinyint DEFAULT NULL,
  `created_at` timestamp NULL DEFAULT NULL,
  `updated_at` timestamp NULL DEFAULT NULL,
  `ciclo_escolar_id` int DEFAULT NULL,
  `ciclo_seccion_id` int DEFAULT NULL,
  `hora_id` int DEFAULT NULL,
  `turno_id` int DEFAULT NULL,
  PRIMARY KEY (`id`)
) ENGINE=InnoDB AUTO_INCREMENT=556 DEFAULT CHARSET=utf8mb4 COLLATE=utf8mb4_0900_ai_ci;
/*!40101 SET character_set_client = @saved_cs_client */;

--
-- Dumping data for table `horarios`
--

LOCK TABLES `horarios` WRITE;
/*!40000 ALTER TABLE `horarios` DISABLE KEYS */;
INSERT INTO `horarios` VALUES (66,1,'07:00:00','08:00:00',19,1,0,'2022-08-03 15:28:30','2022-08-03 15:28:30',3,8,2,1),(67,2,'07:00:00','08:00:00',21,1,0,'2022-08-03 15:28:30','2022-08-03 15:28:30',3,8,2,1),(68,3,'07:00:00','08:00:00',19,1,0,'2022-08-03 15:28:30','2022-08-03 15:28:30',3,8,2,1),(69,4,'07:00:00','08:00:00',21,1,0,'2022-08-03 15:28:30','2022-08-03 15:28:30',3,8,2,1),(70,5,'07:00:00','08:00:00',19,1,0,'2022-08-03 15:28:30','2022-08-03 15:28:30',3,8,2,1),(71,1,'08:00:00','09:00:00',19,1,0,'2022-08-03 15:28:30','2022-08-03 15:28:30',3,8,3,1),(72,2,'08:00:00','09:00:00',21,1,0,'2022-08-03 15:28:30','2022-08-03 15:28:30',3,8,3,1),(73,3,'08:00:00','09:00:00',19,1,0,'2022-08-03 15:28:30','2022-08-03 15:28:30',3,8,3,1),(74,4,'08:00:00','09:00:00',21,1,0,'2022-08-03 15:28:30','2022-08-03 15:28:30',3,8,3,1),(75,5,'08:00:00','09:00:00',19,1,0,'2022-08-03 15:28:30','2022-08-03 15:28:30',3,8,3,1),(76,1,'09:00:00','10:00:00',19,1,0,'2022-08-03 15:28:30','2022-08-03 15:28:30',3,8,4,1),(77,2,'09:00:00','10:00:00',21,1,0,'2022-08-03 15:28:30','2022-08-03 15:28:30',3,8,4,1),(78,3,'09:00:00','10:00:00',19,1,0,'2022-08-03 15:28:30','2022-08-03 15:28:30',3,8,4,1),(79,4,'09:00:00','10:00:00',21,1,0,'2022-08-03 15:28:30','2022-08-03 15:28:30',3,8,4,1),(80,5,'09:00:00','10:00:00',19,1,0,'2022-08-03 15:28:30','2022-08-03 15:28:30',3,8,4,1),(81,1,'10:00:00','10:30:00',0,1,0,'2022-08-03 15:28:30','2022-08-03 15:28:30',3,8,5,1),(82,2,'10:00:00','10:30:00',0,1,0,'2022-08-03 15:28:30','2022-08-03 15:28:30',3,8,5,1),(83,3,'10:00:00','10:30:00',0,1,0,'2022-08-03 15:28:30','2022-08-03 15:28:30',3,8,5,1),(84,4,'10:00:00','10:30:00',0,1,0,'2022-08-03 15:28:30','2022-08-03 15:28:30',3,8,5,1),(85,5,'10:00:00','10:30:00',0,1,0,'2022-08-03 15:28:30','2022-08-03 15:28:30',3,8,5,1),(86,1,'10:30:00','11:00:00',20,1,0,'2022-08-03 15:28:30','2022-08-03 15:28:30',3,8,6,1),(87,2,'10:30:00','11:00:00',22,1,0,'2022-08-03 15:28:30','2022-08-03 15:28:30',3,8,6,1),(88,3,'10:30:00','11:00:00',20,1,0,'2022-08-03 15:28:30','2022-08-03 15:28:30',3,8,6,1),(89,4,'10:30:00','11:00:00',22,1,0,'2022-08-03 15:28:30','2022-08-03 15:28:30',3,8,6,1),(90,5,'10:30:00','11:00:00',20,1,0,'2022-08-03 15:28:30','2022-08-03 15:28:30',3,8,6,1),(91,1,'11:00:00','12:00:00',20,1,0,'2022-08-03 15:28:30','2022-08-03 15:28:30',3,8,7,1),(92,2,'11:00:00','12:00:00',22,1,0,'2022-08-03 15:28:30','2022-08-03 15:28:30',3,8,7,1),(93,3,'11:00:00','12:00:00',20,1,0,'2022-08-03 15:28:30','2022-08-03 15:28:30',3,8,7,1),(94,4,'11:00:00','12:00:00',22,1,0,'2022-08-03 15:28:30','2022-08-03 15:28:30',3,8,7,1),(95,5,'11:00:00','12:00:00',20,1,0,'2022-08-03 15:28:30','2022-08-03 15:28:30',3,8,7,1),(96,1,'12:00:00','13:00:00',20,1,0,'2022-08-03 15:28:30','2022-08-03 15:28:30',3,8,8,1),(97,2,'12:00:00','13:00:00',22,1,0,'2022-08-03 15:28:30','2022-08-03 15:28:30',3,8,8,1),(98,3,'12:00:00','13:00:00',20,1,0,'2022-08-03 15:28:30','2022-08-03 15:28:30',3,8,8,1),(99,4,'12:00:00','13:00:00',22,1,0,'2022-08-03 15:28:30','2022-08-03 15:28:30',3,8,8,1),(100,5,'12:00:00','13:00:00',20,1,0,'2022-08-03 15:28:30','2022-08-03 15:28:30',3,8,8,1),(101,1,'07:00:00','08:00:00',20,1,0,'2022-08-03 15:29:28','2022-08-03 15:29:28',3,21,2,1),(102,2,'07:00:00','08:00:00',22,1,0,'2022-08-03 15:29:28','2022-08-03 15:29:28',3,21,2,1),(103,3,'07:00:00','08:00:00',20,1,0,'2022-08-03 15:29:28','2022-08-03 15:29:28',3,21,2,1),(104,4,'07:00:00','08:00:00',22,1,0,'2022-08-03 15:29:28','2022-08-03 15:29:28',3,21,2,1),(105,5,'07:00:00','08:00:00',20,1,0,'2022-08-03 15:29:28','2022-08-03 15:29:28',3,21,2,1),(106,1,'08:00:00','09:00:00',20,1,0,'2022-08-03 15:29:28','2022-08-03 15:29:28',3,21,3,1),(107,2,'08:00:00','09:00:00',22,1,0,'2022-08-03 15:29:28','2022-08-03 15:29:28',3,21,3,1),(108,3,'08:00:00','09:00:00',20,1,0,'2022-08-03 15:29:28','2022-08-03 15:29:28',3,21,3,1),(109,4,'08:00:00','09:00:00',22,1,0,'2022-08-03 15:29:28','2022-08-03 15:29:28',3,21,3,1),(110,5,'08:00:00','09:00:00',20,1,0,'2022-08-03 15:29:28','2022-08-03 15:29:28',3,21,3,1),(111,1,'09:00:00','10:00:00',20,1,0,'2022-08-03 15:29:28','2022-08-03 15:29:28',3,21,4,1),(112,2,'09:00:00','10:00:00',22,1,0,'2022-08-03 15:29:28','2022-08-03 15:29:28',3,21,4,1),(113,3,'09:00:00','10:00:00',20,1,0,'2022-08-03 15:29:28','2022-08-03 15:29:28',3,21,4,1),(114,4,'09:00:00','10:00:00',22,1,0,'2022-08-03 15:29:28','2022-08-03 15:29:28',3,21,4,1),(115,5,'09:00:00','10:00:00',20,1,0,'2022-08-03 15:29:28','2022-08-03 15:29:28',3,21,4,1),(116,1,'10:00:00','10:30:00',0,1,0,'2022-08-03 15:29:28','2022-08-03 15:29:28',3,21,5,1),(117,2,'10:00:00','10:30:00',0,1,0,'2022-08-03 15:29:28','2022-08-03 15:29:28',3,21,5,1),(118,3,'10:00:00','10:30:00',0,1,0,'2022-08-03 15:29:28','2022-08-03 15:29:28',3,21,5,1),(119,4,'10:00:00','10:30:00',0,1,0,'2022-08-03 15:29:28','2022-08-03 15:29:28',3,21,5,1),(120,5,'10:00:00','10:30:00',0,1,0,'2022-08-03 15:29:28','2022-08-03 15:29:28',3,21,5,1),(121,1,'10:30:00','11:00:00',19,1,0,'2022-08-03 15:29:28','2022-08-03 15:29:28',3,21,6,1),(122,2,'10:30:00','11:00:00',21,1,0,'2022-08-03 15:29:28','2022-08-03 15:29:28',3,21,6,1),(123,3,'10:30:00','11:00:00',19,1,0,'2022-08-03 15:29:28','2022-08-03 15:29:28',3,21,6,1),(124,4,'10:30:00','11:00:00',21,1,0,'2022-08-03 15:29:28','2022-08-03 15:29:28',3,21,6,1),(125,5,'10:30:00','11:00:00',19,1,0,'2022-08-03 15:29:28','2022-08-03 15:29:28',3,21,6,1),(126,1,'11:00:00','12:00:00',19,1,0,'2022-08-03 15:29:28','2022-08-03 15:29:28',3,21,7,1),(127,2,'11:00:00','12:00:00',21,1,0,'2022-08-03 15:29:28','2022-08-03 15:29:28',3,21,7,1),(128,3,'11:00:00','12:00:00',19,1,0,'2022-08-03 15:29:28','2022-08-03 15:29:28',3,21,7,1),(129,4,'11:00:00','12:00:00',21,1,0,'2022-08-03 15:29:28','2022-08-03 15:29:28',3,21,7,1),(130,5,'11:00:00','12:00:00',19,1,0,'2022-08-03 15:29:28','2022-08-03 15:29:28',3,21,7,1),(131,1,'12:00:00','13:00:00',19,1,0,'2022-08-03 15:29:28','2022-08-03 15:29:28',3,21,8,1),(132,2,'12:00:00','13:00:00',21,1,0,'2022-08-03 15:29:28','2022-08-03 15:29:28',3,21,8,1),(133,3,'12:00:00','13:00:00',19,1,0,'2022-08-03 15:29:28','2022-08-03 15:29:28',3,21,8,1),(134,4,'12:00:00','13:00:00',21,1,0,'2022-08-03 15:29:28','2022-08-03 15:29:28',3,21,8,1),(135,5,'12:00:00','13:00:00',19,1,0,'2022-08-03 15:29:28','2022-08-03 15:29:28',3,21,8,1),(136,1,'07:00:00','08:00:00',23,1,0,'2022-08-03 16:13:23','2022-08-03 16:15:25',3,9,2,1),(137,2,'07:00:00','08:00:00',26,1,0,'2022-08-03 16:13:23','2022-08-03 16:15:25',3,9,2,1),(138,3,'07:00:00','08:00:00',25,1,0,'2022-08-03 16:13:23','2022-08-03 16:15:25',3,9,2,1),(139,4,'07:00:00','08:00:00',24,1,0,'2022-08-03 16:13:24','2022-08-03 16:15:25',3,9,2,1),(140,5,'07:00:00','08:00:00',23,1,0,'2022-08-03 16:13:24','2022-08-03 16:15:25',3,9,2,1),(141,1,'08:00:00','09:00:00',23,1,0,'2022-08-03 16:13:24','2022-08-03 16:15:25',3,9,3,1),(142,2,'08:00:00','09:00:00',26,1,0,'2022-08-03 16:13:24','2022-08-03 16:15:25',3,9,3,1),(143,3,'08:00:00','09:00:00',25,1,0,'2022-08-03 16:13:24','2022-08-03 16:15:25',3,9,3,1),(144,4,'08:00:00','09:00:00',24,1,0,'2022-08-03 16:13:24','2022-08-03 16:15:25',3,9,3,1),(145,5,'08:00:00','09:00:00',23,1,0,'2022-08-03 16:13:24','2022-08-03 16:15:25',3,9,3,1),(146,1,'09:00:00','10:00:00',24,1,0,'2022-08-03 16:13:24','2022-08-03 16:15:25',3,9,4,1),(147,2,'09:00:00','10:00:00',23,1,0,'2022-08-03 16:13:24','2022-08-03 16:15:25',3,9,4,1),(148,3,'09:00:00','10:00:00',26,1,0,'2022-08-03 16:13:24','2022-08-03 16:15:25',3,9,4,1),(149,4,'09:00:00','10:00:00',25,1,0,'2022-08-03 16:13:24','2022-08-03 16:15:25',3,9,4,1),(150,5,'09:00:00','10:00:00',24,1,0,'2022-08-03 16:13:24','2022-08-03 16:15:25',3,9,4,1),(151,1,'10:00:00','10:30:00',0,1,0,'2022-08-03 16:13:24','2022-08-03 16:13:24',3,9,5,1),(152,2,'10:00:00','10:30:00',0,1,0,'2022-08-03 16:13:24','2022-08-03 16:13:24',3,9,5,1),(153,3,'10:00:00','10:30:00',0,1,0,'2022-08-03 16:13:24','2022-08-03 16:13:24',3,9,5,1),(154,4,'10:00:00','10:30:00',0,1,0,'2022-08-03 16:13:24','2022-08-03 16:13:24',3,9,5,1),(155,5,'10:00:00','10:30:00',0,1,0,'2022-08-03 16:13:24','2022-08-03 16:13:24',3,9,5,1),(156,1,'10:30:00','11:00:00',24,1,0,'2022-08-03 16:13:24','2022-08-03 16:15:25',3,9,6,1),(157,2,'10:30:00','11:00:00',23,1,0,'2022-08-03 16:13:24','2022-08-03 16:15:25',3,9,6,1),(158,3,'10:30:00','11:00:00',26,1,0,'2022-08-03 16:13:24','2022-08-03 16:15:25',3,9,6,1),(159,4,'10:30:00','11:00:00',25,1,0,'2022-08-03 16:13:24','2022-08-03 16:15:25',3,9,6,1),(160,5,'10:30:00','11:00:00',24,1,0,'2022-08-03 16:13:24','2022-08-03 16:15:25',3,9,6,1),(161,1,'11:00:00','12:00:00',25,1,0,'2022-08-03 16:13:24','2022-08-03 16:15:25',3,9,7,1),(162,2,'11:00:00','12:00:00',24,1,0,'2022-08-03 16:13:24','2022-08-03 16:15:25',3,9,7,1),(163,3,'11:00:00','12:00:00',23,1,0,'2022-08-03 16:13:24','2022-08-03 16:15:25',3,9,7,1),(164,4,'11:00:00','12:00:00',26,1,0,'2022-08-03 16:13:24','2022-08-03 16:15:25',3,9,7,1),(165,5,'11:00:00','12:00:00',25,1,0,'2022-08-03 16:13:24','2022-08-03 16:15:25',3,9,7,1),(166,1,'12:00:00','13:00:00',25,1,0,'2022-08-03 16:13:24','2022-08-03 16:15:25',3,9,8,1),(167,2,'12:00:00','13:00:00',24,1,0,'2022-08-03 16:13:24','2022-08-03 16:15:25',3,9,8,1),(168,3,'12:00:00','13:00:00',23,1,0,'2022-08-03 16:13:24','2022-08-03 16:15:25',3,9,8,1),(169,4,'12:00:00','13:00:00',26,1,0,'2022-08-03 16:13:24','2022-08-03 16:15:25',3,9,8,1),(170,5,'12:00:00','13:00:00',25,1,0,'2022-08-03 16:13:24','2022-08-03 16:15:25',3,9,8,1),(171,1,'07:00:00','08:00:00',27,1,0,'2022-08-03 16:20:50','2022-08-03 16:20:50',3,10,2,1),(172,2,'07:00:00','08:00:00',30,1,0,'2022-08-03 16:20:50','2022-08-03 16:20:50',3,10,2,1),(173,3,'07:00:00','08:00:00',33,1,0,'2022-08-03 16:20:50','2022-08-03 16:20:50',3,10,2,1),(174,4,'07:00:00','08:00:00',35,1,0,'2022-08-03 16:20:50','2022-08-03 16:20:50',3,10,2,1),(175,5,'07:00:00','08:00:00',29,1,0,'2022-08-03 16:20:50','2022-08-03 16:20:50',3,10,2,1),(176,1,'08:00:00','09:00:00',27,1,0,'2022-08-03 16:20:50','2022-08-03 16:20:50',3,10,3,1),(177,2,'08:00:00','09:00:00',30,1,0,'2022-08-03 16:20:50','2022-08-03 16:20:50',3,10,3,1),(178,3,'08:00:00','09:00:00',33,1,0,'2022-08-03 16:20:50','2022-08-03 16:20:50',3,10,3,1),(179,4,'08:00:00','09:00:00',36,1,0,'2022-08-03 16:20:50','2022-08-03 16:20:50',3,10,3,1),(180,5,'08:00:00','09:00:00',29,1,0,'2022-08-03 16:20:50','2022-08-03 16:20:50',3,10,3,1),(181,1,'09:00:00','10:00:00',28,1,0,'2022-08-03 16:20:50','2022-08-03 16:20:50',3,10,4,1),(182,2,'09:00:00','10:00:00',31,1,0,'2022-08-03 16:20:50','2022-08-03 16:20:50',3,10,4,1),(183,3,'09:00:00','10:00:00',33,1,0,'2022-08-03 16:20:50','2022-08-03 16:20:50',3,10,4,1),(184,4,'09:00:00','10:00:00',36,1,0,'2022-08-03 16:20:50','2022-08-03 16:20:50',3,10,4,1),(185,5,'09:00:00','10:00:00',27,1,0,'2022-08-03 16:20:50','2022-08-03 16:20:50',3,10,4,1),(186,1,'10:00:00','10:30:00',0,1,0,'2022-08-03 16:20:50','2022-08-03 16:20:50',3,10,5,1),(187,2,'10:00:00','10:30:00',0,1,0,'2022-08-03 16:20:50','2022-08-03 16:20:50',3,10,5,1),(188,3,'10:00:00','10:30:00',0,1,0,'2022-08-03 16:20:50','2022-08-03 16:20:50',3,10,5,1),(189,4,'10:00:00','10:30:00',0,1,0,'2022-08-03 16:20:50','2022-08-03 16:20:50',3,10,5,1),(190,5,'10:00:00','10:30:00',0,1,0,'2022-08-03 16:20:50','2022-08-03 16:20:50',3,10,5,1),(191,1,'10:30:00','11:00:00',28,1,0,'2022-08-03 16:20:50','2022-08-03 16:20:50',3,10,6,1),(192,2,'10:30:00','11:00:00',31,1,0,'2022-08-03 16:20:50','2022-08-03 16:20:50',3,10,6,1),(193,3,'10:30:00','11:00:00',34,1,0,'2022-08-03 16:20:50','2022-08-03 16:20:50',3,10,6,1),(194,4,'10:30:00','11:00:00',33,1,0,'2022-08-03 16:20:50','2022-08-03 16:20:50',3,10,6,1),(195,5,'10:30:00','11:00:00',31,1,0,'2022-08-03 16:20:50','2022-08-03 16:20:50',3,10,6,1),(196,1,'11:00:00','12:00:00',29,1,0,'2022-08-03 16:20:50','2022-08-03 16:20:50',3,10,7,1),(197,2,'11:00:00','12:00:00',32,1,0,'2022-08-03 16:20:50','2022-08-03 16:20:50',3,10,7,1),(198,3,'11:00:00','12:00:00',34,1,0,'2022-08-03 16:20:50','2022-08-03 16:20:50',3,10,7,1),(199,4,'11:00:00','12:00:00',33,1,0,'2022-08-03 16:20:50','2022-08-03 16:20:50',3,10,7,1),(200,5,'11:00:00','12:00:00',34,1,0,'2022-08-03 16:20:50','2022-08-03 16:20:50',3,10,7,1),(201,1,'12:00:00','13:00:00',29,1,0,'2022-08-03 16:20:50','2022-08-03 16:20:50',3,10,8,1),(202,2,'12:00:00','13:00:00',32,1,0,'2022-08-03 16:20:50','2022-08-03 16:20:50',3,10,8,1),(203,3,'12:00:00','13:00:00',35,1,0,'2022-08-03 16:20:50','2022-08-03 16:20:50',3,10,8,1),(204,4,'12:00:00','13:00:00',30,1,0,'2022-08-03 16:20:50','2022-08-03 16:20:50',3,10,8,1),(205,5,'12:00:00','13:00:00',29,1,0,'2022-08-03 16:20:50','2022-08-03 16:20:50',3,10,8,1),(206,1,'07:00:00','08:00:00',37,1,0,'2022-08-03 16:23:16','2022-08-03 16:23:16',3,11,2,1),(207,2,'07:00:00','08:00:00',40,1,0,'2022-08-03 16:23:16','2022-08-03 16:23:16',3,11,2,1),(208,3,'07:00:00','08:00:00',43,1,0,'2022-08-03 16:23:16','2022-08-03 16:23:16',3,11,2,1),(209,4,'07:00:00','08:00:00',45,1,0,'2022-08-03 16:23:16','2022-08-03 16:23:16',3,11,2,1),(210,5,'07:00:00','08:00:00',39,1,0,'2022-08-03 16:23:16','2022-08-03 16:23:16',3,11,2,1),(211,1,'08:00:00','09:00:00',37,1,0,'2022-08-03 16:23:16','2022-08-03 16:23:16',3,11,3,1),(212,2,'08:00:00','09:00:00',40,1,0,'2022-08-03 16:23:16','2022-08-03 16:23:16',3,11,3,1),(213,3,'08:00:00','09:00:00',43,1,0,'2022-08-03 16:23:16','2022-08-03 16:23:16',3,11,3,1),(214,4,'08:00:00','09:00:00',46,1,0,'2022-08-03 16:23:16','2022-08-03 16:23:16',3,11,3,1),(215,5,'08:00:00','09:00:00',39,1,0,'2022-08-03 16:23:16','2022-08-03 16:23:16',3,11,3,1),(216,1,'09:00:00','10:00:00',38,1,0,'2022-08-03 16:23:16','2022-08-03 16:23:16',3,11,4,1),(217,2,'09:00:00','10:00:00',41,1,0,'2022-08-03 16:23:16','2022-08-03 16:23:16',3,11,4,1),(218,3,'09:00:00','10:00:00',43,1,0,'2022-08-03 16:23:16','2022-08-03 16:23:16',3,11,4,1),(219,4,'09:00:00','10:00:00',46,1,0,'2022-08-03 16:23:16','2022-08-03 16:23:16',3,11,4,1),(220,5,'09:00:00','10:00:00',37,1,0,'2022-08-03 16:23:16','2022-08-03 16:23:16',3,11,4,1),(221,1,'10:00:00','10:30:00',0,1,0,'2022-08-03 16:23:16','2022-08-03 16:23:16',3,11,5,1),(222,2,'10:00:00','10:30:00',0,1,0,'2022-08-03 16:23:16','2022-08-03 16:23:16',3,11,5,1),(223,3,'10:00:00','10:30:00',0,1,0,'2022-08-03 16:23:16','2022-08-03 16:23:16',3,11,5,1),(224,4,'10:00:00','10:30:00',0,1,0,'2022-08-03 16:23:16','2022-08-03 16:23:16',3,11,5,1),(225,5,'10:00:00','10:30:00',0,1,0,'2022-08-03 16:23:16','2022-08-03 16:23:16',3,11,5,1),(226,1,'10:30:00','11:00:00',38,1,0,'2022-08-03 16:23:16','2022-08-03 16:23:16',3,11,6,1),(227,2,'10:30:00','11:00:00',41,1,0,'2022-08-03 16:23:16','2022-08-03 16:23:16',3,11,6,1),(228,3,'10:30:00','11:00:00',44,1,0,'2022-08-03 16:23:16','2022-08-03 16:23:16',3,11,6,1),(229,4,'10:30:00','11:00:00',43,1,0,'2022-08-03 16:23:16','2022-08-03 16:23:16',3,11,6,1),(230,5,'10:30:00','11:00:00',41,1,0,'2022-08-03 16:23:16','2022-08-03 16:23:16',3,11,6,1),(231,1,'11:00:00','12:00:00',39,1,0,'2022-08-03 16:23:16','2022-08-03 16:23:16',3,11,7,1),(232,2,'11:00:00','12:00:00',42,1,0,'2022-08-03 16:23:16','2022-08-03 16:23:16',3,11,7,1),(233,3,'11:00:00','12:00:00',44,1,0,'2022-08-03 16:23:16','2022-08-03 16:23:16',3,11,7,1),(234,4,'11:00:00','12:00:00',43,1,0,'2022-08-03 16:23:16','2022-08-03 16:23:16',3,11,7,1),(235,5,'11:00:00','12:00:00',44,1,0,'2022-08-03 16:23:16','2022-08-03 16:23:16',3,11,7,1),(236,1,'12:00:00','13:00:00',39,1,0,'2022-08-03 16:23:16','2022-08-03 16:23:16',3,11,8,1),(237,2,'12:00:00','13:00:00',42,1,0,'2022-08-03 16:23:16','2022-08-03 16:23:16',3,11,8,1),(238,3,'12:00:00','13:00:00',45,1,0,'2022-08-03 16:23:16','2022-08-03 16:23:16',3,11,8,1),(239,4,'12:00:00','13:00:00',40,1,0,'2022-08-03 16:23:16','2022-08-03 16:23:16',3,11,8,1),(240,5,'12:00:00','13:00:00',39,1,0,'2022-08-03 16:23:16','2022-08-03 16:23:16',3,11,8,1),(241,1,'07:00:00','08:00:00',47,1,0,'2022-08-03 16:25:16','2022-08-03 16:25:16',3,12,2,1),(242,2,'07:00:00','08:00:00',50,1,0,'2022-08-03 16:25:16','2022-08-03 16:25:16',3,12,2,1),(243,3,'07:00:00','08:00:00',53,1,0,'2022-08-03 16:25:16','2022-08-03 16:25:16',3,12,2,1),(244,4,'07:00:00','08:00:00',55,1,0,'2022-08-03 16:25:16','2022-08-03 16:25:16',3,12,2,1),(245,5,'07:00:00','08:00:00',49,1,0,'2022-08-03 16:25:16','2022-08-03 16:25:16',3,12,2,1),(246,1,'08:00:00','09:00:00',47,1,0,'2022-08-03 16:25:16','2022-08-03 16:25:16',3,12,3,1),(247,2,'08:00:00','09:00:00',50,1,0,'2022-08-03 16:25:16','2022-08-03 16:25:16',3,12,3,1),(248,3,'08:00:00','09:00:00',53,1,0,'2022-08-03 16:25:16','2022-08-03 16:25:16',3,12,3,1),(249,4,'08:00:00','09:00:00',56,1,0,'2022-08-03 16:25:16','2022-08-03 16:25:16',3,12,3,1),(250,5,'08:00:00','09:00:00',49,1,0,'2022-08-03 16:25:16','2022-08-03 16:25:16',3,12,3,1),(251,1,'09:00:00','10:00:00',48,1,0,'2022-08-03 16:25:16','2022-08-03 16:25:16',3,12,4,1),(252,2,'09:00:00','10:00:00',51,1,0,'2022-08-03 16:25:16','2022-08-03 16:25:16',3,12,4,1),(253,3,'09:00:00','10:00:00',53,1,0,'2022-08-03 16:25:16','2022-08-03 16:25:16',3,12,4,1),(254,4,'09:00:00','10:00:00',56,1,0,'2022-08-03 16:25:16','2022-08-03 16:25:16',3,12,4,1),(255,5,'09:00:00','10:00:00',47,1,0,'2022-08-03 16:25:16','2022-08-03 16:25:16',3,12,4,1),(256,1,'10:00:00','10:30:00',0,1,0,'2022-08-03 16:25:17','2022-08-03 16:25:17',3,12,5,1),(257,2,'10:00:00','10:30:00',0,1,0,'2022-08-03 16:25:17','2022-08-03 16:25:17',3,12,5,1),(258,3,'10:00:00','10:30:00',0,1,0,'2022-08-03 16:25:17','2022-08-03 16:25:17',3,12,5,1),(259,4,'10:00:00','10:30:00',0,1,0,'2022-08-03 16:25:17','2022-08-03 16:25:17',3,12,5,1),(260,5,'10:00:00','10:30:00',0,1,0,'2022-08-03 16:25:17','2022-08-03 16:25:17',3,12,5,1),(261,1,'10:30:00','11:00:00',48,1,0,'2022-08-03 16:25:17','2022-08-03 16:25:17',3,12,6,1),(262,2,'10:30:00','11:00:00',51,1,0,'2022-08-03 16:25:17','2022-08-03 16:25:17',3,12,6,1),(263,3,'10:30:00','11:00:00',54,1,0,'2022-08-03 16:25:17','2022-08-03 16:25:17',3,12,6,1),(264,4,'10:30:00','11:00:00',53,1,0,'2022-08-03 16:25:17','2022-08-03 16:25:17',3,12,6,1),(265,5,'10:30:00','11:00:00',51,1,0,'2022-08-03 16:25:17','2022-08-03 16:25:17',3,12,6,1),(266,1,'11:00:00','12:00:00',49,1,0,'2022-08-03 16:25:17','2022-08-03 16:25:17',3,12,7,1),(267,2,'11:00:00','12:00:00',52,1,0,'2022-08-03 16:25:17','2022-08-03 16:25:17',3,12,7,1),(268,3,'11:00:00','12:00:00',54,1,0,'2022-08-03 16:25:17','2022-08-03 16:25:17',3,12,7,1),(269,4,'11:00:00','12:00:00',53,1,0,'2022-08-03 16:25:17','2022-08-03 16:25:17',3,12,7,1),(270,5,'11:00:00','12:00:00',54,1,0,'2022-08-03 16:25:17','2022-08-03 16:25:17',3,12,7,1),(271,1,'12:00:00','13:00:00',49,1,0,'2022-08-03 16:25:17','2022-08-03 16:25:17',3,12,8,1),(272,2,'12:00:00','13:00:00',52,1,0,'2022-08-03 16:25:17','2022-08-03 16:25:17',3,12,8,1),(273,3,'12:00:00','13:00:00',55,1,0,'2022-08-03 16:25:17','2022-08-03 16:25:17',3,12,8,1),(274,4,'12:00:00','13:00:00',50,1,0,'2022-08-03 16:25:17','2022-08-03 16:25:17',3,12,8,1),(275,5,'12:00:00','13:00:00',49,1,0,'2022-08-03 16:25:17','2022-08-03 16:25:17',3,12,8,1),(276,1,'07:00:00','08:00:00',57,1,0,'2022-08-03 16:27:05','2022-08-03 16:27:05',3,13,2,1),(277,2,'07:00:00','08:00:00',60,1,0,'2022-08-03 16:27:05','2022-08-03 16:27:05',3,13,2,1),(278,3,'07:00:00','08:00:00',63,1,0,'2022-08-03 16:27:05','2022-08-03 16:27:05',3,13,2,1),(279,4,'07:00:00','08:00:00',65,1,0,'2022-08-03 16:27:05','2022-08-03 16:27:05',3,13,2,1),(280,5,'07:00:00','08:00:00',59,1,0,'2022-08-03 16:27:05','2022-08-03 16:27:05',3,13,2,1),(281,1,'08:00:00','09:00:00',57,1,0,'2022-08-03 16:27:05','2022-08-03 16:27:05',3,13,3,1),(282,2,'08:00:00','09:00:00',60,1,0,'2022-08-03 16:27:05','2022-08-03 16:27:05',3,13,3,1),(283,3,'08:00:00','09:00:00',63,1,0,'2022-08-03 16:27:05','2022-08-03 16:27:05',3,13,3,1),(284,4,'08:00:00','09:00:00',66,1,0,'2022-08-03 16:27:05','2022-08-03 16:27:05',3,13,3,1),(285,5,'08:00:00','09:00:00',59,1,0,'2022-08-03 16:27:05','2022-08-03 16:27:05',3,13,3,1),(286,1,'09:00:00','10:00:00',58,1,0,'2022-08-03 16:27:05','2022-08-03 16:27:05',3,13,4,1),(287,2,'09:00:00','10:00:00',61,1,0,'2022-08-03 16:27:05','2022-08-03 16:27:05',3,13,4,1),(288,3,'09:00:00','10:00:00',63,1,0,'2022-08-03 16:27:05','2022-08-03 16:27:05',3,13,4,1),(289,4,'09:00:00','10:00:00',66,1,0,'2022-08-03 16:27:05','2022-08-03 16:27:05',3,13,4,1),(290,5,'09:00:00','10:00:00',57,1,0,'2022-08-03 16:27:05','2022-08-03 16:27:05',3,13,4,1),(291,1,'10:00:00','10:30:00',0,1,0,'2022-08-03 16:27:05','2022-08-03 16:27:05',3,13,5,1),(292,2,'10:00:00','10:30:00',0,1,0,'2022-08-03 16:27:05','2022-08-03 16:27:05',3,13,5,1),(293,3,'10:00:00','10:30:00',0,1,0,'2022-08-03 16:27:05','2022-08-03 16:27:05',3,13,5,1),(294,4,'10:00:00','10:30:00',0,1,0,'2022-08-03 16:27:05','2022-08-03 16:27:05',3,13,5,1),(295,5,'10:00:00','10:30:00',0,1,0,'2022-08-03 16:27:05','2022-08-03 16:27:05',3,13,5,1),(296,1,'10:30:00','11:00:00',58,1,0,'2022-08-03 16:27:05','2022-08-03 16:27:05',3,13,6,1),(297,2,'10:30:00','11:00:00',61,1,0,'2022-08-03 16:27:05','2022-08-03 16:27:05',3,13,6,1),(298,3,'10:30:00','11:00:00',64,1,0,'2022-08-03 16:27:05','2022-08-03 16:27:05',3,13,6,1),(299,4,'10:30:00','11:00:00',63,1,0,'2022-08-03 16:27:05','2022-08-03 16:27:05',3,13,6,1),(300,5,'10:30:00','11:00:00',61,1,0,'2022-08-03 16:27:05','2022-08-03 16:27:05',3,13,6,1),(301,1,'11:00:00','12:00:00',59,1,0,'2022-08-03 16:27:05','2022-08-03 16:27:05',3,13,7,1),(302,2,'11:00:00','12:00:00',62,1,0,'2022-08-03 16:27:05','2022-08-03 16:27:05',3,13,7,1),(303,3,'11:00:00','12:00:00',64,1,0,'2022-08-03 16:27:05','2022-08-03 16:27:05',3,13,7,1),(304,4,'11:00:00','12:00:00',63,1,0,'2022-08-03 16:27:05','2022-08-03 16:27:05',3,13,7,1),(305,5,'11:00:00','12:00:00',64,1,0,'2022-08-03 16:27:05','2022-08-03 16:27:05',3,13,7,1),(306,1,'12:00:00','13:00:00',59,1,0,'2022-08-03 16:27:05','2022-08-03 16:27:05',3,13,8,1),(307,2,'12:00:00','13:00:00',62,1,0,'2022-08-03 16:27:05','2022-08-03 16:27:05',3,13,8,1),(308,3,'12:00:00','13:00:00',65,1,0,'2022-08-03 16:27:05','2022-08-03 16:27:05',3,13,8,1),(309,4,'12:00:00','13:00:00',60,1,0,'2022-08-03 16:27:05','2022-08-03 16:27:05',3,13,8,1),(310,5,'12:00:00','13:00:00',59,1,0,'2022-08-03 16:27:05','2022-08-03 16:27:05',3,13,8,1),(311,1,'07:00:00','08:00:00',67,1,0,'2022-08-03 16:29:12','2022-08-03 16:29:12',3,14,2,1),(312,2,'07:00:00','08:00:00',70,1,0,'2022-08-03 16:29:12','2022-08-03 16:29:12',3,14,2,1),(313,3,'07:00:00','08:00:00',73,1,0,'2022-08-03 16:29:12','2022-08-03 16:29:12',3,14,2,1),(314,4,'07:00:00','08:00:00',75,1,0,'2022-08-03 16:29:12','2022-08-03 16:29:12',3,14,2,1),(315,5,'07:00:00','08:00:00',69,1,0,'2022-08-03 16:29:12','2022-08-03 16:29:12',3,14,2,1),(316,1,'08:00:00','09:00:00',67,1,0,'2022-08-03 16:29:12','2022-08-03 16:29:12',3,14,3,1),(317,2,'08:00:00','09:00:00',70,1,0,'2022-08-03 16:29:12','2022-08-03 16:29:12',3,14,3,1),(318,3,'08:00:00','09:00:00',73,1,0,'2022-08-03 16:29:12','2022-08-03 16:29:12',3,14,3,1),(319,4,'08:00:00','09:00:00',76,1,0,'2022-08-03 16:29:12','2022-08-03 16:29:12',3,14,3,1),(320,5,'08:00:00','09:00:00',69,1,0,'2022-08-03 16:29:12','2022-08-03 16:29:12',3,14,3,1),(321,1,'09:00:00','10:00:00',68,1,0,'2022-08-03 16:29:12','2022-08-03 16:29:12',3,14,4,1),(322,2,'09:00:00','10:00:00',71,1,0,'2022-08-03 16:29:12','2022-08-03 16:29:12',3,14,4,1),(323,3,'09:00:00','10:00:00',73,1,0,'2022-08-03 16:29:12','2022-08-03 16:29:12',3,14,4,1),(324,4,'09:00:00','10:00:00',76,1,0,'2022-08-03 16:29:12','2022-08-03 16:29:12',3,14,4,1),(325,5,'09:00:00','10:00:00',67,1,0,'2022-08-03 16:29:12','2022-08-03 16:29:12',3,14,4,1),(326,1,'10:00:00','10:30:00',0,1,0,'2022-08-03 16:29:12','2022-08-03 16:29:12',3,14,5,1),(327,2,'10:00:00','10:30:00',0,1,0,'2022-08-03 16:29:12','2022-08-03 16:29:12',3,14,5,1),(328,3,'10:00:00','10:30:00',0,1,0,'2022-08-03 16:29:12','2022-08-03 16:29:12',3,14,5,1),(329,4,'10:00:00','10:30:00',0,1,0,'2022-08-03 16:29:12','2022-08-03 16:29:12',3,14,5,1),(330,5,'10:00:00','10:30:00',0,1,0,'2022-08-03 16:29:12','2022-08-03 16:29:12',3,14,5,1),(331,1,'10:30:00','11:00:00',68,1,0,'2022-08-03 16:29:12','2022-08-03 16:29:12',3,14,6,1),(332,2,'10:30:00','11:00:00',71,1,0,'2022-08-03 16:29:12','2022-08-03 16:29:12',3,14,6,1),(333,3,'10:30:00','11:00:00',74,1,0,'2022-08-03 16:29:12','2022-08-03 16:29:12',3,14,6,1),(334,4,'10:30:00','11:00:00',73,1,0,'2022-08-03 16:29:12','2022-08-03 16:29:12',3,14,6,1),(335,5,'10:30:00','11:00:00',71,1,0,'2022-08-03 16:29:12','2022-08-03 16:29:12',3,14,6,1),(336,1,'11:00:00','12:00:00',69,1,0,'2022-08-03 16:29:12','2022-08-03 16:29:12',3,14,7,1),(337,2,'11:00:00','12:00:00',72,1,0,'2022-08-03 16:29:12','2022-08-03 16:29:12',3,14,7,1),(338,3,'11:00:00','12:00:00',74,1,0,'2022-08-03 16:29:12','2022-08-03 16:29:12',3,14,7,1),(339,4,'11:00:00','12:00:00',73,1,0,'2022-08-03 16:29:12','2022-08-03 16:29:12',3,14,7,1),(340,5,'11:00:00','12:00:00',74,1,0,'2022-08-03 16:29:12','2022-08-03 16:29:12',3,14,7,1),(341,1,'12:00:00','13:00:00',69,1,0,'2022-08-03 16:29:12','2022-08-03 16:29:12',3,14,8,1),(342,2,'12:00:00','13:00:00',72,1,0,'2022-08-03 16:29:12','2022-08-03 16:29:12',3,14,8,1),(343,3,'12:00:00','13:00:00',75,1,0,'2022-08-03 16:29:12','2022-08-03 16:29:12',3,14,8,1),(344,4,'12:00:00','13:00:00',70,1,0,'2022-08-03 16:29:12','2022-08-03 16:29:12',3,14,8,1),(345,5,'12:00:00','13:00:00',69,1,0,'2022-08-03 16:29:12','2022-08-03 16:29:12',3,14,8,1),(346,1,'07:00:00','08:00:00',77,1,0,'2022-08-03 16:31:16','2022-08-03 16:31:16',3,15,2,1),(347,2,'07:00:00','08:00:00',80,1,0,'2022-08-03 16:31:16','2022-08-03 16:31:16',3,15,2,1),(348,3,'07:00:00','08:00:00',83,1,0,'2022-08-03 16:31:16','2022-08-03 16:31:16',3,15,2,1),(349,4,'07:00:00','08:00:00',85,1,0,'2022-08-03 16:31:16','2022-08-03 16:31:16',3,15,2,1),(350,5,'07:00:00','08:00:00',79,1,0,'2022-08-03 16:31:16','2022-08-03 16:31:16',3,15,2,1),(351,1,'08:00:00','09:00:00',77,1,0,'2022-08-03 16:31:16','2022-08-03 16:31:16',3,15,3,1),(352,2,'08:00:00','09:00:00',80,1,0,'2022-08-03 16:31:16','2022-08-03 16:31:16',3,15,3,1),(353,3,'08:00:00','09:00:00',83,1,0,'2022-08-03 16:31:16','2022-08-03 16:31:16',3,15,3,1),(354,4,'08:00:00','09:00:00',86,1,0,'2022-08-03 16:31:16','2022-08-03 16:31:16',3,15,3,1),(355,5,'08:00:00','09:00:00',79,1,0,'2022-08-03 16:31:16','2022-08-03 16:31:16',3,15,3,1),(356,1,'09:00:00','10:00:00',78,1,0,'2022-08-03 16:31:16','2022-08-03 16:31:16',3,15,4,1),(357,2,'09:00:00','10:00:00',81,1,0,'2022-08-03 16:31:16','2022-08-03 16:31:16',3,15,4,1),(358,3,'09:00:00','10:00:00',83,1,0,'2022-08-03 16:31:16','2022-08-03 16:31:16',3,15,4,1),(359,4,'09:00:00','10:00:00',86,1,0,'2022-08-03 16:31:16','2022-08-03 16:31:16',3,15,4,1),(360,5,'09:00:00','10:00:00',77,1,0,'2022-08-03 16:31:16','2022-08-03 16:31:16',3,15,4,1),(361,1,'10:00:00','10:30:00',0,1,0,'2022-08-03 16:31:16','2022-08-03 16:31:16',3,15,5,1),(362,2,'10:00:00','10:30:00',0,1,0,'2022-08-03 16:31:16','2022-08-03 16:31:16',3,15,5,1),(363,3,'10:00:00','10:30:00',0,1,0,'2022-08-03 16:31:16','2022-08-03 16:31:16',3,15,5,1),(364,4,'10:00:00','10:30:00',0,1,0,'2022-08-03 16:31:16','2022-08-03 16:31:16',3,15,5,1),(365,5,'10:00:00','10:30:00',0,1,0,'2022-08-03 16:31:16','2022-08-03 16:31:16',3,15,5,1),(366,1,'10:30:00','11:00:00',78,1,0,'2022-08-03 16:31:16','2022-08-03 16:31:16',3,15,6,1),(367,2,'10:30:00','11:00:00',81,1,0,'2022-08-03 16:31:16','2022-08-03 16:31:16',3,15,6,1),(368,3,'10:30:00','11:00:00',84,1,0,'2022-08-03 16:31:16','2022-08-03 16:31:16',3,15,6,1),(369,4,'10:30:00','11:00:00',83,1,0,'2022-08-03 16:31:16','2022-08-03 16:31:16',3,15,6,1),(370,5,'10:30:00','11:00:00',81,1,0,'2022-08-03 16:31:16','2022-08-03 16:31:16',3,15,6,1),(371,1,'11:00:00','12:00:00',79,1,0,'2022-08-03 16:31:16','2022-08-03 16:31:16',3,15,7,1),(372,2,'11:00:00','12:00:00',82,1,0,'2022-08-03 16:31:16','2022-08-03 16:31:16',3,15,7,1),(373,3,'11:00:00','12:00:00',84,1,0,'2022-08-03 16:31:16','2022-08-03 16:31:16',3,15,7,1),(374,4,'11:00:00','12:00:00',83,1,0,'2022-08-03 16:31:16','2022-08-03 16:31:16',3,15,7,1),(375,5,'11:00:00','12:00:00',84,1,0,'2022-08-03 16:31:16','2022-08-03 16:31:16',3,15,7,1),(376,1,'12:00:00','13:00:00',79,1,0,'2022-08-03 16:31:16','2022-08-03 16:31:16',3,15,8,1),(377,2,'12:00:00','13:00:00',82,1,0,'2022-08-03 16:31:16','2022-08-03 16:31:16',3,15,8,1),(378,3,'12:00:00','13:00:00',85,1,0,'2022-08-03 16:31:16','2022-08-03 16:31:16',3,15,8,1),(379,4,'12:00:00','13:00:00',80,1,0,'2022-08-03 16:31:16','2022-08-03 16:31:16',3,15,8,1),(380,5,'12:00:00','13:00:00',79,1,0,'2022-08-03 16:31:16','2022-08-03 16:31:16',3,15,8,1),(381,1,'07:00:00','08:00:00',87,1,0,'2022-08-03 16:34:05','2022-08-03 16:34:05',3,16,2,1),(382,2,'07:00:00','08:00:00',90,1,0,'2022-08-03 16:34:05','2022-08-03 16:34:05',3,16,2,1),(383,3,'07:00:00','08:00:00',92,1,0,'2022-08-03 16:34:05','2022-08-03 16:34:05',3,16,2,1),(384,4,'07:00:00','08:00:00',96,1,0,'2022-08-03 16:34:05','2022-08-03 16:34:05',3,16,2,1),(385,5,'07:00:00','08:00:00',95,1,0,'2022-08-03 16:34:05','2022-08-03 16:34:05',3,16,2,1),(386,1,'08:00:00','09:00:00',87,1,0,'2022-08-03 16:34:05','2022-08-03 16:34:05',3,16,3,1),(387,2,'08:00:00','09:00:00',90,1,0,'2022-08-03 16:34:05','2022-08-03 16:34:05',3,16,3,1),(388,3,'08:00:00','09:00:00',94,1,0,'2022-08-03 16:34:05','2022-08-03 16:34:05',3,16,3,1),(389,4,'08:00:00','09:00:00',96,1,0,'2022-08-03 16:34:05','2022-08-03 16:34:05',3,16,3,1),(390,5,'08:00:00','09:00:00',95,1,0,'2022-08-03 16:34:05','2022-08-03 16:34:05',3,16,3,1),(391,1,'09:00:00','10:00:00',88,1,0,'2022-08-03 16:34:05','2022-08-03 16:34:05',3,16,4,1),(392,2,'09:00:00','10:00:00',91,1,0,'2022-08-03 16:34:05','2022-08-03 16:34:05',3,16,4,1),(393,3,'09:00:00','10:00:00',94,1,0,'2022-08-03 16:34:05','2022-08-03 16:34:05',3,16,4,1),(394,4,'09:00:00','10:00:00',97,1,0,'2022-08-03 16:34:05','2022-08-03 16:34:05',3,16,4,1),(395,5,'09:00:00','10:00:00',91,1,0,'2022-08-03 16:34:05','2022-08-03 16:34:05',3,16,4,1),(396,1,'10:00:00','10:30:00',0,1,0,'2022-08-03 16:34:05','2022-08-03 16:34:05',3,16,5,1),(397,2,'10:00:00','10:30:00',0,1,0,'2022-08-03 16:34:05','2022-08-03 16:34:05',3,16,5,1),(398,3,'10:00:00','10:30:00',0,1,0,'2022-08-03 16:34:05','2022-08-03 16:34:05',3,16,5,1),(399,4,'10:00:00','10:30:00',0,1,0,'2022-08-03 16:34:05','2022-08-03 16:34:05',3,16,5,1),(400,5,'10:00:00','10:30:00',0,1,0,'2022-08-03 16:34:05','2022-08-03 16:34:05',3,16,5,1),(401,1,'10:30:00','11:00:00',88,1,0,'2022-08-03 16:34:05','2022-08-03 16:34:05',3,16,6,1),(402,2,'10:30:00','11:00:00',91,1,0,'2022-08-03 16:34:05','2022-08-03 16:34:05',3,16,6,1),(403,3,'10:30:00','11:00:00',95,1,0,'2022-08-03 16:34:05','2022-08-03 16:34:05',3,16,6,1),(404,4,'10:30:00','11:00:00',97,1,0,'2022-08-03 16:34:05','2022-08-03 16:34:05',3,16,6,1),(405,5,'10:30:00','11:00:00',91,1,0,'2022-08-03 16:34:05','2022-08-03 16:34:05',3,16,6,1),(406,1,'11:00:00','12:00:00',89,1,0,'2022-08-03 16:34:05','2022-08-03 16:34:05',3,16,7,1),(407,2,'11:00:00','12:00:00',91,1,0,'2022-08-03 16:34:05','2022-08-03 16:34:05',3,16,7,1),(408,3,'11:00:00','12:00:00',95,1,0,'2022-08-03 16:34:05','2022-08-03 16:34:05',3,16,7,1),(409,4,'11:00:00','12:00:00',98,1,0,'2022-08-03 16:34:05','2022-08-03 16:34:05',3,16,7,1),(410,5,'11:00:00','12:00:00',96,1,0,'2022-08-03 16:34:05','2022-08-03 16:34:05',3,16,7,1),(411,1,'12:00:00','13:00:00',89,1,0,'2022-08-03 16:34:05','2022-08-03 16:34:05',3,16,8,1),(412,2,'12:00:00','13:00:00',92,1,0,'2022-08-03 16:34:05','2022-08-03 16:34:05',3,16,8,1),(413,3,'12:00:00','13:00:00',95,1,0,'2022-08-03 16:34:05','2022-08-03 16:34:05',3,16,8,1),(414,4,'12:00:00','13:00:00',98,1,0,'2022-08-03 16:34:05','2022-08-03 16:34:05',3,16,8,1),(415,5,'12:00:00','13:00:00',87,1,0,'2022-08-03 16:34:05','2022-08-03 16:34:05',3,16,8,1),(416,1,'07:00:00','08:00:00',99,1,0,'2022-08-03 16:35:57','2022-08-03 16:35:57',3,17,2,1),(417,2,'07:00:00','08:00:00',102,1,0,'2022-08-03 16:35:57','2022-08-03 16:35:57',3,17,2,1),(418,3,'07:00:00','08:00:00',104,1,0,'2022-08-03 16:35:57','2022-08-03 16:35:57',3,17,2,1),(419,4,'07:00:00','08:00:00',108,1,0,'2022-08-03 16:35:57','2022-08-03 16:35:57',3,17,2,1),(420,5,'07:00:00','08:00:00',107,1,0,'2022-08-03 16:35:57','2022-08-03 16:35:57',3,17,2,1),(421,1,'08:00:00','09:00:00',99,1,0,'2022-08-03 16:35:57','2022-08-03 16:35:57',3,17,3,1),(422,2,'08:00:00','09:00:00',102,1,0,'2022-08-03 16:35:57','2022-08-03 16:35:57',3,17,3,1),(423,3,'08:00:00','09:00:00',106,1,0,'2022-08-03 16:35:57','2022-08-03 16:35:57',3,17,3,1),(424,4,'08:00:00','09:00:00',108,1,0,'2022-08-03 16:35:57','2022-08-03 16:35:57',3,17,3,1),(425,5,'08:00:00','09:00:00',107,1,0,'2022-08-03 16:35:57','2022-08-03 16:35:57',3,17,3,1),(426,1,'09:00:00','10:00:00',100,1,0,'2022-08-03 16:35:57','2022-08-03 16:35:57',3,17,4,1),(427,2,'09:00:00','10:00:00',103,1,0,'2022-08-03 16:35:57','2022-08-03 16:35:57',3,17,4,1),(428,3,'09:00:00','10:00:00',106,1,0,'2022-08-03 16:35:57','2022-08-03 16:35:57',3,17,4,1),(429,4,'09:00:00','10:00:00',109,1,0,'2022-08-03 16:35:57','2022-08-03 16:35:57',3,17,4,1),(430,5,'09:00:00','10:00:00',103,1,0,'2022-08-03 16:35:57','2022-08-03 16:35:57',3,17,4,1),(431,1,'10:00:00','10:30:00',0,1,0,'2022-08-03 16:35:57','2022-08-03 16:35:57',3,17,5,1),(432,2,'10:00:00','10:30:00',0,1,0,'2022-08-03 16:35:57','2022-08-03 16:35:57',3,17,5,1),(433,3,'10:00:00','10:30:00',0,1,0,'2022-08-03 16:35:57','2022-08-03 16:35:57',3,17,5,1),(434,4,'10:00:00','10:30:00',0,1,0,'2022-08-03 16:35:57','2022-08-03 16:35:57',3,17,5,1),(435,5,'10:00:00','10:30:00',0,1,0,'2022-08-03 16:35:57','2022-08-03 16:35:57',3,17,5,1),(436,1,'10:30:00','11:00:00',100,1,0,'2022-08-03 16:35:57','2022-08-03 16:35:57',3,17,6,1),(437,2,'10:30:00','11:00:00',103,1,0,'2022-08-03 16:35:57','2022-08-03 16:35:57',3,17,6,1),(438,3,'10:30:00','11:00:00',107,1,0,'2022-08-03 16:35:57','2022-08-03 16:35:57',3,17,6,1),(439,4,'10:30:00','11:00:00',109,1,0,'2022-08-03 16:35:57','2022-08-03 16:35:57',3,17,6,1),(440,5,'10:30:00','11:00:00',103,1,0,'2022-08-03 16:35:57','2022-08-03 16:35:57',3,17,6,1),(441,1,'11:00:00','12:00:00',101,1,0,'2022-08-03 16:35:57','2022-08-03 16:35:57',3,17,7,1),(442,2,'11:00:00','12:00:00',103,1,0,'2022-08-03 16:35:57','2022-08-03 16:35:57',3,17,7,1),(443,3,'11:00:00','12:00:00',107,1,0,'2022-08-03 16:35:57','2022-08-03 16:35:57',3,17,7,1),(444,4,'11:00:00','12:00:00',110,1,0,'2022-08-03 16:35:57','2022-08-03 16:35:57',3,17,7,1),(445,5,'11:00:00','12:00:00',108,1,0,'2022-08-03 16:35:57','2022-08-03 16:35:57',3,17,7,1),(446,1,'12:00:00','13:00:00',101,1,0,'2022-08-03 16:35:57','2022-08-03 16:35:57',3,17,8,1),(447,2,'12:00:00','13:00:00',104,1,0,'2022-08-03 16:35:57','2022-08-03 16:35:57',3,17,8,1),(448,3,'12:00:00','13:00:00',107,1,0,'2022-08-03 16:35:57','2022-08-03 16:35:57',3,17,8,1),(449,4,'12:00:00','13:00:00',110,1,0,'2022-08-03 16:35:57','2022-08-03 16:35:57',3,17,8,1),(450,5,'12:00:00','13:00:00',99,1,0,'2022-08-03 16:35:57','2022-08-03 16:35:57',3,17,8,1),(451,1,'07:00:00','08:00:00',111,1,0,'2022-08-03 16:37:55','2022-08-03 16:37:55',3,18,2,1),(452,2,'07:00:00','08:00:00',114,1,0,'2022-08-03 16:37:55','2022-08-03 16:37:55',3,18,2,1),(453,3,'07:00:00','08:00:00',116,1,0,'2022-08-03 16:37:55','2022-08-03 16:37:55',3,18,2,1),(454,4,'07:00:00','08:00:00',120,1,0,'2022-08-03 16:37:55','2022-08-03 16:37:55',3,18,2,1),(455,5,'07:00:00','08:00:00',119,1,0,'2022-08-03 16:37:55','2022-08-03 16:37:55',3,18,2,1),(456,1,'08:00:00','09:00:00',111,1,0,'2022-08-03 16:37:55','2022-08-03 16:37:55',3,18,3,1),(457,2,'08:00:00','09:00:00',114,1,0,'2022-08-03 16:37:55','2022-08-03 16:37:55',3,18,3,1),(458,3,'08:00:00','09:00:00',118,1,0,'2022-08-03 16:37:55','2022-08-03 16:37:55',3,18,3,1),(459,4,'08:00:00','09:00:00',120,1,0,'2022-08-03 16:37:55','2022-08-03 16:37:55',3,18,3,1),(460,5,'08:00:00','09:00:00',119,1,0,'2022-08-03 16:37:55','2022-08-03 16:37:55',3,18,3,1),(461,1,'09:00:00','10:00:00',112,1,0,'2022-08-03 16:37:55','2022-08-03 16:37:55',3,18,4,1),(462,2,'09:00:00','10:00:00',115,1,0,'2022-08-03 16:37:55','2022-08-03 16:37:55',3,18,4,1),(463,3,'09:00:00','10:00:00',118,1,0,'2022-08-03 16:37:55','2022-08-03 16:37:55',3,18,4,1),(464,4,'09:00:00','10:00:00',121,1,0,'2022-08-03 16:37:55','2022-08-03 16:37:55',3,18,4,1),(465,5,'09:00:00','10:00:00',115,1,0,'2022-08-03 16:37:55','2022-08-03 16:37:55',3,18,4,1),(466,1,'10:00:00','10:30:00',0,1,0,'2022-08-03 16:37:55','2022-08-03 16:37:55',3,18,5,1),(467,2,'10:00:00','10:30:00',0,1,0,'2022-08-03 16:37:55','2022-08-03 16:37:55',3,18,5,1),(468,3,'10:00:00','10:30:00',0,1,0,'2022-08-03 16:37:55','2022-08-03 16:37:55',3,18,5,1),(469,4,'10:00:00','10:30:00',0,1,0,'2022-08-03 16:37:55','2022-08-03 16:37:55',3,18,5,1),(470,5,'10:00:00','10:30:00',0,1,0,'2022-08-03 16:37:55','2022-08-03 16:37:55',3,18,5,1),(471,1,'10:30:00','11:00:00',112,1,0,'2022-08-03 16:37:55','2022-08-03 16:37:55',3,18,6,1),(472,2,'10:30:00','11:00:00',115,1,0,'2022-08-03 16:37:55','2022-08-03 16:37:55',3,18,6,1),(473,3,'10:30:00','11:00:00',119,1,0,'2022-08-03 16:37:55','2022-08-03 16:37:55',3,18,6,1),(474,4,'10:30:00','11:00:00',121,1,0,'2022-08-03 16:37:55','2022-08-03 16:37:55',3,18,6,1),(475,5,'10:30:00','11:00:00',115,1,0,'2022-08-03 16:37:55','2022-08-03 16:37:55',3,18,6,1),(476,1,'11:00:00','12:00:00',113,1,0,'2022-08-03 16:37:55','2022-08-03 16:37:55',3,18,7,1),(477,2,'11:00:00','12:00:00',115,1,0,'2022-08-03 16:37:55','2022-08-03 16:37:55',3,18,7,1),(478,3,'11:00:00','12:00:00',119,1,0,'2022-08-03 16:37:55','2022-08-03 16:37:55',3,18,7,1),(479,4,'11:00:00','12:00:00',122,1,0,'2022-08-03 16:37:55','2022-08-03 16:37:55',3,18,7,1),(480,5,'11:00:00','12:00:00',120,1,0,'2022-08-03 16:37:55','2022-08-03 16:37:55',3,18,7,1),(481,1,'12:00:00','13:00:00',113,1,0,'2022-08-03 16:37:55','2022-08-03 16:37:55',3,18,8,1),(482,2,'12:00:00','13:00:00',116,1,0,'2022-08-03 16:37:55','2022-08-03 16:37:55',3,18,8,1),(483,3,'12:00:00','13:00:00',119,1,0,'2022-08-03 16:37:55','2022-08-03 16:37:55',3,18,8,1),(484,4,'12:00:00','13:00:00',122,1,0,'2022-08-03 16:37:55','2022-08-03 16:37:55',3,18,8,1),(485,5,'12:00:00','13:00:00',111,1,0,'2022-08-03 16:37:55','2022-08-03 16:37:55',3,18,8,1),(486,1,'07:00:00','08:00:00',123,1,0,'2022-08-03 16:44:59','2022-08-03 16:44:59',3,19,2,1),(487,2,'07:00:00','08:00:00',126,1,0,'2022-08-03 16:44:59','2022-08-03 16:44:59',3,19,2,1),(488,3,'07:00:00','08:00:00',128,1,0,'2022-08-03 16:44:59','2022-08-03 16:44:59',3,19,2,1),(489,4,'07:00:00','08:00:00',132,1,0,'2022-08-03 16:44:59','2022-08-03 16:44:59',3,19,2,1),(490,5,'07:00:00','08:00:00',131,1,0,'2022-08-03 16:44:59','2022-08-03 16:44:59',3,19,2,1),(491,1,'08:00:00','09:00:00',123,1,0,'2022-08-03 16:44:59','2022-08-03 16:44:59',3,19,3,1),(492,2,'08:00:00','09:00:00',126,1,0,'2022-08-03 16:44:59','2022-08-03 16:44:59',3,19,3,1),(493,3,'08:00:00','09:00:00',130,1,0,'2022-08-03 16:44:59','2022-08-03 16:44:59',3,19,3,1),(494,4,'08:00:00','09:00:00',132,1,0,'2022-08-03 16:44:59','2022-08-03 16:44:59',3,19,3,1),(495,5,'08:00:00','09:00:00',131,1,0,'2022-08-03 16:44:59','2022-08-03 16:44:59',3,19,3,1),(496,1,'09:00:00','10:00:00',124,1,0,'2022-08-03 16:44:59','2022-08-03 16:44:59',3,19,4,1),(497,2,'09:00:00','10:00:00',127,1,0,'2022-08-03 16:44:59','2022-08-03 16:44:59',3,19,4,1),(498,3,'09:00:00','10:00:00',130,1,0,'2022-08-03 16:44:59','2022-08-03 16:44:59',3,19,4,1),(499,4,'09:00:00','10:00:00',133,1,0,'2022-08-03 16:44:59','2022-08-03 16:44:59',3,19,4,1),(500,5,'09:00:00','10:00:00',127,1,0,'2022-08-03 16:44:59','2022-08-03 16:44:59',3,19,4,1),(501,1,'10:00:00','10:30:00',0,1,0,'2022-08-03 16:44:59','2022-08-03 16:44:59',3,19,5,1),(502,2,'10:00:00','10:30:00',0,1,0,'2022-08-03 16:44:59','2022-08-03 16:44:59',3,19,5,1),(503,3,'10:00:00','10:30:00',0,1,0,'2022-08-03 16:44:59','2022-08-03 16:44:59',3,19,5,1),(504,4,'10:00:00','10:30:00',0,1,0,'2022-08-03 16:44:59','2022-08-03 16:44:59',3,19,5,1),(505,5,'10:00:00','10:30:00',0,1,0,'2022-08-03 16:44:59','2022-08-03 16:44:59',3,19,5,1),(506,1,'10:30:00','11:00:00',124,1,0,'2022-08-03 16:44:59','2022-08-03 16:44:59',3,19,6,1),(507,2,'10:30:00','11:00:00',127,1,0,'2022-08-03 16:44:59','2022-08-03 16:44:59',3,19,6,1),(508,3,'10:30:00','11:00:00',131,1,0,'2022-08-03 16:44:59','2022-08-03 16:44:59',3,19,6,1),(509,4,'10:30:00','11:00:00',133,1,0,'2022-08-03 16:44:59','2022-08-03 16:44:59',3,19,6,1),(510,5,'10:30:00','11:00:00',127,1,0,'2022-08-03 16:44:59','2022-08-03 16:44:59',3,19,6,1),(511,1,'11:00:00','12:00:00',125,1,0,'2022-08-03 16:44:59','2022-08-03 16:44:59',3,19,7,1),(512,2,'11:00:00','12:00:00',127,1,0,'2022-08-03 16:44:59','2022-08-03 16:44:59',3,19,7,1),(513,3,'11:00:00','12:00:00',131,1,0,'2022-08-03 16:44:59','2022-08-03 16:44:59',3,19,7,1),(514,4,'11:00:00','12:00:00',134,1,0,'2022-08-03 16:44:59','2022-08-03 16:44:59',3,19,7,1),(515,5,'11:00:00','12:00:00',132,1,0,'2022-08-03 16:44:59','2022-08-03 16:44:59',3,19,7,1),(516,1,'12:00:00','13:00:00',125,1,0,'2022-08-03 16:44:59','2022-08-03 16:44:59',3,19,8,1),(517,2,'12:00:00','13:00:00',128,1,0,'2022-08-03 16:44:59','2022-08-03 16:44:59',3,19,8,1),(518,3,'12:00:00','13:00:00',131,1,0,'2022-08-03 16:44:59','2022-08-03 16:44:59',3,19,8,1),(519,4,'12:00:00','13:00:00',134,1,0,'2022-08-03 16:44:59','2022-08-03 16:44:59',3,19,8,1),(520,5,'12:00:00','13:00:00',123,1,0,'2022-08-03 16:44:59','2022-08-03 16:44:59',3,19,8,1),(521,1,'07:00:00','08:00:00',135,1,0,'2022-08-03 16:46:35','2022-08-03 16:46:35',3,20,2,1),(522,2,'07:00:00','08:00:00',138,1,0,'2022-08-03 16:46:35','2022-08-03 16:46:35',3,20,2,1),(523,3,'07:00:00','08:00:00',140,1,0,'2022-08-03 16:46:35','2022-08-03 16:46:35',3,20,2,1),(524,4,'07:00:00','08:00:00',144,1,0,'2022-08-03 16:46:35','2022-08-03 16:46:35',3,20,2,1),(525,5,'07:00:00','08:00:00',143,1,0,'2022-08-03 16:46:35','2022-08-03 16:46:35',3,20,2,1),(526,1,'08:00:00','09:00:00',135,1,0,'2022-08-03 16:46:35','2022-08-03 16:46:35',3,20,3,1),(527,2,'08:00:00','09:00:00',138,1,0,'2022-08-03 16:46:35','2022-08-03 16:46:35',3,20,3,1),(528,3,'08:00:00','09:00:00',142,1,0,'2022-08-03 16:46:35','2022-08-03 16:46:35',3,20,3,1),(529,4,'08:00:00','09:00:00',144,1,0,'2022-08-03 16:46:35','2022-08-03 16:46:35',3,20,3,1),(530,5,'08:00:00','09:00:00',143,1,0,'2022-08-03 16:46:35','2022-08-03 16:46:35',3,20,3,1),(531,1,'09:00:00','10:00:00',136,1,0,'2022-08-03 16:46:35','2022-08-03 16:46:35',3,20,4,1),(532,2,'09:00:00','10:00:00',139,1,0,'2022-08-03 16:46:35','2022-08-03 16:46:35',3,20,4,1),(533,3,'09:00:00','10:00:00',142,1,0,'2022-08-03 16:46:35','2022-08-03 16:46:35',3,20,4,1),(534,4,'09:00:00','10:00:00',145,1,0,'2022-08-03 16:46:35','2022-08-03 16:46:35',3,20,4,1),(535,5,'09:00:00','10:00:00',139,1,0,'2022-08-03 16:46:35','2022-08-03 16:46:35',3,20,4,1),(536,1,'10:00:00','10:30:00',0,1,0,'2022-08-03 16:46:35','2022-08-03 16:46:35',3,20,5,1),(537,2,'10:00:00','10:30:00',0,1,0,'2022-08-03 16:46:35','2022-08-03 16:46:35',3,20,5,1),(538,3,'10:00:00','10:30:00',0,1,0,'2022-08-03 16:46:35','2022-08-03 16:46:35',3,20,5,1),(539,4,'10:00:00','10:30:00',0,1,0,'2022-08-03 16:46:35','2022-08-03 16:46:35',3,20,5,1),(540,5,'10:00:00','10:30:00',0,1,0,'2022-08-03 16:46:35','2022-08-03 16:46:35',3,20,5,1),(541,1,'10:30:00','11:00:00',136,1,0,'2022-08-03 16:46:35','2022-08-03 16:46:35',3,20,6,1),(542,2,'10:30:00','11:00:00',139,1,0,'2022-08-03 16:46:35','2022-08-03 16:46:35',3,20,6,1),(543,3,'10:30:00','11:00:00',143,1,0,'2022-08-03 16:46:35','2022-08-03 16:46:35',3,20,6,1),(544,4,'10:30:00','11:00:00',145,1,0,'2022-08-03 16:46:35','2022-08-03 16:46:35',3,20,6,1),(545,5,'10:30:00','11:00:00',139,1,0,'2022-08-03 16:46:35','2022-08-03 16:46:35',3,20,6,1),(546,1,'11:00:00','12:00:00',137,1,0,'2022-08-03 16:46:35','2022-08-03 16:46:35',3,20,7,1),(547,2,'11:00:00','12:00:00',139,1,0,'2022-08-03 16:46:35','2022-08-03 16:46:35',3,20,7,1),(548,3,'11:00:00','12:00:00',143,1,0,'2022-08-03 16:46:35','2022-08-03 16:46:35',3,20,7,1),(549,4,'11:00:00','12:00:00',146,1,0,'2022-08-03 16:46:35','2022-08-03 16:46:35',3,20,7,1),(550,5,'11:00:00','12:00:00',144,1,0,'2022-08-03 16:46:35','2022-08-03 16:46:35',3,20,7,1),(551,1,'12:00:00','13:00:00',137,1,0,'2022-08-03 16:46:35','2022-08-03 16:46:35',3,20,8,1),(552,2,'12:00:00','13:00:00',140,1,0,'2022-08-03 16:46:35','2022-08-03 16:46:35',3,20,8,1),(553,3,'12:00:00','13:00:00',143,1,0,'2022-08-03 16:46:35','2022-08-03 16:46:35',3,20,8,1),(554,4,'12:00:00','13:00:00',146,1,0,'2022-08-03 16:46:35','2022-08-03 16:46:35',3,20,8,1),(555,5,'12:00:00','13:00:00',135,1,0,'2022-08-03 16:46:35','2022-08-03 16:46:35',3,20,8,1);
/*!40000 ALTER TABLE `horarios` ENABLE KEYS */;
UNLOCK TABLES;

--
-- Table structure for table `horas`
--

DROP TABLE IF EXISTS `horas`;
/*!40101 SET @saved_cs_client     = @@character_set_client */;
/*!50503 SET character_set_client = utf8mb4 */;
CREATE TABLE `horas` (
  `id` int NOT NULL AUTO_INCREMENT,
  `horaini` time DEFAULT NULL,
  `horafin` time DEFAULT NULL,
  `tipo` tinyint DEFAULT NULL COMMENT '0->recreo\n1->clase',
  `turno_id` int NOT NULL,
  `activo` tinyint DEFAULT NULL,
  `borrado` tinyint DEFAULT NULL,
  `created_at` timestamp NULL DEFAULT NULL,
  `updated_at` timestamp NULL DEFAULT NULL,
  PRIMARY KEY (`id`),
  KEY `fk_horas_turnos1_idx` (`turno_id`),
  CONSTRAINT `fk_horas_turnos1` FOREIGN KEY (`turno_id`) REFERENCES `turnos` (`id`)
) ENGINE=InnoDB AUTO_INCREMENT=13 DEFAULT CHARSET=utf8mb4 COLLATE=utf8mb4_0900_ai_ci;
/*!40101 SET character_set_client = @saved_cs_client */;

--
-- Dumping data for table `horas`
--

LOCK TABLES `horas` WRITE;
/*!40000 ALTER TABLE `horas` DISABLE KEYS */;
INSERT INTO `horas` VALUES (2,'07:00:00','08:00:00',1,1,1,0,'2022-08-01 20:34:54','2022-08-01 20:34:54'),(3,'08:00:00','09:00:00',1,1,1,0,'2022-08-01 20:35:07','2022-08-01 20:35:07'),(4,'09:00:00','10:00:00',1,1,1,0,'2022-08-01 20:35:26','2022-08-01 20:35:26'),(5,'10:00:00','10:30:00',0,1,1,0,'2022-08-01 20:47:58','2022-08-01 20:47:58'),(6,'10:30:00','11:00:00',1,1,1,0,'2022-08-01 20:48:12','2022-08-01 20:48:12'),(7,'11:00:00','12:00:00',1,1,1,0,'2022-08-01 20:48:25','2022-08-01 20:48:25'),(8,'12:00:00','13:00:00',1,1,1,0,'2022-08-01 20:48:40','2022-08-01 20:48:40'),(9,'13:00:00','14:00:00',1,2,1,0,'2022-08-03 14:49:42','2022-12-12 03:08:22'),(10,'15:00:00','16:00:00',0,2,1,0,'2022-08-03 14:49:58','2022-12-12 03:09:33'),(11,'19:00:00','20:00:00',1,3,1,0,'2022-08-03 15:16:52','2022-08-03 15:16:52'),(12,'14:00:00','15:00:00',1,2,1,0,'2022-12-12 03:08:47','2022-12-12 03:08:47');
/*!40000 ALTER TABLE `horas` ENABLE KEYS */;
UNLOCK TABLES;

--
-- Table structure for table `indicadores`
--

DROP TABLE IF EXISTS `indicadores`;
/*!40101 SET @saved_cs_client     = @@character_set_client */;
/*!50503 SET character_set_client = utf8mb4 */;
CREATE TABLE `indicadores` (
  `id` int NOT NULL AUTO_INCREMENT,
  `nombre` varchar(500) DEFAULT NULL,
  `orden` int DEFAULT NULL,
  `activo` tinyint DEFAULT NULL,
  `borrado` tinyint DEFAULT NULL,
  `created_at` timestamp NULL DEFAULT NULL,
  `updated_at` timestamp NULL DEFAULT NULL,
  `competencia_id` int NOT NULL,
  PRIMARY KEY (`id`),
  KEY `fk_indicadores_competencias1_idx` (`competencia_id`),
  CONSTRAINT `fk_indicadores_competencias1` FOREIGN KEY (`competencia_id`) REFERENCES `competencias` (`id`)
) ENGINE=InnoDB AUTO_INCREMENT=1081 DEFAULT CHARSET=utf8mb4 COLLATE=utf8mb4_0900_ai_ci;
/*!40101 SET character_set_client = @saved_cs_client */;

--
-- Dumping data for table `indicadores`
--

LOCK TABLES `indicadores` WRITE;
/*!40000 ALTER TABLE `indicadores` DISABLE KEYS */;
INSERT INTO `indicadores` VALUES (1,'Indicador 1',1,1,0,'2022-11-09 04:43:28','2022-11-24 16:41:39',1),(2,'Indicador 2',2,1,0,'2022-11-09 04:43:36','2022-11-09 04:43:36',1),(3,'asd',3,1,1,'2022-11-09 04:45:18','2022-11-09 04:45:23',1),(4,'Indicador 3',3,1,0,'2022-11-24 17:04:56','2022-11-24 17:04:56',1),(5,'Indicador 1',1,1,0,'2022-11-24 18:29:19','2022-11-24 18:29:19',2),(6,'Indicador 2',2,1,0,'2022-11-24 18:29:24','2022-11-24 18:29:24',2),(7,'Indicador 3',3,1,0,'2022-11-24 18:29:32','2022-11-24 18:29:32',2),(8,'Indicador 1',1,1,0,'2022-11-24 18:29:42','2022-11-24 18:29:42',5),(9,'Indicador 2',2,1,0,'2022-11-24 18:29:49','2022-11-24 18:29:49',5),(10,'Indicador 3',3,1,0,'2022-11-24 18:29:55','2022-11-24 18:29:55',5),(11,'Indicador 1',1,1,1,'2022-11-24 18:30:42','2022-11-24 18:35:56',3),(12,'Indicador 2 b 2',2,1,1,'2022-11-24 18:30:46','2022-11-24 18:35:51',3),(13,'Indicador 3',3,1,1,'2022-11-24 18:30:50','2022-11-24 18:35:58',3),(14,'Indicador 1',1,1,0,'2022-11-24 18:30:56','2022-11-24 18:30:56',342),(15,'Indicador 2',2,1,0,'2022-11-24 18:31:01','2022-11-24 18:31:01',342),(16,'Indicador 3',3,1,0,'2022-11-24 18:31:06','2022-11-24 18:31:06',342),(17,'Indicador 1',1,1,1,'2022-11-24 18:31:15','2022-11-24 18:34:12',3),(18,'Indicador 2 b a',2,1,1,'2022-11-24 18:31:19','2022-11-24 18:35:54',3),(19,'Indicador 1',1,1,0,'2022-11-24 18:37:10','2022-11-24 18:37:10',343),(20,'Indicaro 1',1,1,1,'2022-11-24 18:38:03','2022-11-24 18:38:06',3),(21,'Indicador 1',1,1,0,'2022-11-24 18:40:26','2022-11-24 18:40:26',3),(22,'Indicador 2',2,1,0,'2022-11-24 18:46:35','2022-11-24 18:46:35',3),(23,'Indicador 3',3,1,0,'2022-11-24 18:47:28','2022-11-24 18:47:28',3),(24,'Indicador 4',4,1,1,'2022-11-24 18:49:22','2022-11-24 18:49:29',3),(25,'Indicador 2',2,1,0,'2022-11-24 18:49:40','2022-11-24 18:49:40',343),(26,'Indicador 3',3,1,0,'2022-11-24 18:49:44','2022-11-24 18:49:44',343),(27,'Indicador 1',1,1,0,'2022-11-24 18:50:31','2022-11-24 18:50:31',344),(28,'Indicador 2',2,1,0,'2022-11-24 18:50:35','2022-11-24 18:50:35',344),(29,'Indicador 3',3,1,0,'2022-11-24 18:50:39','2022-11-24 18:50:39',344),(30,'Indicador 1',1,1,0,'2022-11-24 18:50:45','2022-11-24 18:50:45',345),(31,'Indicador 2',2,1,0,'2022-11-24 18:50:54','2022-11-24 18:50:54',345),(32,'Indicador 3',3,1,0,'2022-11-24 18:51:03','2022-11-24 18:51:03',345),(33,'Indicador 1',1,1,0,'2022-11-24 18:51:14','2022-11-24 18:51:14',346),(34,'Indicador 2',2,1,0,'2022-11-24 18:51:19','2022-11-24 18:51:19',346),(35,'Indicador 3',3,1,0,'2022-11-24 18:51:23','2022-11-24 18:51:23',346),(36,'Indicador 1',1,1,0,'2022-11-24 18:51:54','2022-11-24 18:51:54',347),(37,'Indicador 2',2,1,0,'2022-11-24 18:51:57','2022-11-24 18:51:57',347),(38,'Indicador 3',3,1,0,'2022-11-24 18:52:01','2022-11-24 18:52:01',347),(39,'Indicador 1',1,1,0,'2022-11-24 18:52:07','2022-11-24 18:52:07',348),(40,'Indicador 2',2,1,0,'2022-11-24 18:52:11','2022-11-24 18:52:11',348),(41,'Indicador 3',3,1,0,'2022-11-24 18:52:14','2022-11-24 18:52:14',348),(42,'Indicador 1',1,1,0,'2022-11-24 18:52:20','2022-11-24 18:52:20',349),(43,'Indicador 2',2,1,0,'2022-11-24 18:52:23','2022-11-24 18:52:23',349),(44,'Indicador 3',3,1,0,'2022-11-24 18:52:26','2022-11-24 18:52:26',349),(45,'Indicador 1',1,1,0,'2022-11-24 19:02:03','2022-11-24 19:02:03',350),(46,'Indicador 2',2,1,0,'2022-11-24 19:02:08','2022-11-24 19:02:08',350),(47,'Indicador 3',3,1,0,'2022-11-24 19:02:12','2022-11-24 19:02:12',350),(48,'Indicador 1',1,1,0,'2022-11-24 19:02:18','2022-11-24 19:02:18',351),(49,'Indicador 2',2,1,0,'2022-11-24 19:02:26','2022-11-24 19:02:26',351),(50,'Indicador 3',3,1,0,'2022-11-24 19:02:35','2022-11-24 19:02:35',351),(51,'Indicador 1',1,1,0,'2022-11-24 19:05:53','2022-11-24 19:05:53',353),(52,'Indicador 2',2,1,0,'2022-11-24 19:05:57','2022-11-24 19:05:57',353),(53,'Indicador 3',3,1,0,'2022-11-24 19:06:00','2022-11-24 19:06:00',353),(54,'Indicador 1',1,1,0,'2022-11-24 19:06:06','2022-11-24 19:06:06',354),(55,'Indicador 2',2,1,0,'2022-11-24 19:07:22','2022-11-24 19:07:22',354),(56,'Indicador 3',3,1,0,'2022-11-24 19:07:25','2022-11-24 19:07:25',354),(57,'Indicador 1',1,1,0,'2022-11-24 19:07:31','2022-11-24 19:07:31',355),(58,'Indicador 2',2,1,0,'2022-11-24 19:07:34','2022-11-24 19:07:34',355),(59,'Indicador 3',3,1,0,'2022-11-24 19:07:38','2022-11-24 19:07:38',355),(60,'Indicador 1',1,1,0,'2022-11-24 19:07:46','2022-11-24 19:07:46',356),(61,'Indicador 2',2,1,0,'2022-11-24 19:07:50','2022-11-24 19:07:50',356),(62,'Indicador 3',3,1,0,'2022-11-24 19:07:53','2022-11-24 19:07:53',356),(63,'Indicador 1',1,1,0,'2022-11-24 19:07:59','2022-11-24 19:07:59',357),(64,'Indicador 2',2,1,0,'2022-11-24 19:08:02','2022-11-24 19:08:02',357),(65,'Indicador 3',3,1,0,'2022-11-24 19:08:05','2022-11-24 19:08:05',357),(66,'Indicador 1',1,1,0,'2022-11-24 19:08:10','2022-11-24 19:08:10',358),(67,'Indicador 2',2,1,0,'2022-11-24 19:08:13','2022-11-24 19:08:13',358),(68,'Indicador 3',3,1,0,'2022-11-24 19:08:16','2022-11-24 19:08:16',358),(69,'Indicador 1',1,1,0,'2022-11-24 19:08:31','2022-11-24 19:08:31',352),(70,'Indicador 2',2,1,0,'2022-11-24 19:08:35','2022-11-24 19:08:35',352),(71,'Indicador 3',3,1,0,'2022-11-24 19:08:38','2022-11-24 19:08:38',352),(72,'Indicador 1',1,1,0,'2022-11-24 19:09:02','2022-11-24 19:09:02',359),(73,'Indicador 2',2,1,0,'2022-11-24 19:09:05','2022-11-24 19:09:05',359),(74,'Indicador 3',3,1,0,'2022-11-24 19:09:09','2022-11-24 19:09:09',359),(75,'Indicador 1',1,1,0,'2022-11-24 19:09:15','2022-11-24 19:09:15',361),(76,'Indicador 2',2,1,0,'2022-11-24 19:09:20','2022-11-24 19:09:20',361),(77,'Indicador 3',3,1,0,'2022-11-24 19:09:24','2022-11-24 19:09:24',361),(78,'Indicador 1',1,1,0,'2022-11-24 19:09:29','2022-11-24 19:09:29',360),(79,'Indicador 2',2,1,0,'2022-11-24 19:09:32','2022-11-24 19:09:32',360),(80,'Indicador 3',3,1,0,'2022-11-24 19:09:36','2022-11-24 19:09:36',360),(81,'Indicador 1',1,1,0,'2022-11-24 19:10:22','2022-11-24 19:10:22',6),(82,'Indicador 2',2,1,0,'2022-11-24 19:10:26','2022-11-24 19:10:26',6),(83,'Indicador 3',3,1,0,'2022-11-24 19:10:30','2022-11-24 19:10:30',6),(84,'Indicador 1',1,1,0,'2022-11-24 19:10:36','2022-11-24 19:10:36',8),(85,'Indicador 2',2,1,0,'2022-11-24 19:10:40','2022-11-24 19:10:40',8),(86,'Indicador 3',3,1,0,'2022-11-24 19:10:43','2022-11-24 19:10:43',8),(87,'Indicador 1',1,1,0,'2022-11-24 19:10:48','2022-11-24 19:10:48',19),(88,'Indicador 2',2,1,0,'2022-11-24 19:10:52','2022-11-24 19:10:52',19),(89,'Indicador 3',3,1,0,'2022-11-24 19:10:56','2022-11-24 19:10:56',19),(90,'Indicador 1',1,1,0,'2022-11-24 19:11:05','2022-11-24 19:11:05',20),(91,'Indicador 2',2,1,0,'2022-11-24 19:11:09','2022-11-24 19:11:09',20),(92,'Indicador 3',3,1,0,'2022-11-24 19:11:12','2022-11-24 19:11:12',20),(93,'Indicador 1',1,1,0,'2022-11-24 19:11:22','2022-11-24 19:11:22',21),(94,'Indicador 2',2,1,0,'2022-11-24 19:11:26','2022-11-24 19:11:26',21),(95,'Indicador 3',3,1,0,'2022-11-24 19:11:29','2022-11-24 19:11:29',21),(96,'Indicador 1',1,1,0,'2022-11-24 19:11:42','2022-11-24 19:11:42',37),(97,'Indicador 2',2,1,0,'2022-11-24 19:11:48','2022-11-24 19:11:48',37),(98,'Indicador 3',3,1,0,'2022-11-24 19:11:52','2022-11-24 19:11:52',37),(99,'Indicador 1',1,1,0,'2022-11-24 19:11:57','2022-11-24 19:11:57',38),(100,'Indicador 2',2,1,0,'2022-11-24 19:12:01','2022-11-24 19:12:01',38),(101,'Indicador 3',3,1,0,'2022-11-24 19:12:05','2022-11-24 19:12:05',38),(102,'Indicador 1',1,1,0,'2022-11-24 19:12:11','2022-11-24 19:12:11',39),(103,'Indicador 2',2,1,0,'2022-11-24 19:12:14','2022-11-24 19:12:14',39),(104,'Indicador 3',3,1,0,'2022-11-24 19:12:18','2022-11-24 19:12:18',39),(105,'Indicador 1',1,1,0,'2022-11-24 19:12:33','2022-11-24 19:12:33',55),(106,'Indicador 2',2,1,0,'2022-11-24 19:12:37','2022-11-24 19:12:37',55),(107,'Indicador 3',3,1,0,'2022-11-24 19:12:41','2022-11-24 19:12:41',55),(108,'Indicador 1',1,1,0,'2022-11-24 19:12:48','2022-11-24 19:12:48',56),(109,'Indicador 2',2,1,0,'2022-11-24 19:12:51','2022-11-24 19:12:51',56),(110,'Indicador 3',3,1,0,'2022-11-24 19:12:55','2022-11-24 19:12:55',56),(111,'Indicador 1',1,1,0,'2022-11-24 19:13:03','2022-11-24 19:13:03',57),(112,'Indicador 2',2,1,0,'2022-11-24 19:13:07','2022-11-24 19:13:07',57),(113,'Indicador 3',3,1,0,'2022-11-24 19:13:11','2022-11-24 19:13:11',57),(114,'Indicador 1',1,1,0,'2022-11-24 19:13:22','2022-11-24 19:13:22',73),(115,'Indicador 2',2,1,0,'2022-11-24 19:13:25','2022-11-24 19:13:25',73),(116,'Indicador 3',3,1,0,'2022-11-24 19:13:29','2022-11-24 19:13:29',73),(117,'Indicador 1',1,1,0,'2022-11-24 19:13:36','2022-11-24 19:13:36',74),(118,'Indicador 2',2,1,0,'2022-11-24 19:13:40','2022-11-24 19:13:40',74),(119,'Indicador 3',3,1,0,'2022-11-24 19:13:47','2022-11-24 19:13:47',74),(120,'Indicador 1',1,1,0,'2022-11-24 19:15:55','2022-11-24 19:15:55',75),(121,'Indicador 2',2,1,0,'2022-11-24 19:15:58','2022-11-24 19:15:58',75),(122,'Indicador 3',3,1,0,'2022-11-24 19:16:02','2022-11-24 19:16:02',75),(123,'Indicador 1',1,1,0,'2022-11-24 19:16:06','2022-11-24 19:16:06',76),(124,'Indicador 2',2,1,0,'2022-11-24 19:16:09','2022-11-24 19:16:09',76),(125,'Indicador 3',3,1,0,'2022-11-24 19:16:13','2022-11-24 19:16:13',76),(126,'Indicador 1',1,1,0,'2022-11-24 19:16:20','2022-11-24 19:16:20',77),(127,'Indicador 2',2,1,0,'2022-11-24 19:16:23','2022-11-24 19:16:23',77),(128,'Indicador 3',3,1,0,'2022-11-24 19:16:26','2022-11-24 19:16:26',77),(129,'Indicador 1',1,1,0,'2022-11-24 19:16:37','2022-11-24 19:16:37',78),(130,'Indicador 2',2,1,0,'2022-11-24 19:16:40','2022-11-24 19:16:40',78),(131,'Indicador 3',3,1,0,'2022-11-24 19:16:44','2022-11-24 19:16:44',78),(132,'Indicador 1',1,1,0,'2022-11-24 19:16:51','2022-11-24 19:16:51',79),(133,'Indicador 2',2,1,0,'2022-11-24 19:16:55','2022-11-24 19:16:55',79),(134,'Indicador 3',3,1,0,'2022-11-24 19:17:01','2022-11-24 19:17:01',79),(135,'Indicador 1',1,1,0,'2022-11-24 19:17:13','2022-11-24 19:17:13',80),(136,'Indicador 2',2,1,0,'2022-11-24 19:17:17','2022-11-24 19:17:17',80),(137,'Indicador 3',3,1,0,'2022-11-24 19:17:22','2022-11-24 19:17:22',80),(138,'Indicador 1',1,1,0,'2022-11-24 19:17:36','2022-11-24 19:17:36',81),(139,'Indicador 2',2,1,0,'2022-11-24 19:17:42','2022-11-24 19:17:42',81),(140,'Indicador 3',3,1,0,'2022-11-24 19:17:45','2022-11-24 19:17:45',81),(141,'Indicador 1',1,1,0,'2022-11-24 19:17:50','2022-11-24 19:17:50',82),(142,'Indicador 2',2,1,0,'2022-11-24 19:17:54','2022-11-24 19:17:54',82),(143,'Indicador 3',3,1,0,'2022-11-24 19:17:58','2022-11-24 19:17:58',82),(144,'Indicador 1',1,1,0,'2022-11-24 19:18:04','2022-11-24 19:18:04',83),(145,'Indicador 2',2,1,0,'2022-11-24 19:18:08','2022-11-24 19:18:08',83),(146,'Indicador 3',3,1,0,'2022-11-24 19:18:12','2022-11-24 19:18:12',83),(147,'Indicador 1',1,1,0,'2022-11-24 19:18:20','2022-11-24 19:18:20',84),(148,'Indicador 2',2,1,0,'2022-11-24 19:18:24','2022-11-24 19:18:24',84),(149,'Indicador 3',3,1,0,'2022-11-24 19:18:27','2022-11-24 19:18:27',84),(150,'Indicador 1',1,1,0,'2022-11-24 19:18:41','2022-11-24 19:18:41',85),(151,'Indicador 2',2,1,0,'2022-11-24 19:18:45','2022-11-24 19:18:45',85),(152,'Indicador 3',3,1,0,'2022-11-24 19:18:50','2022-11-24 19:18:50',85),(153,'Indicador 1',1,1,0,'2022-11-24 19:18:55','2022-11-24 19:18:55',86),(154,'Indicador 2',2,1,0,'2022-11-24 19:18:59','2022-11-24 19:18:59',86),(155,'Indicador 3',3,1,0,'2022-11-24 19:19:03','2022-11-24 19:19:03',86),(156,'Indicador 1',1,1,0,'2022-11-24 19:19:13','2022-11-24 19:19:13',87),(157,'Indicador 2',2,1,0,'2022-11-24 19:19:16','2022-11-24 19:19:16',87),(158,'Indicador 3',3,1,0,'2022-11-24 19:19:20','2022-11-24 19:19:20',87),(159,'Indicador 1',1,1,0,'2022-11-24 19:19:31','2022-11-24 19:19:31',88),(160,'Indicador 2',2,1,0,'2022-11-24 19:19:34','2022-11-24 19:19:34',88),(161,'Indicador 3',3,1,0,'2022-11-24 19:19:39','2022-11-24 19:19:39',88),(162,'Indicador 1',1,1,0,'2022-11-24 19:19:43','2022-11-24 19:19:43',89),(163,'Indicador 2',2,1,0,'2022-11-24 19:19:47','2022-11-24 19:19:47',89),(164,'Indicador 3',3,1,0,'2022-11-24 19:19:51','2022-11-24 19:19:51',89),(165,'Indicador 1',1,1,0,'2022-11-24 19:20:01','2022-11-24 19:20:01',90),(166,'Indicador 2',2,1,0,'2022-11-24 19:20:04','2022-11-24 19:20:10',90),(167,'Indicador 3',3,1,0,'2022-11-24 19:20:14','2022-11-24 19:20:14',90),(168,'Indicador 1',1,1,0,'2022-11-24 19:20:19','2022-11-24 19:20:19',91),(169,'Indicador 2',2,1,0,'2022-11-24 19:20:23','2022-11-24 19:20:23',91),(170,'Indicador 3',3,1,0,'2022-11-24 19:20:26','2022-11-24 19:20:26',91),(171,'Indicador 1',1,1,0,'2022-11-24 19:22:30','2022-11-24 19:22:30',9),(172,'Indicador 2',2,1,0,'2022-11-24 19:22:35','2022-11-24 19:22:35',9),(173,'Indicador 3',3,1,0,'2022-11-24 19:22:39','2022-11-24 19:22:39',9),(174,'Indicador 1',1,1,0,'2022-11-24 19:22:48','2022-11-24 19:22:48',10),(175,'Indicador 2',2,1,0,'2022-11-24 19:22:54','2022-11-24 19:22:54',10),(176,'Indicador 3',3,1,0,'2022-11-24 19:22:58','2022-11-24 19:22:58',10),(177,'Indicador 1',1,1,0,'2022-11-24 19:23:27','2022-11-24 19:23:27',22),(178,'Indicador 2',2,1,0,'2022-11-24 19:23:31','2022-11-24 19:23:31',22),(179,'Indicador 3',3,1,0,'2022-11-24 19:23:34','2022-11-24 19:23:34',22),(180,'Indicador 1',1,1,0,'2022-11-24 19:23:43','2022-11-24 19:23:43',23),(181,'Indicador 2',2,1,0,'2022-11-24 19:23:47','2022-11-24 19:23:47',23),(182,'Indicador 3',3,1,0,'2022-11-24 19:23:50','2022-11-24 19:23:50',23),(183,'Indicador 1',1,1,0,'2022-11-24 19:23:56','2022-11-24 19:23:56',24),(184,'Indicador 2',2,1,0,'2022-11-24 19:23:59','2022-11-24 19:23:59',24),(185,'Indicador 3',3,1,0,'2022-11-24 19:24:03','2022-11-24 19:24:03',24),(186,'Indicador 1',1,1,0,'2022-11-24 19:24:20','2022-11-24 19:24:20',58),(187,'Indicador 2',2,1,0,'2022-11-24 19:24:24','2022-11-24 19:24:24',58),(188,'Indicador 3',3,1,0,'2022-11-24 19:24:27','2022-11-24 19:24:27',58),(189,'Indicador 1',1,1,0,'2022-11-24 19:24:34','2022-11-24 19:24:34',59),(190,'Indicador 2',2,1,0,'2022-11-24 19:24:39','2022-11-24 19:24:39',59),(191,'Indicador 3',3,1,0,'2022-11-24 19:24:42','2022-11-24 19:24:42',59),(192,'Indicador 1',1,1,0,'2022-11-24 19:24:46','2022-11-24 19:24:46',60),(193,'Indicador 2',2,1,0,'2022-11-24 19:24:49','2022-11-24 19:24:49',60),(194,'Indicador 3',3,1,0,'2022-11-24 19:24:53','2022-11-24 19:24:53',60),(195,'Indicador 1',1,1,0,'2022-11-24 19:25:05','2022-11-24 19:25:05',92),(196,'Indicador 1',1,1,0,'2022-11-25 00:58:31','2022-11-25 00:58:31',40),(197,'Indicador 2',2,1,0,'2022-11-25 00:58:36','2022-11-25 00:58:36',40),(198,'Indicador 3',3,1,0,'2022-11-25 00:58:41','2022-11-25 00:58:41',40),(199,'Indicador 1',1,1,0,'2022-11-25 00:58:47','2022-11-25 00:58:47',41),(200,'Indicador 2',2,1,0,'2022-11-25 00:58:52','2022-11-25 00:58:52',41),(201,'Indicador 3',3,1,0,'2022-11-25 00:58:56','2022-11-25 00:58:56',41),(202,'Indicador 1',1,1,0,'2022-11-25 00:59:03','2022-11-25 00:59:03',42),(203,'Indicador 2',2,1,0,'2022-11-25 00:59:07','2022-11-25 00:59:07',42),(204,'Indicador 3',3,1,0,'2022-11-25 00:59:12','2022-11-25 00:59:12',42),(205,'Indicador 2',2,1,0,'2022-11-25 00:59:36','2022-11-25 00:59:36',92),(206,'Indicador 3',3,1,0,'2022-11-25 00:59:44','2022-11-25 00:59:44',92),(207,'Indicador 1',1,1,0,'2022-11-25 00:59:49','2022-11-25 00:59:49',93),(208,'Indicador 2',2,1,0,'2022-11-25 00:59:53','2022-11-25 00:59:53',93),(209,'Indicador 3',3,1,0,'2022-11-25 00:59:57','2022-11-25 00:59:57',93),(210,'Indicador 1',1,1,0,'2022-11-25 01:01:39','2022-11-25 01:01:39',94),(211,'Indicador 2',2,1,0,'2022-11-25 01:01:44','2022-11-25 01:01:44',94),(212,'Indicador 3',3,1,0,'2022-11-25 01:01:47','2022-11-25 01:01:47',94),(213,'Indicador 1',1,1,0,'2022-11-25 01:01:53','2022-11-25 01:01:53',95),(214,'Indicador 2',2,1,0,'2022-11-25 01:01:57','2022-11-25 01:01:57',95),(215,'Indicador 3',3,1,0,'2022-11-25 01:02:01','2022-11-25 01:02:01',95),(216,'Indicador 1',1,1,0,'2022-11-25 01:02:13','2022-11-25 01:02:13',96),(217,'Indicador 2',2,1,0,'2022-11-25 01:02:17','2022-11-25 01:02:17',96),(218,'Indicador 3',3,1,0,'2022-11-25 01:02:26','2022-11-25 01:02:26',96),(219,'Indicador 1',1,1,0,'2022-11-25 01:02:59','2022-11-25 01:02:59',97),(220,'Indicador 2',2,1,0,'2022-11-25 01:03:05','2022-11-25 01:03:05',97),(221,'Indicador 3',3,1,0,'2022-11-25 01:03:10','2022-11-25 01:03:10',97),(222,'Indicador 1',1,1,0,'2022-11-25 01:03:16','2022-11-25 01:03:16',98),(223,'Indicador 2',2,1,0,'2022-11-25 01:03:20','2022-11-25 01:03:20',98),(224,'Indicador 3',3,1,0,'2022-11-25 01:03:24','2022-11-25 01:03:24',98),(225,'Indicador 1',1,1,0,'2022-11-25 01:03:31','2022-11-25 01:03:31',99),(226,'Indicador 2',2,1,0,'2022-11-25 01:03:35','2022-11-25 01:03:35',99),(227,'Indicador 3',3,1,0,'2022-11-25 01:03:39','2022-11-25 01:03:39',99),(228,'Indicador 1',1,1,0,'2022-11-25 01:03:51','2022-11-25 01:03:51',100),(229,'Indicador 2',2,1,0,'2022-11-25 01:03:56','2022-11-25 01:03:56',100),(230,'Indicador 3',3,1,0,'2022-11-25 01:04:01','2022-11-25 01:04:01',100),(231,'Indicador 1',1,1,0,'2022-11-25 01:04:10','2022-11-25 01:04:10',101),(232,'Indicador 2',2,1,0,'2022-11-25 01:04:15','2022-11-25 01:04:15',101),(233,'Indicador 3',3,1,0,'2022-11-25 01:04:19','2022-11-25 01:04:19',101),(234,'Indicador 1',1,1,0,'2022-11-25 01:05:54','2022-11-25 01:05:54',102),(235,'Indicador 2',2,1,0,'2022-11-25 01:05:58','2022-11-25 01:05:58',102),(236,'Indicador 3',3,1,0,'2022-11-25 01:06:21','2022-11-25 01:06:21',102),(237,'Indicador 1',1,1,0,'2022-11-25 01:06:32','2022-11-25 01:06:32',103),(238,'Indicador 2',2,1,0,'2022-11-25 01:06:36','2022-11-25 01:06:36',103),(239,'Indicador 3',3,1,0,'2022-11-25 01:06:42','2022-11-25 01:06:42',103),(240,'Indicador 1',1,1,0,'2022-11-25 01:07:04','2022-11-25 01:07:04',104),(241,'Indicador 2',2,1,0,'2022-11-25 01:07:08','2022-11-25 01:07:08',104),(242,'Indicador 3',3,1,0,'2022-11-25 01:07:12','2022-11-25 01:07:12',104),(243,'Indicador 1',1,1,0,'2022-11-25 01:07:17','2022-11-25 01:07:17',105),(244,'Indicador 2',2,1,0,'2022-11-25 01:07:22','2022-11-25 01:07:22',105),(245,'Indicador 3',3,1,0,'2022-11-25 01:07:27','2022-11-25 01:07:27',105),(246,'Indicador 1',1,1,0,'2022-11-25 01:07:36','2022-11-25 01:07:36',106),(247,'Indicador 2',2,1,0,'2022-11-25 01:07:40','2022-11-25 01:07:40',106),(248,'Indicador 3',3,1,0,'2022-11-25 01:07:44','2022-11-25 01:07:44',106),(249,'Indicador 1',1,1,0,'2022-11-25 01:08:16','2022-11-25 01:08:16',107),(250,'Indicador 2',2,1,0,'2022-11-25 01:08:20','2022-11-25 01:08:20',107),(251,'Indicador 3',3,1,0,'2022-11-25 01:08:24','2022-11-25 01:08:24',107),(252,'Indicador 1',1,1,0,'2022-11-25 01:08:29','2022-11-25 01:08:29',108),(253,'Indicador 2',2,1,0,'2022-11-25 01:08:33','2022-11-25 01:08:33',108),(254,'Indicador 3',3,1,0,'2022-11-25 01:08:37','2022-11-25 01:08:37',108),(255,'Indicador 1',1,1,0,'2022-11-25 01:10:33','2022-11-25 01:10:33',109),(256,'Indicador 2',2,1,0,'2022-11-25 01:10:37','2022-11-25 01:10:37',109),(257,'Indicador 3',3,1,0,'2022-11-25 01:10:41','2022-11-25 01:10:41',109),(258,'Indicador 1',1,1,0,'2022-11-25 01:10:47','2022-11-25 01:10:47',110),(259,'Indicador 2',2,1,0,'2022-11-25 01:10:52','2022-11-25 01:10:52',110),(260,'Indicador 3',3,1,0,'2022-11-25 01:10:59','2022-11-25 01:10:59',110),(261,'Indicador 1',1,1,0,'2022-11-25 01:14:19','2022-11-25 01:14:19',11),(262,'Indicador 2',2,1,0,'2022-11-25 01:14:26','2022-11-25 01:14:26',11),(263,'Indicador 3',3,1,0,'2022-11-25 01:14:31','2022-11-25 01:14:31',11),(264,'Indicador 1',1,1,0,'2022-11-25 01:14:39','2022-11-25 01:14:39',12),(265,'Indicador 2',2,1,0,'2022-11-25 01:14:43','2022-11-25 01:14:43',12),(266,'Indicador 3',3,1,0,'2022-11-25 01:14:49','2022-11-25 01:14:49',12),(267,'Indicador 1',1,1,0,'2022-11-25 01:14:59','2022-11-25 01:14:59',25),(268,'Indicador 2',2,1,0,'2022-11-25 01:15:04','2022-11-25 01:15:04',25),(269,'Indicador 3',3,1,0,'2022-11-25 01:15:10','2022-11-25 01:15:10',25),(270,'Indicador 1',1,1,0,'2022-11-25 01:15:24','2022-11-25 01:15:24',26),(271,'Indicador 2',2,1,0,'2022-11-25 01:15:29','2022-11-25 01:15:29',26),(272,'Indicador 3',3,1,0,'2022-11-25 01:15:34','2022-11-25 01:15:34',26),(273,'Indicador 1',1,1,0,'2022-11-25 01:15:40','2022-11-25 01:15:40',27),(274,'Indicador 2',2,1,0,'2022-11-25 01:15:44','2022-11-25 01:15:44',27),(275,'Indicador 3',3,1,0,'2022-11-25 01:15:47','2022-11-25 01:15:47',27),(276,'Indicador 1',1,1,0,'2022-11-25 01:16:06','2022-11-25 01:16:06',43),(277,'Indicador 2',2,1,0,'2022-11-25 01:16:11','2022-11-25 01:16:11',43),(278,'Indicador 3',3,1,0,'2022-11-25 01:16:15','2022-11-25 01:16:15',43),(279,'Indicador 1',1,1,0,'2022-11-25 01:16:20','2022-11-25 01:16:20',44),(280,'Indicador 2',2,1,0,'2022-11-25 01:16:24','2022-11-25 01:16:24',44),(281,'Indicador 3',3,1,0,'2022-11-25 01:16:28','2022-11-25 01:16:28',44),(282,'Indicador 1',1,1,0,'2022-11-25 01:16:37','2022-11-25 01:16:37',45),(283,'Indicador 2',2,1,0,'2022-11-25 01:16:42','2022-11-25 01:16:42',45),(284,'Indicador 3',3,1,0,'2022-11-25 01:16:47','2022-11-25 01:16:47',45),(285,'Indicador 1',1,1,0,'2022-11-25 01:17:04','2022-11-25 01:17:04',61),(286,'Indicador 2',2,1,0,'2022-11-25 01:17:08','2022-11-25 01:17:08',61),(287,'Indicador 3',3,1,0,'2022-11-25 01:17:14','2022-11-25 01:17:14',61),(288,'Indicador 1',1,1,0,'2022-11-25 01:17:29','2022-11-25 01:17:29',62),(289,'Indicador 2',2,1,0,'2022-11-25 01:17:33','2022-11-25 01:17:33',62),(290,'Indicador 3',3,1,0,'2022-11-25 01:17:41','2022-11-25 01:17:41',62),(291,'Indicador 1',1,1,0,'2022-11-25 01:18:00','2022-11-25 01:18:00',63),(292,'Indicador 2',2,1,0,'2022-11-25 01:18:06','2022-11-25 01:18:06',63),(293,'Indicador 3',3,1,0,'2022-11-25 01:18:15','2022-11-25 01:18:15',63),(294,'Indicador 1',1,1,0,'2022-11-25 01:18:35','2022-11-25 01:18:35',111),(295,'Indicador 2',2,1,0,'2022-11-25 01:18:39','2022-11-25 01:18:39',111),(296,'Indicador 3',3,1,0,'2022-11-25 01:18:45','2022-11-25 01:18:45',111),(297,'Indicador 1',1,1,0,'2022-11-25 01:18:51','2022-11-25 01:18:51',112),(298,'Indicador 2',2,1,0,'2022-11-25 01:18:55','2022-11-25 01:18:55',112),(299,'Indicador 3',3,1,0,'2022-11-25 01:18:59','2022-11-25 01:18:59',112),(300,'Indicador 1',1,1,0,'2022-11-25 01:19:11','2022-11-25 01:19:11',113),(301,'Indicador 2',2,1,0,'2022-11-25 01:19:15','2022-11-25 01:19:15',113),(302,'Indicador 3',3,1,0,'2022-11-25 01:19:21','2022-11-25 01:19:21',113),(303,'Indicador 1',1,1,0,'2022-11-25 01:19:28','2022-11-25 01:19:28',114),(304,'Indicador 2',2,1,0,'2022-11-25 01:19:32','2022-11-25 01:19:32',114),(305,'Indicador 3',3,1,0,'2022-11-25 01:19:36','2022-11-25 01:19:36',114),(306,'Indicador 1',1,1,0,'2022-11-25 01:19:49','2022-11-25 01:19:49',115),(307,'Indicador 2',2,1,0,'2022-11-25 01:19:53','2022-11-25 01:19:53',115),(308,'Indicador 3',3,1,0,'2022-11-25 01:19:59','2022-11-25 01:19:59',115),(309,'Indicador 1',1,1,0,'2022-11-25 01:20:34','2022-11-25 01:20:34',116),(310,'Indicador 2',2,1,0,'2022-11-25 01:20:39','2022-11-25 01:20:39',116),(311,'Indicador 3',3,1,0,'2022-11-25 01:20:44','2022-11-25 01:20:44',116),(312,'Indicador 1',1,1,0,'2022-11-25 01:21:25','2022-11-25 01:21:25',117),(313,'Indicador 2',2,1,0,'2022-11-25 01:21:29','2022-11-25 01:21:29',117),(314,'Indicador 3',3,1,0,'2022-11-25 01:21:33','2022-11-25 01:21:33',117),(315,'Indicador 1',1,1,0,'2022-11-25 01:21:38','2022-11-25 01:21:38',118),(316,'Indicador 2',2,1,0,'2022-11-25 01:21:42','2022-11-25 01:21:42',118),(317,'Indicador 3',3,1,0,'2022-11-25 01:21:46','2022-11-25 01:21:46',118),(318,'Indicador 1',1,1,0,'2022-11-25 01:22:06','2022-11-25 01:22:06',119),(319,'Indicador 2',2,1,0,'2022-11-25 01:22:10','2022-11-25 01:22:10',119),(320,'Indicador 3',3,1,0,'2022-11-25 01:22:14','2022-11-25 01:22:14',119),(321,'Indicador 1',1,1,0,'2022-11-25 01:22:19','2022-11-25 01:22:19',120),(322,'Indicador 2',2,1,0,'2022-11-25 01:22:22','2022-11-25 01:22:22',120),(323,'Indicador 3',3,1,0,'2022-11-25 01:22:26','2022-11-25 01:22:26',120),(324,'Indicador 1',1,1,0,'2022-11-25 01:22:33','2022-11-25 01:22:33',121),(325,'Indicador 2',2,1,0,'2022-11-25 01:22:38','2022-11-25 01:22:38',121),(326,'Indicador 3',3,1,0,'2022-11-25 01:22:42','2022-11-25 01:22:42',121),(327,'Indicador 1',1,1,0,'2022-11-25 01:22:59','2022-11-25 01:22:59',122),(328,'Indicador 2',2,1,0,'2022-11-25 01:23:04','2022-11-25 01:23:04',122),(329,'Indicador 3',3,1,0,'2022-11-25 01:23:09','2022-11-25 01:23:09',122),(330,'Indicador 1',1,1,0,'2022-11-25 01:23:29','2022-11-25 01:23:29',123),(331,'Indicador 2',2,1,0,'2022-11-25 01:23:34','2022-11-25 01:23:34',123),(332,'Indicador 3',3,1,0,'2022-11-25 01:23:38','2022-11-25 01:23:38',123),(333,'Indicador 1',1,1,0,'2022-11-25 01:23:44','2022-11-25 01:23:44',124),(334,'Indicador 2',2,1,0,'2022-11-25 01:23:48','2022-11-25 01:23:48',124),(335,'Indicador 3',3,1,0,'2022-11-25 01:23:52','2022-11-25 01:23:52',124),(336,'Indicador 1',1,1,0,'2022-11-25 01:24:00','2022-11-25 01:24:00',125),(337,'Indicador 2',2,1,0,'2022-11-25 01:24:05','2022-11-25 01:24:05',125),(338,'Indicador 3',3,1,0,'2022-11-25 01:24:09','2022-11-25 01:24:09',125),(339,'Indicador 1',1,1,0,'2022-11-25 01:24:23','2022-11-25 01:24:23',126),(340,'Indicador 2',2,1,0,'2022-11-25 01:24:27','2022-11-25 01:24:27',126),(341,'Indicador 3',3,1,0,'2022-11-25 01:24:31','2022-11-25 01:24:31',126),(342,'Indicador 1',1,1,0,'2022-11-25 01:24:37','2022-11-25 01:24:37',127),(343,'Indicador 2',2,1,0,'2022-11-25 01:24:41','2022-11-25 01:24:41',127),(344,'Indicador 3',3,1,0,'2022-11-25 01:24:45','2022-11-25 01:24:45',127),(345,'Indicador 1',1,1,0,'2022-11-25 01:24:57','2022-11-25 01:24:57',128),(346,'Indicador 2',2,1,0,'2022-11-25 01:25:01','2022-11-25 01:25:01',128),(347,'Indicador 3',3,1,0,'2022-11-25 01:25:05','2022-11-25 01:25:05',128),(348,'Indicador 1',1,1,0,'2022-11-25 01:25:14','2022-11-25 01:25:14',129),(349,'Indicador 2',2,1,0,'2022-11-25 01:25:18','2022-11-25 01:25:18',129),(350,'Indicador 3',3,1,0,'2022-11-25 01:25:22','2022-11-25 01:25:22',129),(351,'Indicador 1',1,1,0,'2022-11-25 01:28:08','2022-11-25 01:28:08',13),(352,'Indicador 2',2,1,0,'2022-11-25 01:28:13','2022-11-25 01:28:13',13),(353,'Indicador 3',3,1,0,'2022-11-25 01:28:17','2022-11-25 01:28:17',13),(354,'Indicador 4',4,1,1,'2022-11-25 01:28:21','2022-11-25 01:28:24',13),(355,'Indicador 1',1,1,0,'2022-11-25 01:28:31','2022-11-25 01:28:31',14),(356,'Indicador 2',2,1,0,'2022-11-25 01:28:34','2022-11-25 01:28:34',14),(357,'Indicador 3',3,1,0,'2022-11-25 01:28:38','2022-11-25 01:28:38',14),(358,'Indicador 1',1,1,0,'2022-11-25 01:28:51','2022-11-25 01:28:51',28),(359,'Indicador 2',2,1,0,'2022-11-25 01:28:55','2022-11-25 01:28:55',28),(360,'Indicador 3',3,1,0,'2022-11-25 01:29:01','2022-11-25 01:29:01',28),(361,'Indicador 1',1,1,0,'2022-11-25 01:29:14','2022-11-25 01:29:14',29),(362,'Indicador 2',2,1,0,'2022-11-25 01:29:18','2022-11-25 01:29:18',29),(363,'Indicador 3',3,1,0,'2022-11-25 01:29:22','2022-11-25 01:29:22',29),(364,'Indicador 1',1,1,0,'2022-11-25 01:29:37','2022-11-25 01:29:37',30),(365,'Indicador 2',2,1,0,'2022-11-25 01:29:41','2022-11-25 01:29:41',30),(366,'Indicador 3',3,1,0,'2022-11-25 01:29:45','2022-11-25 01:29:45',30),(367,'Indicador 1',1,1,0,'2022-11-25 01:30:02','2022-11-25 01:30:02',46),(368,'Indicador 2',2,1,0,'2022-11-25 01:30:06','2022-11-25 01:30:06',46),(369,'Indicador 3',3,1,0,'2022-11-25 01:30:10','2022-11-25 01:30:10',46),(370,'Indicador 1',1,1,0,'2022-11-25 01:30:18','2022-11-25 01:30:18',47),(371,'Indicador 2',2,1,0,'2022-11-25 01:30:21','2022-11-25 01:30:21',47),(372,'Indicador 3',3,1,0,'2022-11-25 01:30:25','2022-11-25 01:30:25',47),(373,'Indicador 1',1,1,0,'2022-11-25 01:30:44','2022-11-25 01:30:44',48),(374,'Indicador 2',2,1,0,'2022-11-25 01:30:48','2022-11-25 01:30:48',48),(375,'Indicador 3',3,1,0,'2022-11-25 01:30:53','2022-11-25 01:30:53',48),(376,'Indicador 1',1,1,0,'2022-11-25 01:31:20','2022-11-25 01:31:20',64),(377,'Indicador 2',2,1,0,'2022-11-25 01:31:31','2022-11-25 01:31:31',64),(378,'Indicador 3',3,1,0,'2022-11-25 01:31:37','2022-11-25 01:31:37',64),(379,'Indicador 1',1,1,0,'2022-11-25 01:31:43','2022-11-25 01:31:43',65),(380,'Indicador 2',2,1,0,'2022-11-25 01:31:47','2022-11-25 01:31:47',65),(381,'Indicador 3',3,1,0,'2022-11-25 01:31:53','2022-11-25 01:31:53',65),(382,'Indicador 1',1,1,0,'2022-11-25 01:32:02','2022-11-25 01:32:02',66),(383,'Indicador 2',2,1,0,'2022-11-25 01:32:06','2022-11-25 01:32:06',66),(384,'Indicador 3',3,1,0,'2022-11-25 01:32:10','2022-11-25 01:32:10',66),(385,'Indicador 1',1,1,0,'2022-11-25 01:32:23','2022-11-25 01:32:23',130),(386,'Indicador 2',2,1,0,'2022-11-25 01:32:27','2022-11-25 01:32:27',130),(387,'Indicador 3',3,1,0,'2022-11-25 01:32:31','2022-11-25 01:32:31',130),(388,'Indicador 1',1,1,0,'2022-11-25 01:32:37','2022-11-25 01:32:37',131),(389,'Indicador 2',2,1,0,'2022-11-25 01:32:42','2022-11-25 01:32:42',131),(390,'Indicador 3',3,1,0,'2022-11-25 01:32:46','2022-11-25 01:32:46',131),(391,'Indicador 1',1,1,0,'2022-11-25 01:32:58','2022-11-25 01:32:58',132),(392,'Indicador 2',2,1,0,'2022-11-25 01:33:03','2022-11-25 01:33:03',132),(393,'Indicador 3',3,1,0,'2022-11-25 01:33:10','2022-11-25 01:33:10',132),(394,'Indicador 1',1,1,0,'2022-11-25 01:33:19','2022-11-25 01:33:19',133),(395,'Indicador 2',2,1,0,'2022-11-25 01:33:24','2022-11-25 01:33:24',133),(396,'Indicador 3',3,1,0,'2022-11-25 01:33:31','2022-11-25 01:33:31',133),(397,'Indicador 1',1,1,0,'2022-11-25 01:33:42','2022-11-25 01:33:42',134),(398,'Indicador 2',2,1,0,'2022-11-25 01:33:49','2022-11-25 01:33:49',134),(399,'Indicador 3',3,1,0,'2022-11-25 01:33:53','2022-11-25 01:33:53',134),(400,'Indicador 1',1,1,0,'2022-11-25 01:34:06','2022-11-25 01:34:06',135),(401,'Indicador 2',2,1,0,'2022-11-25 01:34:12','2022-11-25 01:34:12',135),(402,'Indicador 3',3,1,0,'2022-11-25 01:34:17','2022-11-25 01:34:17',135),(403,'Indicador 1',1,1,0,'2022-11-25 01:34:29','2022-11-25 01:34:29',136),(404,'Indicador 2',2,1,0,'2022-11-25 01:34:33','2022-11-25 01:34:33',136),(405,'Indicador 3',3,1,0,'2022-11-25 01:34:37','2022-11-25 01:34:37',136),(406,'Indicador 1',1,1,0,'2022-11-25 01:34:45','2022-11-25 01:34:45',137),(407,'Indicador 2',2,1,0,'2022-11-25 01:34:50','2022-11-25 01:34:50',137),(408,'Indicador 3',3,1,0,'2022-11-25 01:34:55','2022-11-25 01:34:55',137),(409,'Indicador 1',1,1,0,'2022-11-25 01:35:27','2022-11-25 01:35:27',138),(410,'Indicador 2',2,1,0,'2022-11-25 01:35:32','2022-11-25 01:35:32',138),(411,'Indicador 3',3,1,0,'2022-11-25 01:35:36','2022-11-25 01:35:36',138),(412,'Indicador 1',1,1,0,'2022-11-25 01:35:41','2022-11-25 01:35:41',139),(413,'Indicador 2',2,1,0,'2022-11-25 01:35:45','2022-11-25 01:35:45',139),(414,'Indicador 3',3,1,0,'2022-11-25 01:35:49','2022-11-25 01:35:49',139),(415,'Indicador 1',1,1,0,'2022-11-25 01:35:56','2022-11-25 01:35:56',140),(416,'Indicador 2',2,1,0,'2022-11-25 01:36:01','2022-11-25 01:36:01',140),(417,'Indicador 3',3,1,0,'2022-11-25 01:36:05','2022-11-25 01:36:05',140),(418,'Indicador 1',1,1,0,'2022-11-25 01:36:16','2022-11-25 01:36:16',141),(419,'Indicador 2',2,1,0,'2022-11-25 01:36:20','2022-11-25 01:36:20',141),(420,'Indicador 3',3,1,0,'2022-11-25 01:36:24','2022-11-25 01:36:24',141),(421,'Indicador 1',1,1,0,'2022-11-25 01:36:49','2022-11-25 01:36:49',142),(422,'Indicador 2',2,1,0,'2022-11-25 01:36:55','2022-11-25 01:36:55',142),(423,'Indicador 3',3,1,0,'2022-11-25 01:37:03','2022-11-25 01:37:03',142),(424,'Indicador 1',1,1,0,'2022-11-25 01:37:29','2022-11-25 01:37:29',143),(425,'Indicador 2',2,1,0,'2022-11-25 01:37:33','2022-11-25 01:37:33',143),(426,'Indicador 3',3,1,0,'2022-11-25 01:37:37','2022-11-25 01:37:37',143),(427,'Indicador 1',1,1,0,'2022-11-25 01:37:44','2022-11-25 01:37:44',144),(428,'Indicador 2',2,1,0,'2022-11-25 01:37:48','2022-11-25 01:37:48',144),(429,'Indicador 3',3,1,0,'2022-11-25 01:39:49','2022-11-25 01:39:49',144),(430,'Indicador 1',1,1,0,'2022-11-25 01:40:06','2022-11-25 01:40:06',145),(431,'Indicador 2',2,1,0,'2022-11-25 01:40:10','2022-11-25 01:40:10',145),(432,'Indicador 3',3,1,0,'2022-11-25 01:40:15','2022-11-25 01:40:15',145),(433,'Indicador 1',1,1,0,'2022-11-25 01:40:20','2022-11-25 01:40:20',146),(434,'Indicador 2',2,1,0,'2022-11-25 01:40:24','2022-11-25 01:40:24',146),(435,'Indicador 3',3,1,0,'2022-11-25 01:40:28','2022-11-25 01:40:28',146),(436,'Indicador 1',1,1,0,'2022-11-25 01:40:40','2022-11-25 01:40:40',147),(437,'Indicador 2',2,1,0,'2022-11-25 01:40:44','2022-11-25 01:40:44',147),(438,'Indicador 3',3,1,0,'2022-11-25 01:40:47','2022-11-25 01:40:47',147),(439,'Indicador 1',1,1,0,'2022-11-25 01:40:51','2022-11-25 01:40:51',148),(440,'Indicador 2',2,1,0,'2022-11-25 01:40:55','2022-11-25 01:40:55',148),(441,'Indicador 3',3,1,0,'2022-11-25 01:41:00','2022-11-25 01:41:00',148),(442,'Indicador 1',1,1,0,'2022-11-25 01:46:35','2022-11-25 01:46:35',15),(443,'Indicador 2',2,1,0,'2022-11-25 01:46:40','2022-11-25 01:46:40',15),(444,'Indicador 3',3,1,0,'2022-11-25 01:46:44','2022-11-25 01:46:44',15),(445,'Indicador 1',1,1,0,'2022-11-25 01:46:49','2022-11-25 01:46:49',16),(446,'Indicador 2',2,1,0,'2022-11-25 01:46:53','2022-11-25 01:46:53',16),(447,'Indicador 3',3,1,0,'2022-11-25 01:46:58','2022-11-25 01:46:58',16),(448,'Indicador 1',1,1,0,'2022-11-25 01:47:06','2022-11-25 01:47:06',31),(449,'Indicador 2',2,1,0,'2022-11-25 01:47:11','2022-11-25 01:47:11',31),(450,'Indicador 3',3,1,0,'2022-11-25 01:47:15','2022-11-25 01:47:15',31),(451,'Indicador 1',1,1,0,'2022-11-25 01:47:22','2022-11-25 01:47:22',32),(452,'Indicador 2',2,1,0,'2022-11-25 01:47:26','2022-11-25 01:47:26',32),(453,'Indicador 3',3,1,0,'2022-11-25 01:47:30','2022-11-25 01:47:30',32),(454,'Indicador 1',1,1,0,'2022-11-25 01:47:41','2022-11-25 01:47:41',33),(455,'Indicador 2',2,1,0,'2022-11-25 01:47:45','2022-11-25 01:47:45',33),(456,'Indicador 3',3,1,0,'2022-11-25 01:47:49','2022-11-25 01:47:49',33),(457,'Indicador 1',1,1,0,'2022-11-25 01:48:05','2022-11-25 01:48:05',49),(458,'Indicador 2',2,1,0,'2022-11-25 01:48:11','2022-11-25 01:48:11',49),(459,'Indicador 3',3,1,0,'2022-11-25 01:48:16','2022-11-25 01:48:16',49),(460,'Indicador 1',1,1,0,'2022-11-25 01:48:25','2022-11-25 01:48:25',50),(461,'Indicador 2',2,1,0,'2022-11-25 01:48:30','2022-11-25 01:48:30',50),(462,'Indicador 3',3,1,0,'2022-11-25 01:48:34','2022-11-25 01:48:34',50),(463,'Indicador 1',1,1,0,'2022-11-25 01:48:49','2022-11-25 01:48:49',51),(464,'Indicador 2',2,1,0,'2022-11-25 01:48:55','2022-11-25 01:48:55',51),(465,'Indicador 3',3,1,0,'2022-11-25 01:49:00','2022-11-25 01:49:00',51),(466,'Indicador 1',1,1,0,'2022-11-25 01:49:17','2022-11-25 01:49:17',67),(467,'Indicador 2',2,1,0,'2022-11-25 01:49:21','2022-11-25 01:49:21',67),(468,'Indicador 3',3,1,0,'2022-11-25 01:49:24','2022-11-25 01:49:24',67),(469,'Indicador 1',1,1,0,'2022-11-25 01:49:31','2022-11-25 01:49:31',68),(470,'Indicador 2',2,1,0,'2022-11-25 01:49:35','2022-11-25 01:49:35',68),(471,'Indicador 3',3,1,0,'2022-11-25 01:49:40','2022-11-25 01:49:40',68),(472,'Indicador 1',1,1,0,'2022-11-25 01:49:49','2022-11-25 01:49:49',69),(473,'Indicador 2',2,1,0,'2022-11-25 01:49:53','2022-11-25 01:49:53',69),(474,'Indicador 3',3,1,0,'2022-11-25 01:50:02','2022-11-25 01:50:02',69),(475,'Indicador 1',1,1,0,'2022-11-25 01:50:20','2022-11-25 01:50:20',149),(476,'Indicador 2',2,1,0,'2022-11-25 01:50:25','2022-11-25 01:50:25',149),(477,'Indicador 3',3,1,0,'2022-11-25 01:50:29','2022-11-25 01:50:29',149),(478,'Indicador 1',1,1,0,'2022-11-25 01:50:35','2022-11-25 01:50:35',150),(479,'Indicador 2',2,1,0,'2022-11-25 01:50:39','2022-11-25 01:50:39',150),(480,'Indicador 3',3,1,0,'2022-11-25 01:50:42','2022-11-25 01:50:42',150),(481,'Indicador 1',1,1,0,'2022-11-25 01:52:33','2022-11-25 01:52:33',151),(482,'Indicador 2',2,1,0,'2022-11-25 01:52:37','2022-11-25 01:52:37',151),(483,'Indicador 3',3,1,0,'2022-11-25 01:52:41','2022-11-25 01:52:41',151),(484,'Indicador 1',1,1,0,'2022-11-25 01:52:56','2022-11-25 01:52:56',152),(485,'Indicador 2',2,1,0,'2022-11-25 01:53:01','2022-11-25 01:53:01',152),(486,'Indicador 3',3,1,0,'2022-11-25 01:53:05','2022-11-25 01:53:05',152),(487,'Indicador 1',1,1,0,'2022-11-25 01:53:14','2022-11-25 01:53:14',153),(488,'Indicador 2',2,1,0,'2022-11-25 01:53:19','2022-11-25 01:53:19',153),(489,'Indicador 3',3,1,0,'2022-11-25 01:53:23','2022-11-25 01:53:23',153),(490,'Indicador 1',1,1,0,'2022-11-25 01:53:45','2022-11-25 01:53:45',154),(491,'Indicador 2',2,1,0,'2022-11-25 01:53:50','2022-11-25 01:53:50',154),(492,'Indicador 3',3,1,0,'2022-11-25 01:53:53','2022-11-25 01:53:53',154),(493,'Indicador 1',1,1,0,'2022-11-25 01:54:00','2022-11-25 01:54:00',155),(494,'Indicador 2',2,1,0,'2022-11-25 01:54:04','2022-11-25 01:54:04',155),(495,'Indicador 3',3,1,0,'2022-11-25 01:54:08','2022-11-25 01:54:08',155),(496,'Indicador 1',1,1,0,'2022-11-25 01:54:16','2022-11-25 01:54:16',156),(497,'Indicador 2',2,1,0,'2022-11-25 01:54:20','2022-11-25 01:54:20',156),(498,'Indicador 3',3,1,0,'2022-11-25 01:54:24','2022-11-25 01:54:24',156),(499,'Indicador 1',1,1,0,'2022-11-25 01:54:42','2022-11-25 01:54:42',157),(500,'Indicador 2',2,1,0,'2022-11-25 01:54:46','2022-11-25 01:54:46',157),(501,'Indicador 3',3,1,0,'2022-11-25 01:54:50','2022-11-25 01:54:50',157),(502,'Indicador 1',1,1,0,'2022-11-25 01:54:56','2022-11-25 01:54:56',158),(503,'Indicador 2',2,1,0,'2022-11-25 01:55:00','2022-11-25 01:55:00',158),(504,'Indicador 3',3,1,0,'2022-11-25 01:55:04','2022-11-25 01:55:04',158),(505,'Indicador 1',1,1,0,'2022-11-25 01:55:12','2022-11-25 01:55:12',159),(506,'Indicador 2',2,1,0,'2022-11-25 01:55:16','2022-11-25 01:55:16',159),(507,'Indicador 3',3,1,0,'2022-11-25 01:55:20','2022-11-25 01:55:20',159),(508,'Indicador 1',1,1,0,'2022-11-25 01:55:30','2022-11-25 01:55:30',160),(509,'Indicador 2',2,1,0,'2022-11-25 01:55:35','2022-11-25 01:55:35',160),(510,'Indicador 3',3,1,0,'2022-11-25 01:55:39','2022-11-25 01:55:39',160),(511,'Indicador 1',1,1,0,'2022-11-25 01:55:54','2022-11-25 01:55:54',161),(512,'Indicador 2',2,1,0,'2022-11-25 01:55:58','2022-11-25 01:55:58',161),(513,'Indicador 3',3,1,0,'2022-11-25 01:56:01','2022-11-25 01:56:01',161),(514,'Indicador 1',1,1,0,'2022-11-25 01:56:06','2022-11-25 01:56:06',162),(515,'Indicador 2',2,1,0,'2022-11-25 01:56:10','2022-11-25 01:56:10',162),(516,'Indicador 3',3,1,0,'2022-11-25 01:56:14','2022-11-25 01:56:14',162),(517,'Indicador 1',1,1,0,'2022-11-25 01:56:23','2022-11-25 01:56:23',163),(518,'Indicador 2',2,1,0,'2022-11-25 01:56:28','2022-11-25 01:56:28',163),(519,'Indicador 3',3,1,0,'2022-11-25 01:56:35','2022-11-25 01:56:35',163),(520,'Indicador 1',1,1,0,'2022-11-25 01:56:48','2022-11-25 01:56:48',164),(521,'Indicador 2',2,1,0,'2022-11-25 01:56:51','2022-11-25 01:56:51',164),(522,'Indicador 3',3,1,0,'2022-11-25 01:56:59','2022-11-25 01:56:59',164),(523,'Indicador 1',1,1,0,'2022-11-25 01:57:05','2022-11-25 01:57:05',165),(524,'Indicador 2',2,1,0,'2022-11-25 01:57:09','2022-11-25 01:57:09',165),(525,'Indicador 3',3,1,0,'2022-11-25 01:57:14','2022-11-25 01:57:14',165),(526,'Indicador 1',1,1,0,'2022-11-25 01:57:32','2022-11-25 01:57:32',166),(527,'Indicador 2',2,1,0,'2022-11-25 01:57:35','2022-11-25 01:57:35',166),(528,'Indicador 3',3,1,0,'2022-11-25 01:57:39','2022-11-25 01:57:39',166),(529,'Indicador 1',1,1,0,'2022-11-25 01:57:45','2022-11-25 01:57:45',167),(530,'Indicador 2',2,1,0,'2022-11-25 01:57:49','2022-11-25 01:57:49',167),(531,'Indicador 3',3,1,0,'2022-11-25 01:57:52','2022-11-25 01:57:52',167),(532,'Indicador 1',1,1,0,'2022-11-25 03:35:32','2022-11-25 03:35:32',17),(533,'Indicador 2',2,1,0,'2022-11-25 03:35:41','2022-11-25 03:35:41',17),(534,'Indicador 3',3,1,0,'2022-11-25 03:35:48','2022-11-25 03:35:48',17),(535,'Indicador 1',1,1,0,'2022-11-25 03:35:55','2022-11-25 03:35:55',18),(536,'Indicador 2',2,1,0,'2022-11-25 03:35:59','2022-11-25 03:35:59',18),(537,'Indicador 3',3,1,0,'2022-11-25 03:36:14','2022-11-25 03:36:14',18),(538,'Indicador 1',1,1,0,'2022-11-25 03:36:22','2022-11-25 03:36:22',34),(539,'Indicador 2',2,1,0,'2022-11-25 03:36:27','2022-11-25 03:36:27',34),(540,'Indicador 3',3,1,0,'2022-11-25 03:36:32','2022-11-25 03:36:32',34),(541,'Indicador 1',1,1,0,'2022-11-25 03:36:58','2022-11-25 03:36:58',35),(542,'Indicador 2',2,1,0,'2022-11-25 03:37:06','2022-11-25 03:37:06',35),(543,'Indicador 3',3,1,0,'2022-11-25 03:37:21','2022-11-25 03:37:21',35),(544,'Indicador 1',1,1,0,'2022-11-25 03:37:33','2022-11-25 03:37:33',36),(545,'Indicador 2',2,1,0,'2022-11-25 03:37:37','2022-11-25 03:37:37',36),(546,'Indicador 3',3,1,0,'2022-11-25 03:37:42','2022-11-25 03:37:42',36),(547,'Indicador 1',1,1,0,'2022-11-25 03:38:09','2022-11-25 03:38:09',52),(548,'Indicador 2',2,1,0,'2022-11-25 03:38:13','2022-11-25 03:38:13',52),(549,'Indicador 3',3,1,0,'2022-11-25 03:38:18','2022-11-25 03:38:18',52),(550,'Indicador 1',1,1,0,'2022-11-25 03:38:24','2022-11-25 03:38:24',53),(551,'Indicador 2',2,1,0,'2022-11-25 03:38:29','2022-11-25 03:38:29',53),(552,'Indicador 3',3,1,0,'2022-11-25 03:38:37','2022-11-25 03:38:37',53),(553,'Indicador 1',1,1,0,'2022-11-25 03:38:45','2022-11-25 03:38:45',54),(554,'Indicador 2',2,1,0,'2022-11-25 03:38:51','2022-11-25 03:38:51',54),(555,'Indicador 3',3,1,0,'2022-11-25 03:38:55','2022-11-25 03:38:55',54),(556,'Indicador 1',1,1,0,'2022-11-25 03:39:10','2022-11-25 03:39:10',70),(557,'Indicador 2',2,1,0,'2022-11-25 03:39:14','2022-11-25 03:39:14',70),(558,'Indicador 3',3,1,0,'2022-11-25 03:39:18','2022-11-25 03:39:18',70),(559,'Indicador 1',1,1,0,'2022-11-25 03:39:24','2022-11-25 03:39:24',71),(560,'Indicador 2',2,1,0,'2022-11-25 03:39:28','2022-11-25 03:39:28',71),(561,'Indicador 3',3,1,0,'2022-11-25 03:39:32','2022-11-25 03:39:32',71),(562,'Indicador 1',1,1,0,'2022-11-25 03:39:37','2022-11-25 03:39:37',72),(563,'Indicador 2',2,1,0,'2022-11-25 03:39:41','2022-11-25 03:39:41',72),(564,'Indicador 3',3,1,0,'2022-11-25 03:39:45','2022-11-25 03:39:45',72),(565,'Indicador 1',1,1,0,'2022-11-25 03:40:12','2022-11-25 03:40:12',168),(566,'Indicador 2',2,1,0,'2022-11-25 03:40:29','2022-11-25 03:40:29',168),(567,'Indicador 3',3,1,0,'2022-11-25 03:40:33','2022-11-25 03:40:33',168),(568,'Indicador 1',1,1,0,'2022-11-25 03:40:38','2022-11-25 03:40:38',169),(569,'Indicador 2',2,1,0,'2022-11-25 03:40:42','2022-11-25 03:40:42',169),(570,'Indicador 3',3,1,0,'2022-11-25 03:40:46','2022-11-25 03:40:46',169),(571,'Indicador 1',1,1,0,'2022-11-25 03:40:56','2022-11-25 03:40:56',170),(572,'Indicador 2',2,1,0,'2022-11-25 03:41:00','2022-11-25 03:41:00',170),(573,'Indicador 3',3,1,0,'2022-11-25 03:41:04','2022-11-25 03:41:04',170),(574,'Indicador 1',1,1,0,'2022-11-25 03:41:09','2022-11-25 03:41:09',171),(575,'Indicador 2',2,1,0,'2022-11-25 03:41:13','2022-11-25 03:41:13',171),(576,'Indicador 3',3,1,0,'2022-11-25 03:41:17','2022-11-25 03:41:17',171),(577,'Indicador 1',1,1,0,'2022-11-25 03:41:24','2022-11-25 03:41:24',172),(578,'Indicador 2',2,1,0,'2022-11-25 03:41:28','2022-11-25 03:41:28',172),(579,'Indicador 3',3,1,0,'2022-11-25 03:41:32','2022-11-25 03:41:32',172),(580,'Indicador 1',1,1,0,'2022-11-25 03:41:47','2022-11-25 03:41:47',173),(581,'Indicador 2',2,1,0,'2022-11-25 03:41:51','2022-11-25 03:41:51',173),(582,'Indicador 3',3,1,0,'2022-11-25 03:41:55','2022-11-25 03:41:55',173),(583,'Indicador 1',1,1,0,'2022-11-25 03:42:03','2022-11-25 03:42:03',174),(584,'Indicador 2',2,1,0,'2022-11-25 03:42:07','2022-11-25 03:42:07',174),(585,'Indicador 3',3,1,0,'2022-11-25 03:42:12','2022-11-25 03:42:12',174),(586,'Indicador 1',1,1,0,'2022-11-25 03:42:19','2022-11-25 03:42:19',175),(587,'Indicador 2',2,1,0,'2022-11-25 03:42:24','2022-11-25 03:42:24',175),(588,'Indicador 3',3,1,0,'2022-11-25 03:42:28','2022-11-25 03:42:28',175),(589,'Indicador 1',1,1,0,'2022-11-25 03:42:46','2022-11-25 03:42:56',176),(590,'Indicador 2',2,1,0,'2022-11-25 03:42:51','2022-11-25 03:43:00',176),(591,'Indicador 3',3,1,0,'2022-11-25 03:43:07','2022-11-25 03:43:07',176),(592,'Indicador 1',1,1,0,'2022-11-25 03:43:14','2022-11-25 03:43:14',177),(593,'Indicador 2',2,1,0,'2022-11-25 03:43:18','2022-11-25 03:43:18',177),(594,'Indicador 3',3,1,0,'2022-11-25 03:43:22','2022-11-25 03:43:22',177),(595,'Indicador 1',1,1,0,'2022-11-25 03:44:12','2022-11-25 03:44:12',178),(596,'Indicador 2',2,1,0,'2022-11-25 03:44:16','2022-11-25 03:44:16',178),(597,'Indicador 3',3,1,0,'2022-11-25 03:44:21','2022-11-25 03:44:21',178),(598,'Indicador 1',1,1,0,'2022-11-25 03:44:33','2022-11-25 03:44:33',179),(599,'Indicador 2',2,1,0,'2022-11-25 03:44:37','2022-11-25 03:44:37',179),(600,'Indicador 3',3,1,0,'2022-11-25 03:44:41','2022-11-25 03:44:41',179),(601,'Indicador 1',1,1,0,'2022-11-25 03:44:57','2022-11-25 03:44:57',180),(602,'Indicador 2',2,1,0,'2022-11-25 03:45:00','2022-11-25 03:45:00',180),(603,'Indicador 3',3,1,0,'2022-11-25 03:45:05','2022-11-25 03:45:05',180),(604,'Indicador 1',1,1,0,'2022-11-25 03:45:11','2022-11-25 03:45:11',181),(605,'Indicador 2',2,1,0,'2022-11-25 03:45:16','2022-11-25 03:45:16',181),(606,'Indicador 3',3,1,0,'2022-11-25 03:45:35','2022-11-25 03:45:35',181),(607,'Indicador 1',1,1,0,'2022-11-25 03:45:46','2022-11-25 03:45:46',182),(608,'Indicador 2',2,1,0,'2022-11-25 03:45:50','2022-11-25 03:45:50',182),(609,'Indicador 3',3,1,0,'2022-11-25 03:45:55','2022-11-25 03:45:55',182),(610,'Indicador 1',1,1,0,'2022-11-25 03:47:20','2022-11-25 03:47:20',183),(611,'Indicador 2',2,1,0,'2022-11-25 03:47:24','2022-11-25 03:47:24',183),(612,'Indicador 3',3,1,0,'2022-11-25 03:47:28','2022-11-25 03:47:28',183),(613,'Indicador 1',1,1,0,'2022-11-25 03:47:38','2022-11-25 03:47:38',184),(614,'Indicador 2',2,1,0,'2022-11-25 03:47:43','2022-11-25 03:47:43',184),(615,'Indicador 3',3,1,0,'2022-11-25 03:47:47','2022-11-25 03:47:47',184),(616,'Indicador 1',1,1,0,'2022-11-25 03:47:57','2022-11-25 03:47:57',185),(617,'Indicador 2',2,1,0,'2022-11-25 03:48:01','2022-11-25 03:48:01',185),(618,'Indicador 3',3,1,0,'2022-11-25 03:48:05','2022-11-25 03:48:05',185),(619,'Indicador 1',1,1,0,'2022-11-25 03:48:10','2022-11-25 03:48:10',186),(620,'Indicador 2',2,1,0,'2022-11-25 03:48:14','2022-11-25 03:48:14',186),(621,'Indicador 3',3,1,0,'2022-11-25 03:48:18','2022-11-25 03:48:18',186),(622,'Indicador 1',1,1,0,'2022-11-25 03:50:56','2022-11-25 03:50:56',187),(623,'Indicador 2',2,1,0,'2022-11-25 03:51:00','2022-11-25 03:51:00',187),(624,'Indicador 3',3,1,0,'2022-11-25 03:51:04','2022-11-25 03:51:04',187),(625,'Indicador 1',1,1,0,'2022-11-25 03:51:11','2022-11-25 03:51:11',188),(626,'Indicador 2',2,1,0,'2022-11-25 03:51:15','2022-11-25 03:51:15',188),(627,'Indicador 3',3,1,0,'2022-11-25 03:51:20','2022-11-25 03:51:20',188),(628,'Indicador 1',1,1,0,'2022-11-25 03:51:35','2022-11-25 03:51:35',189),(629,'Indicador 2',2,1,0,'2022-11-25 03:51:38','2022-11-25 03:51:38',189),(630,'Indicador 3',3,1,0,'2022-11-25 03:51:42','2022-11-25 03:51:42',189),(631,'Indicador 1',1,1,0,'2022-11-25 03:51:48','2022-11-25 03:51:48',190),(632,'Indicador 2',2,1,0,'2022-11-25 03:51:52','2022-11-25 03:51:52',190),(633,'Indicador 3',3,1,0,'2022-11-25 03:51:56','2022-11-25 03:51:56',190),(634,'Indicador 1',1,1,0,'2022-11-25 03:52:02','2022-11-25 03:52:02',191),(635,'Indicador 2',2,1,0,'2022-11-25 03:52:07','2022-11-25 03:52:07',191),(636,'Indicador 3',3,1,0,'2022-11-25 03:52:11','2022-11-25 03:52:11',191),(637,'Indicador 1',1,1,0,'2022-11-25 03:52:24','2022-11-25 03:52:24',192),(638,'Indicador 2',2,1,0,'2022-11-25 03:52:28','2022-11-25 03:52:28',192),(639,'Indicador 3',3,1,0,'2022-11-25 03:52:32','2022-11-25 03:52:32',192),(640,'Indicador 1',1,1,0,'2022-11-25 03:52:43','2022-11-25 03:52:43',193),(641,'Indicador 2',2,1,0,'2022-11-25 03:52:48','2022-11-25 03:52:48',193),(642,'Indicador 3',3,1,0,'2022-11-25 03:52:56','2022-11-25 03:52:56',193),(643,'Indicador 1',1,1,0,'2022-11-25 03:53:04','2022-11-25 03:53:04',195),(644,'Indicador 2',2,1,0,'2022-11-25 03:53:07','2022-11-25 03:53:07',195),(645,'Indicador 3',3,1,0,'2022-11-25 03:53:11','2022-11-25 03:53:11',195),(646,'Indicador 1',1,1,0,'2022-11-25 03:53:19','2022-11-25 03:53:19',194),(647,'Indicador 2',2,1,0,'2022-11-25 03:53:23','2022-11-25 03:53:23',194),(648,'Indicador 3',3,1,0,'2022-11-25 03:53:27','2022-11-25 03:53:27',194),(649,'Indicador 1',1,1,0,'2022-11-25 03:54:19','2022-11-25 03:54:19',196),(650,'Indicador 2',2,1,0,'2022-11-25 03:54:24','2022-11-25 03:54:24',196),(651,'Indicador 3',3,1,0,'2022-11-25 03:54:28','2022-11-25 03:54:28',196),(652,'Indicador 1',1,1,0,'2022-11-25 03:54:34','2022-11-25 03:54:34',197),(653,'Indicador 2',2,1,0,'2022-11-25 03:54:38','2022-11-25 03:54:38',197),(654,'Indicador 3',3,1,0,'2022-11-25 03:54:42','2022-11-25 03:54:42',197),(655,'Indicador 1',1,1,0,'2022-11-25 03:54:49','2022-11-25 03:54:49',198),(656,'Indicador 2',2,1,0,'2022-11-25 03:54:53','2022-11-25 03:54:53',198),(657,'Indicador 3',3,1,0,'2022-11-25 03:54:57','2022-11-25 03:54:57',198),(658,'Indicador 1',1,1,0,'2022-11-25 03:55:11','2022-11-25 03:55:11',199),(659,'Indicador 2',2,1,0,'2022-11-25 03:55:14','2022-11-25 03:55:14',199),(660,'Indicador 3',3,1,0,'2022-11-25 03:55:19','2022-11-25 03:55:19',199),(661,'Indicador 1',1,1,0,'2022-11-25 03:55:25','2022-11-25 03:55:25',200),(662,'Indicador 2',2,1,0,'2022-11-25 03:55:29','2022-11-25 03:55:29',200),(663,'Indicador 3',3,1,0,'2022-11-25 03:55:33','2022-11-25 03:55:33',200),(664,'Indicador 1',1,1,0,'2022-11-25 03:55:49','2022-11-25 03:55:49',201),(665,'Indicador 2',2,1,0,'2022-11-25 03:55:53','2022-11-25 03:55:53',201),(666,'Indicador 3',3,1,0,'2022-11-25 03:55:57','2022-11-25 03:55:57',201),(667,'Indicador 1',1,1,0,'2022-11-25 03:56:03','2022-11-25 03:56:03',202),(668,'Indicador 2',2,1,0,'2022-11-25 03:56:06','2022-11-25 03:56:06',202),(669,'Indicador 3',3,1,0,'2022-11-25 03:56:10','2022-11-25 03:56:10',202),(670,'Indicador 1',1,1,0,'2022-11-25 03:56:17','2022-11-25 03:56:17',203),(671,'Indicador 2',2,1,0,'2022-11-25 03:56:21','2022-11-25 03:56:21',203),(672,'Indicador 3',3,1,0,'2022-11-25 03:56:28','2022-11-25 03:56:28',203),(673,'Indicador 1',1,1,0,'2022-11-25 03:56:44','2022-11-25 03:56:44',204),(674,'Indicador 2',2,1,0,'2022-11-25 03:56:47','2022-11-25 03:56:47',204),(675,'Indicador 3',3,1,0,'2022-11-25 03:56:52','2022-11-25 03:56:52',204),(676,'Indicador 1',1,1,0,'2022-11-25 03:56:58','2022-11-25 03:56:58',205),(677,'Indicador 2',2,1,0,'2022-11-25 03:57:02','2022-11-25 03:57:02',205),(678,'Indicador 3',3,1,0,'2022-11-25 03:57:18','2022-11-25 03:57:18',205),(679,'Indicador 1',1,1,0,'2022-11-25 03:59:21','2022-11-25 03:59:21',206),(680,'Indicador 2',2,1,0,'2022-11-25 03:59:25','2022-11-25 03:59:25',206),(681,'Indicador 3',3,1,0,'2022-11-25 03:59:29','2022-11-25 03:59:29',206),(682,'Indicador 1',1,1,0,'2022-11-25 03:59:45','2022-11-25 03:59:45',207),(683,'Indicador 2',2,1,0,'2022-11-25 03:59:49','2022-11-25 03:59:49',207),(684,'Indicador 3',3,1,0,'2022-11-25 03:59:53','2022-11-25 03:59:53',207),(685,'Indicador 1',1,1,0,'2022-11-25 04:00:08','2022-11-25 04:00:08',208),(686,'Indicador 2',2,1,0,'2022-11-25 04:00:18','2022-11-25 04:00:18',208),(687,'Indicador 3',3,1,0,'2022-11-25 04:00:23','2022-11-25 04:00:23',208),(688,'Indicador 1',1,1,0,'2022-11-25 04:00:37','2022-11-25 04:00:37',209),(689,'Indicador 2',2,1,0,'2022-11-25 04:00:40','2022-11-25 04:00:40',209),(690,'Indicador 3',3,1,0,'2022-11-25 04:00:44','2022-11-25 04:00:44',209),(691,'Indicador 1',1,1,0,'2022-11-25 04:01:12','2022-11-25 04:01:12',210),(692,'Indicador 2',2,1,0,'2022-11-25 04:01:16','2022-11-25 04:01:16',210),(693,'Indicador 3',3,1,0,'2022-11-25 04:01:19','2022-11-25 04:01:19',210),(694,'Indicador 1',1,1,0,'2022-11-25 04:01:32','2022-11-25 04:01:32',211),(695,'Indicador 2',2,1,0,'2022-11-25 04:01:40','2022-11-25 04:01:40',211),(696,'Indicador 3',3,1,0,'2022-11-25 04:01:44','2022-11-25 04:01:44',211),(697,'Indicador 1',1,1,0,'2022-11-25 04:01:57','2022-11-25 04:01:57',212),(698,'Indicador 2',2,1,0,'2022-11-25 04:02:00','2022-11-25 04:02:00',212),(699,'Indicador 3',3,1,0,'2022-11-25 04:02:04','2022-11-25 04:02:04',212),(700,'Indicador 1',1,1,0,'2022-11-25 04:02:21','2022-11-25 04:02:21',213),(701,'Indicador 2',2,1,0,'2022-11-25 04:02:25','2022-11-25 04:02:25',213),(702,'Indicador 3',3,1,0,'2022-11-25 04:02:29','2022-11-25 04:02:29',213),(703,'Indicador 1',1,1,0,'2022-11-25 04:02:45','2022-11-25 04:02:45',214),(704,'Indicador 2',2,1,0,'2022-11-25 04:02:48','2022-11-25 04:02:48',214),(705,'Indicador 3',3,1,0,'2022-11-25 04:02:52','2022-11-25 04:02:52',214),(706,'Indicador 1',1,1,0,'2022-11-25 04:02:57','2022-11-25 04:02:57',215),(707,'Indicador 2',2,1,0,'2022-11-25 04:03:01','2022-11-25 04:03:01',215),(708,'Indicador 3',3,1,0,'2022-11-25 04:03:05','2022-11-25 04:03:05',215),(709,'Indicador 1',1,1,0,'2022-11-25 04:05:11','2022-11-25 04:05:11',218),(710,'Indicador 2',2,1,0,'2022-11-25 04:05:15','2022-11-25 04:05:15',218),(711,'Indicador 3',3,1,0,'2022-11-25 04:05:22','2022-11-25 04:05:22',218),(712,'Indicador 1',1,1,0,'2022-11-25 04:05:28','2022-11-25 04:05:28',219),(713,'Indicador 2',2,1,0,'2022-11-25 04:05:32','2022-11-25 04:05:32',219),(714,'Indicador 3',3,1,0,'2022-11-25 04:05:36','2022-11-25 04:05:36',219),(715,'Indicador 1',1,1,0,'2022-11-25 04:05:48','2022-11-25 04:06:02',220),(716,'Indicador 2',2,1,0,'2022-11-25 04:05:52','2022-11-25 04:05:52',220),(717,'Indicador 3',3,1,0,'2022-11-25 04:05:56','2022-11-25 04:05:56',220),(718,'Indicador 1',1,1,0,'2022-11-25 04:06:09','2022-11-25 04:06:09',221),(719,'Indicador 2',2,1,0,'2022-11-25 04:06:12','2022-11-25 04:06:12',221),(720,'Indicador 3',3,1,0,'2022-11-25 04:06:18','2022-11-25 04:06:18',221),(721,'Indicador 1',1,1,0,'2022-11-25 04:06:26','2022-11-25 04:06:26',222),(722,'Indicador 2',2,1,0,'2022-11-25 04:06:30','2022-11-25 04:06:30',222),(723,'Indicador 3',3,1,0,'2022-11-25 04:06:34','2022-11-25 04:06:34',222),(724,'Indicador 1',1,1,0,'2022-11-25 04:06:47','2022-11-25 04:06:47',223),(725,'Indicador 2',2,1,0,'2022-11-25 04:06:51','2022-11-25 04:06:51',223),(726,'Indicador 3',3,1,0,'2022-11-25 04:06:54','2022-11-25 04:06:54',223),(727,'Indicador 1',1,1,0,'2022-11-25 04:07:04','2022-11-25 04:07:04',224),(728,'Indicador 2',2,1,0,'2022-11-25 04:07:08','2022-11-25 04:07:08',224),(729,'Indicador 3',3,1,0,'2022-11-25 04:07:12','2022-11-25 04:07:12',224),(730,'Indicador 1',1,1,0,'2022-11-25 04:08:18','2022-11-25 04:08:18',225),(731,'Indicador 2',2,1,0,'2022-11-25 04:08:22','2022-11-25 04:08:22',225),(732,'Indicador 3',3,1,0,'2022-11-25 04:08:26','2022-11-25 04:08:26',225),(733,'Indicador 1',1,1,0,'2022-11-25 04:08:36','2022-11-25 04:08:36',226),(734,'Indicador 2',2,1,0,'2022-11-25 04:08:45','2022-11-25 04:08:45',226),(735,'Indicador 3',3,1,0,'2022-11-25 04:08:48','2022-11-25 04:08:48',226),(736,'Indicador 1',1,1,0,'2022-11-25 04:09:03','2022-11-25 04:09:03',227),(737,'Indicador 2',2,1,0,'2022-11-25 04:09:07','2022-11-25 04:09:07',227),(738,'Indicador 3',3,1,0,'2022-11-25 04:09:10','2022-11-25 04:09:10',227),(739,'Indicador 1',1,1,0,'2022-11-25 04:09:15','2022-11-25 04:09:15',228),(740,'Indicador 2',2,1,0,'2022-11-25 04:09:21','2022-11-25 04:09:21',228),(741,'Indicador 3',3,1,0,'2022-11-25 04:09:24','2022-11-25 04:09:24',228),(742,'Indicador 1',1,1,0,'2022-11-25 04:09:31','2022-11-25 04:09:31',229),(743,'Indicador 2',2,1,0,'2022-11-25 04:09:35','2022-11-25 04:09:35',229),(744,'Indicador 3',3,1,0,'2022-11-25 04:09:39','2022-11-25 04:09:39',229),(745,'Indicador 1',1,1,0,'2022-11-25 04:09:55','2022-11-25 04:09:55',230),(746,'Indicador 2',2,1,0,'2022-11-25 04:09:58','2022-11-25 04:09:58',230),(747,'Indicador 3',3,1,0,'2022-11-25 04:10:02','2022-11-25 04:10:02',230),(748,'Indicador 1',1,1,0,'2022-11-25 04:10:08','2022-11-25 04:10:08',231),(749,'Indicador 2',2,1,0,'2022-11-25 04:10:11','2022-11-25 04:10:11',231),(750,'Indicador 3',3,1,0,'2022-11-25 04:10:15','2022-11-25 04:10:15',231),(751,'Indicador 1',1,1,0,'2022-11-25 04:10:29','2022-11-25 04:10:29',232),(752,'Indicador 2',2,1,0,'2022-11-25 04:10:34','2022-11-25 04:10:34',232),(753,'Indicador 3',3,1,0,'2022-11-25 04:10:37','2022-11-25 04:10:37',232),(754,'Indicador 1',1,1,0,'2022-11-25 04:10:43','2022-11-25 04:10:43',233),(755,'Indicador 2',2,1,0,'2022-11-25 04:10:47','2022-11-25 04:10:47',233),(756,'Indicador 3',3,1,0,'2022-11-25 04:10:51','2022-11-25 04:10:51',233),(757,'Indicador 1',1,1,0,'2022-11-25 04:11:04','2022-11-25 04:11:04',234),(758,'Indicador 2',2,1,0,'2022-11-25 04:11:08','2022-11-25 04:11:08',234),(759,'Indicador 3',3,1,0,'2022-11-25 04:11:12','2022-11-25 04:11:12',234),(760,'Indicador 1',1,1,0,'2022-11-25 04:11:26','2022-11-25 04:11:26',235),(761,'Indicador 2',2,1,0,'2022-11-25 04:11:30','2022-11-25 04:11:30',235),(762,'Indicador 3',3,1,0,'2022-11-25 04:11:34','2022-11-25 04:11:34',235),(763,'Indicador 1',1,1,0,'2022-11-25 04:11:41','2022-11-25 04:11:41',236),(764,'Indicador 2',2,1,0,'2022-11-25 04:11:45','2022-11-25 04:11:45',236),(765,'Indicador 3',3,1,0,'2022-11-25 04:11:49','2022-11-25 04:11:49',236),(766,'Indicador 1',1,1,0,'2022-11-25 04:12:01','2022-11-25 04:12:01',237),(767,'Indicador 2',2,1,0,'2022-11-25 04:12:05','2022-11-25 04:12:05',237),(768,'Indicador 3',3,1,0,'2022-11-25 04:12:09','2022-11-25 04:12:09',237),(769,'Indicador 1',1,1,0,'2022-11-25 04:12:28','2022-11-25 04:12:28',238),(770,'Indicador 2',2,1,0,'2022-11-25 04:12:32','2022-11-25 04:12:32',238),(771,'Indicador 3',3,1,0,'2022-11-25 04:12:35','2022-11-25 04:12:35',238),(772,'Indicador 1',1,1,0,'2022-11-25 04:12:41','2022-11-25 04:12:41',239),(773,'Indicador 2',2,1,0,'2022-11-25 04:12:45','2022-11-25 04:12:45',239),(774,'Indicador 3',3,1,0,'2022-11-25 04:12:49','2022-11-25 04:12:49',239),(775,'Indicador 1',1,1,0,'2022-11-25 04:12:56','2022-11-25 04:12:56',240),(776,'Indicador 2',2,1,0,'2022-11-25 04:13:00','2022-11-25 04:13:00',240),(777,'Indicador 3',3,1,0,'2022-11-25 04:13:03','2022-11-25 04:13:03',240),(778,'Indicador 1',1,1,0,'2022-11-25 04:13:10','2022-11-25 04:13:10',241),(779,'Indicador 2',2,1,0,'2022-11-25 04:13:14','2022-11-25 04:13:14',241),(780,'Indicador 3',3,1,0,'2022-11-25 04:13:18','2022-11-25 04:13:18',241),(781,'Indicador 1',1,1,0,'2022-11-25 04:13:34','2022-11-25 04:13:34',242),(782,'Indicador 2',2,1,0,'2022-11-25 04:13:38','2022-11-25 04:13:38',242),(783,'Indicador 3',3,1,0,'2022-11-25 04:13:41','2022-11-25 04:13:41',242),(784,'Indicador 1',1,1,0,'2022-11-25 04:13:48','2022-11-25 04:13:48',243),(785,'Indicador 2',2,1,0,'2022-11-25 04:13:52','2022-11-25 04:13:52',243),(786,'Indicador 3',3,1,0,'2022-11-25 04:13:56','2022-11-25 04:13:56',243),(787,'Indicador 1',1,1,0,'2022-11-25 04:14:02','2022-11-25 04:14:02',244),(788,'Indicador 2',2,1,0,'2022-11-25 04:14:07','2022-11-25 04:14:07',244),(789,'Indicador 3',3,1,0,'2022-11-25 04:14:10','2022-11-25 04:14:10',244),(790,'Indicador 1',1,1,0,'2022-11-25 04:14:24','2022-11-25 04:14:24',245),(791,'Indicador 2',2,1,0,'2022-11-25 04:14:28','2022-11-25 04:14:28',245),(792,'Indicador 3',3,1,0,'2022-11-25 04:14:32','2022-11-25 04:14:32',245),(793,'Indicador 1',1,1,0,'2022-11-25 04:14:38','2022-11-25 04:14:38',246),(794,'Indicador 2',2,1,0,'2022-11-25 04:14:43','2022-11-25 04:14:43',246),(795,'Indicador 3',3,1,0,'2022-11-25 04:14:47','2022-11-25 04:14:47',246),(796,'Indicador 1',1,1,0,'2022-11-25 04:14:58','2022-11-25 04:14:58',247),(797,'Indicador 2',2,1,0,'2022-11-25 04:15:02','2022-11-25 04:15:02',247),(798,'Indicador 3',3,1,0,'2022-11-25 04:15:05','2022-11-25 04:15:05',247),(799,'Indicador 1',1,1,0,'2022-11-25 04:15:13','2022-11-25 04:15:13',248),(800,'Indicador 2',2,1,0,'2022-11-25 04:15:18','2022-11-25 04:15:18',248),(801,'Indicador 3',3,1,0,'2022-11-25 04:15:22','2022-11-25 04:15:22',248),(802,'Indicador 1',1,1,0,'2022-11-25 04:15:44','2022-11-25 04:15:44',249),(803,'Indicador 2',2,1,0,'2022-11-25 04:15:48','2022-11-25 04:15:48',249),(804,'Indicador 3',3,1,0,'2022-11-25 04:15:51','2022-11-25 04:15:51',249),(805,'Indicador 1',1,1,0,'2022-11-25 04:15:56','2022-11-25 04:15:56',250),(806,'Indicador 2',2,1,0,'2022-11-25 04:16:00','2022-11-25 04:16:00',250),(807,'Indicador 3',3,1,0,'2022-11-25 04:16:03','2022-11-25 04:16:03',250),(808,'Indicador 1',1,1,0,'2022-11-25 04:16:18','2022-11-25 04:16:18',251),(809,'Indicador 2',2,1,0,'2022-11-25 04:16:22','2022-11-25 04:16:22',251),(810,'Indicador 3',3,1,0,'2022-11-25 04:16:27','2022-11-25 04:16:27',251),(811,'Indicador 1',1,1,0,'2022-11-25 04:16:32','2022-11-25 04:16:32',252),(812,'Indicador 2',2,1,0,'2022-11-25 04:16:36','2022-11-25 04:16:36',252),(813,'Indicador 3',3,1,0,'2022-11-25 04:16:40','2022-11-25 04:16:40',252),(814,'Indicador 1',1,1,0,'2022-11-25 04:16:47','2022-11-25 04:16:47',253),(815,'Indicador 2',2,1,0,'2022-11-25 04:16:50','2022-11-25 04:16:50',253),(816,'Indicador 3',3,1,0,'2022-11-25 04:16:54','2022-11-25 04:16:54',253),(817,'Indicador 1',1,1,0,'2022-11-25 04:17:09','2022-11-25 04:17:09',254),(818,'Indicador 2',2,1,0,'2022-11-25 04:17:13','2022-11-25 04:17:13',254),(819,'Indicador 3',3,1,0,'2022-11-25 04:17:17','2022-11-25 04:17:17',254),(820,'Indicador 1',1,1,0,'2022-11-25 04:17:26','2022-11-25 04:17:26',255),(821,'Indicador 2',2,1,0,'2022-11-25 04:17:29','2022-11-25 04:17:29',255),(822,'Indicador 3',3,1,0,'2022-11-25 04:17:33','2022-11-25 04:17:33',255),(823,'Indicador 1',1,1,0,'2022-11-25 04:17:39','2022-11-25 04:17:39',256),(824,'Indicador 2',2,1,0,'2022-11-25 04:17:43','2022-11-25 04:17:43',256),(825,'Indicador 3',3,1,0,'2022-11-25 04:17:47','2022-11-25 04:17:47',256),(826,'Indicador 1',1,1,0,'2022-11-25 04:17:55','2022-11-25 04:17:55',257),(827,'Indicador 2',2,1,0,'2022-11-25 04:18:03','2022-11-25 04:18:03',257),(828,'Indicador 3',3,1,0,'2022-11-25 04:18:07','2022-11-25 04:18:07',257),(829,'Indicador 1',1,1,0,'2022-11-25 04:18:40','2022-11-25 04:18:40',258),(830,'Indicador 2',2,1,0,'2022-11-25 04:20:31','2022-11-25 04:20:31',258),(831,'Indicador 3',3,1,0,'2022-11-25 04:20:38','2022-11-25 04:20:38',258),(832,'Indicador 1',1,1,0,'2022-11-25 04:20:48','2022-11-25 04:20:48',259),(833,'Indicador 2',2,1,0,'2022-11-25 04:20:52','2022-11-25 04:20:52',259),(834,'Indicador 3',3,1,0,'2022-11-25 04:20:58','2022-11-25 04:20:58',259),(835,'Indicador 1',1,1,0,'2022-11-25 04:21:08','2022-11-25 04:21:08',260),(836,'Indicador 2',2,1,0,'2022-11-25 04:21:13','2022-11-25 04:21:13',260),(837,'Indicador 3',3,1,0,'2022-11-25 04:21:26','2022-11-25 04:21:26',260),(838,'Indicador 1',1,1,0,'2022-11-25 04:21:51','2022-11-25 04:21:51',261),(839,'Indicador 2',2,1,0,'2022-11-25 04:21:54','2022-11-25 04:21:54',261),(840,'Indicador 3',3,1,0,'2022-11-25 04:21:59','2022-11-25 04:21:59',261),(841,'Indicador 1',1,1,0,'2022-11-25 04:22:08','2022-11-25 04:22:08',262),(842,'Indicador 2',2,1,0,'2022-11-25 04:22:12','2022-11-25 04:22:12',262),(843,'Indicador 3',3,1,0,'2022-11-25 04:22:17','2022-11-25 04:22:17',262),(844,'Indicador 1',1,1,0,'2022-11-25 04:22:29','2022-11-25 04:22:29',263),(845,'Indicador 2',2,1,0,'2022-11-25 04:22:33','2022-11-25 04:22:33',263),(846,'Indicador 3',3,1,0,'2022-11-25 04:22:41','2022-11-25 04:22:41',263),(847,'Indicador 1',1,1,0,'2022-11-25 04:22:52','2022-11-25 04:22:52',264),(848,'Indicador 2',2,1,0,'2022-11-25 04:22:56','2022-11-25 04:22:56',264),(849,'Indicador 3',3,1,0,'2022-11-25 04:23:00','2022-11-25 04:23:00',264),(850,'Indicador 1',1,1,0,'2022-11-25 04:23:12','2022-11-25 04:23:12',265),(851,'Indicador 2',2,1,0,'2022-11-25 04:23:17','2022-11-25 04:23:17',265),(852,'Indicador 3',3,1,0,'2022-11-25 04:23:21','2022-11-25 04:23:21',265),(853,'Indicador 1',1,1,0,'2022-11-25 04:23:36','2022-11-25 04:23:36',266),(854,'Indicador 2',2,1,0,'2022-11-25 04:23:40','2022-11-25 04:23:40',266),(855,'Indicador 3',3,1,0,'2022-11-25 04:23:44','2022-11-25 04:23:44',266),(856,'Indicador 1',1,1,0,'2022-11-25 04:23:49','2022-11-25 04:23:49',267),(857,'Indicador 2',2,1,0,'2022-11-25 04:23:52','2022-11-25 04:23:52',267),(858,'Indicador 3',3,1,0,'2022-11-25 04:23:56','2022-11-25 04:23:56',267),(859,'Indicador 1',1,1,0,'2022-11-25 04:24:04','2022-11-25 04:24:04',268),(860,'Indicador 2',2,1,0,'2022-11-25 04:24:08','2022-11-25 04:24:08',268),(861,'Indicador 3',3,1,0,'2022-11-25 04:24:12','2022-11-25 04:24:12',268),(862,'Indicador 1',1,1,0,'2022-11-25 04:25:22','2022-11-25 04:25:22',269),(863,'Indicador 2',2,1,0,'2022-11-25 04:25:27','2022-11-25 04:25:27',269),(864,'Indicador 3',3,1,0,'2022-11-25 04:25:30','2022-11-25 04:25:30',269),(865,'Indicador 1',1,1,0,'2022-11-25 04:25:37','2022-11-25 04:25:37',270),(866,'Indicador 2',2,1,0,'2022-11-25 04:25:41','2022-11-25 04:25:41',270),(867,'Indicador 3',3,1,0,'2022-11-25 04:25:45','2022-11-25 04:25:45',270),(868,'Indicador 1',1,1,0,'2022-11-25 04:25:59','2022-11-25 04:25:59',271),(869,'Indicador 2',2,1,0,'2022-11-25 04:26:04','2022-11-25 04:26:04',271),(870,'Indicador 3',3,1,0,'2022-11-25 04:26:08','2022-11-25 04:26:08',271),(871,'Indicador 1',1,1,0,'2022-11-25 04:26:19','2022-11-25 04:26:19',272),(872,'Indicador 2',2,1,0,'2022-11-25 04:26:23','2022-11-25 04:26:23',272),(873,'Indicador 3',3,1,0,'2022-11-25 04:26:27','2022-11-25 04:26:27',272),(874,'Indicador 1',1,1,0,'2022-11-25 04:26:46','2022-11-25 04:26:46',273),(875,'Indicador 2',2,1,0,'2022-11-25 04:26:51','2022-11-25 04:26:51',273),(876,'Indicador 3',3,1,0,'2022-11-25 04:26:55','2022-11-25 04:26:55',273),(877,'Indicador 1',1,1,0,'2022-11-25 04:27:02','2022-11-25 04:27:02',274),(878,'Indicador 2',2,1,0,'2022-11-25 04:27:05','2022-11-25 04:27:05',274),(879,'Indicador 3',3,1,0,'2022-11-25 04:27:09','2022-11-25 04:27:09',274),(880,'Indicador 1',1,1,0,'2022-11-25 04:27:23','2022-11-25 04:27:23',275),(881,'Indicador 2',2,1,0,'2022-11-25 04:27:27','2022-11-25 04:27:27',275),(882,'Indicador 3',3,1,0,'2022-11-25 04:27:30','2022-11-25 04:27:30',275),(883,'Indicador 1',1,1,0,'2022-11-25 04:36:43','2022-11-25 04:36:43',276),(884,'Indicador 2',2,1,0,'2022-11-25 04:36:48','2022-11-25 04:36:48',276),(885,'Indicador 3',3,1,0,'2022-11-25 04:36:52','2022-11-25 04:36:52',276),(886,'Indicador 1',1,1,0,'2022-11-25 04:36:59','2022-11-25 04:36:59',277),(887,'Indicador 2',2,1,0,'2022-11-25 04:37:04','2022-11-25 04:37:04',277),(888,'Indicador 3',3,1,0,'2022-11-25 04:37:10','2022-11-25 04:37:10',277),(889,'Indicador 1',1,1,0,'2022-11-25 04:37:23','2022-11-25 04:37:23',278),(890,'Indicador 2',2,1,0,'2022-11-25 04:37:30','2022-11-25 04:37:30',278),(891,'Indicador 3',3,1,0,'2022-11-25 04:37:35','2022-11-25 04:37:35',278),(892,'Indicador 1',1,1,0,'2022-11-25 04:37:46','2022-11-25 04:37:46',279),(893,'Indicador 2',2,1,0,'2022-11-25 04:37:50','2022-11-25 04:37:50',279),(894,'Indicador 3',3,1,0,'2022-11-25 04:37:57','2022-11-25 04:37:57',279),(895,'Indicador 1',1,1,0,'2022-11-25 04:39:36','2022-11-25 04:39:36',280),(896,'Indicador 2',2,1,0,'2022-11-25 04:39:41','2022-11-25 04:39:41',280),(897,'Indicador 3',3,1,0,'2022-11-25 04:39:45','2022-11-25 04:39:45',280),(898,'Indicador 1',1,1,0,'2022-11-25 04:39:51','2022-11-25 04:39:51',281),(899,'Indicador 2',2,1,0,'2022-11-25 04:39:55','2022-11-25 04:39:55',281),(900,'Indicador 3',3,1,0,'2022-11-25 04:39:59','2022-11-25 04:39:59',281),(901,'Indicador 1',1,1,0,'2022-11-25 04:41:45','2022-11-25 04:41:45',282),(902,'Indicador 2',2,1,0,'2022-11-25 04:44:41','2022-11-25 04:44:41',282),(903,'Indicador 3',3,1,0,'2022-11-25 04:44:44','2022-11-25 04:44:44',282),(904,'Indicador 1',1,1,0,'2022-11-25 04:44:52','2022-11-25 04:44:52',283),(905,'Indicador 2',2,1,0,'2022-11-25 04:44:56','2022-11-25 04:44:56',283),(906,'Indicador 3',3,1,0,'2022-11-25 04:45:01','2022-11-25 04:45:01',283),(907,'Indicador 1',1,1,0,'2022-11-25 04:45:10','2022-11-25 04:45:10',284),(908,'Indicador 2',2,1,0,'2022-11-25 04:45:13','2022-11-25 04:45:13',284),(909,'Indicador 3',3,1,0,'2022-11-25 04:45:18','2022-11-25 04:45:18',284),(910,'Indicador 1',1,1,0,'2022-11-25 04:45:30','2022-11-25 04:45:30',285),(911,'Indicador 2',2,1,0,'2022-11-25 04:45:33','2022-11-25 04:45:33',285),(912,'Indicador 3',3,1,0,'2022-11-25 04:45:37','2022-11-25 04:45:37',285),(913,'Indicador 1',1,1,0,'2022-11-25 04:45:47','2022-11-25 04:45:47',286),(914,'Indicador 2',2,1,0,'2022-11-25 04:45:50','2022-11-25 04:45:50',286),(915,'Indicador 3',3,1,0,'2022-11-25 04:45:54','2022-11-25 04:45:54',286),(916,'Indicador 1',1,1,0,'2022-11-25 04:46:00','2022-11-25 04:46:00',287),(917,'Indicador 2',2,1,0,'2022-11-25 04:46:04','2022-11-25 04:46:04',287),(918,'Indicador 3',3,1,0,'2022-11-25 04:46:07','2022-11-25 04:46:07',287),(919,'Indicador 1',1,1,0,'2022-11-25 04:46:15','2022-11-25 04:46:15',288),(920,'Indicador 2',2,1,0,'2022-11-25 04:46:19','2022-11-25 04:46:19',288),(921,'Indicador 3',3,1,0,'2022-11-25 04:46:23','2022-11-25 04:46:23',288),(922,'Indicador 1',1,1,0,'2022-11-25 04:46:47','2022-11-25 04:46:47',289),(923,'Indicador 2',2,1,0,'2022-11-25 04:46:51','2022-11-25 04:46:51',289),(924,'Indicador 3',3,1,0,'2022-11-25 04:46:55','2022-11-25 04:46:55',289),(925,'Indicador 1',1,1,0,'2022-11-25 04:47:01','2022-11-25 04:47:01',290),(926,'Indicador 2',2,1,0,'2022-11-25 04:47:07','2022-11-25 04:47:07',290),(927,'Indicador 3',3,1,0,'2022-11-25 04:47:11','2022-11-25 04:47:11',290),(928,'Indicador 1',1,1,0,'2022-11-25 04:47:19','2022-11-25 04:47:19',291),(929,'Indicador 2',2,1,0,'2022-11-25 04:47:24','2022-11-25 04:47:24',291),(930,'Indicador 3',3,1,0,'2022-11-25 04:47:28','2022-11-25 04:47:28',291),(931,'Indicador 1',1,1,0,'2022-11-25 04:47:41','2022-11-25 04:47:41',292),(932,'Indicador 2',2,1,0,'2022-11-25 04:47:45','2022-11-25 04:47:45',292),(933,'Indicador 3',3,1,0,'2022-11-25 04:47:50','2022-11-25 04:47:50',292),(934,'Indicador 1',1,1,0,'2022-11-25 04:48:21','2022-11-25 04:48:21',293),(935,'Indicador 2',2,1,0,'2022-11-25 04:48:25','2022-11-25 04:48:25',293),(936,'Indicador 3',3,1,0,'2022-11-25 04:48:29','2022-11-25 04:48:29',293),(937,'Indicador 1',1,1,0,'2022-11-25 04:48:47','2022-11-25 04:48:47',294),(938,'Indicador 2',2,1,0,'2022-11-25 04:48:51','2022-11-25 04:48:51',294),(939,'Indicador 3',3,1,0,'2022-11-25 04:48:55','2022-11-25 04:48:55',294),(940,'Indicador 1',1,1,0,'2022-11-25 04:49:01','2022-11-25 04:49:01',295),(941,'Indicador 2',2,1,0,'2022-11-25 04:49:04','2022-11-25 04:49:04',295),(942,'Indicador 3',3,1,0,'2022-11-25 04:49:08','2022-11-25 04:49:08',295),(943,'Indicador 1',1,1,0,'2022-11-25 04:49:16','2022-11-25 04:49:16',296),(944,'Indicador 2',2,1,0,'2022-11-25 04:49:19','2022-11-25 04:49:19',296),(945,'Indicador 3',3,1,0,'2022-11-25 04:49:24','2022-11-25 04:49:24',296),(946,'Indicador 1',1,1,0,'2022-11-25 04:49:37','2022-11-25 04:49:37',297),(947,'Indicador 2',2,1,0,'2022-11-25 04:49:42','2022-11-25 04:49:42',297),(948,'Indicador 3',3,1,0,'2022-11-25 04:49:46','2022-11-25 04:49:46',297),(949,'Indicador 1',1,1,0,'2022-11-25 04:49:52','2022-11-25 04:49:52',298),(950,'Indicador 2',2,1,0,'2022-11-25 04:49:55','2022-11-25 04:49:55',298),(951,'Indicador 3',3,1,0,'2022-11-25 04:50:00','2022-11-25 04:50:00',298),(952,'Indicador 1',1,1,0,'2022-11-25 04:50:08','2022-11-25 04:50:08',299),(953,'Indicador 2',2,1,0,'2022-11-25 04:50:12','2022-11-25 04:50:12',299),(954,'Indicador 3',3,1,0,'2022-11-25 04:50:16','2022-11-25 04:50:16',299),(955,'Indicador 1',1,1,0,'2022-11-25 04:51:05','2022-11-25 04:51:05',300),(956,'Indicador 2',2,1,0,'2022-11-25 04:51:08','2022-11-25 04:51:08',300),(957,'Indicador 3',3,1,0,'2022-11-25 04:51:11','2022-11-25 04:51:11',300),(958,'Indicador 1',1,1,0,'2022-11-25 04:51:49','2022-11-25 04:51:49',301),(959,'Indicador 2',2,1,0,'2022-11-25 04:51:53','2022-11-25 04:51:53',301),(960,'Indicador 3',3,1,0,'2022-11-25 04:51:58','2022-11-25 04:51:58',301),(961,'Indicador 1',1,1,0,'2022-11-25 04:52:07','2022-11-25 04:52:07',302),(962,'Indicador 2',2,1,0,'2022-11-25 04:52:11','2022-11-25 04:52:11',302),(963,'Indicador 3',3,1,0,'2022-11-25 04:52:15','2022-11-25 04:52:15',302),(964,'Indicador 1',1,1,0,'2022-11-25 04:52:24','2022-11-25 04:52:24',303),(965,'Indicador 2',2,1,0,'2022-11-25 04:52:28','2022-11-25 04:52:28',303),(966,'Indicador 3',3,1,0,'2022-11-25 04:52:32','2022-11-25 04:52:32',303),(967,'Indicador 1',1,1,0,'2022-11-25 04:52:44','2022-11-25 04:52:44',304),(968,'Indicador 2',2,1,0,'2022-11-25 04:52:48','2022-11-25 04:52:48',304),(969,'Indicador 3',3,1,0,'2022-11-25 04:52:51','2022-11-25 04:52:51',304),(970,'Indicador 1',1,1,0,'2022-11-25 04:52:58','2022-11-25 04:52:58',306),(971,'Indicador 2',2,1,0,'2022-11-25 04:53:01','2022-11-25 04:53:01',306),(972,'Indicador 3',3,1,0,'2022-11-25 04:53:06','2022-11-25 04:53:13',306),(973,'Indicador 1',1,1,0,'2022-11-25 04:53:20','2022-11-25 04:53:20',305),(974,'Indicador 2',2,1,0,'2022-11-25 04:53:24','2022-11-25 04:53:24',305),(975,'Indicador 3',3,1,0,'2022-11-25 04:53:28','2022-11-25 04:53:28',305),(976,'Indicador 1',1,1,0,'2022-11-25 04:53:39','2022-11-25 04:53:39',307),(977,'Indicador 2',2,1,0,'2022-11-25 04:53:43','2022-11-25 04:53:43',307),(978,'Indicador 3',3,1,0,'2022-11-25 04:53:47','2022-11-25 04:53:47',307),(979,'Indicador 1',1,1,0,'2022-11-25 04:53:52','2022-11-25 04:53:52',308),(980,'Indicador 2',2,1,0,'2022-11-25 04:53:56','2022-11-25 04:53:56',308),(981,'Indicador 3',3,1,0,'2022-11-25 04:54:00','2022-11-25 04:54:00',308),(982,'Indicador 1',1,1,0,'2022-11-25 04:54:11','2022-11-25 04:54:11',309),(983,'Indicador 2',2,1,0,'2022-11-25 04:54:15','2022-11-25 04:54:15',309),(984,'Indicador 3',3,1,0,'2022-11-25 04:54:18','2022-11-25 04:54:18',309),(985,'Indicador 1',1,1,0,'2022-11-25 04:54:23','2022-11-25 04:54:23',310),(986,'Indicador 2',2,1,0,'2022-11-25 04:54:26','2022-11-25 04:54:26',310),(987,'Indicador 3',3,1,0,'2022-11-25 04:54:29','2022-11-25 04:54:29',310),(988,'Indicador 1',1,1,0,'2022-11-25 04:55:31','2022-11-25 04:55:31',311),(989,'Indicador 2',2,1,0,'2022-11-25 04:55:35','2022-11-25 04:55:35',311),(990,'Indicador 3',3,1,0,'2022-11-25 04:55:38','2022-11-25 04:55:38',311),(991,'Indicador 1',1,1,0,'2022-11-25 04:55:43','2022-11-25 04:55:43',312),(992,'Indicador 2',2,1,0,'2022-11-25 04:55:46','2022-11-25 04:55:46',312),(993,'Indicador 3',3,1,0,'2022-11-25 04:55:50','2022-11-25 04:55:50',312),(994,'Indicador 1',1,1,0,'2022-11-25 04:56:03','2022-11-25 04:56:03',313),(995,'Indicador 2',2,1,0,'2022-11-25 04:56:06','2022-11-25 04:56:06',313),(996,'Indicador 3',3,1,0,'2022-11-25 04:56:10','2022-11-25 04:56:10',313),(997,'Indicador 1',1,1,0,'2022-11-25 04:56:16','2022-11-25 04:56:16',314),(998,'Indicador 2',2,1,0,'2022-11-25 04:56:20','2022-11-25 04:56:20',314),(999,'Indicador 3',3,1,0,'2022-11-25 04:56:24','2022-11-25 04:56:24',314),(1000,'Indicador 1',1,1,0,'2022-11-25 04:56:38','2022-11-25 04:56:38',315),(1001,'Indicador 2',2,1,0,'2022-11-25 04:56:41','2022-11-25 04:56:41',315),(1002,'Indicador 3',3,1,0,'2022-11-25 04:56:44','2022-11-25 04:56:44',315),(1003,'Indicador 1',1,1,0,'2022-11-25 04:57:09','2022-11-25 04:57:09',316),(1004,'Indicador 2',2,1,0,'2022-11-25 04:57:13','2022-11-25 04:57:13',316),(1005,'Indicador 3',3,1,0,'2022-11-25 04:57:17','2022-11-25 04:57:17',316),(1006,'Indicador 1',1,1,0,'2022-11-25 04:57:31','2022-11-25 04:57:31',317),(1007,'Indicador 2',2,1,0,'2022-11-25 04:57:34','2022-11-25 04:57:34',317),(1008,'Indicador 3',3,1,0,'2022-11-25 04:57:38','2022-11-25 04:57:38',317),(1009,'Indicador 1',1,1,0,'2022-11-25 04:57:43','2022-11-25 04:57:43',318),(1010,'Indicador 2',2,1,0,'2022-11-25 04:57:46','2022-11-25 04:57:46',318),(1011,'Indicador 3',3,1,0,'2022-11-25 04:57:50','2022-11-25 04:57:50',318),(1012,'Indicador 1',1,1,0,'2022-11-25 04:57:54','2022-11-25 04:57:54',319),(1013,'Indicador 2',2,1,0,'2022-11-25 04:57:57','2022-11-25 04:57:57',319),(1014,'Indicador 3',3,1,0,'2022-11-25 04:58:01','2022-11-25 04:58:01',319),(1015,'Indicador 1',1,1,0,'2022-11-25 04:58:14','2022-11-25 04:58:14',320),(1016,'Indicador 2',2,1,0,'2022-11-25 04:58:17','2022-11-25 04:58:17',320),(1017,'Indicador 3',3,1,0,'2022-11-25 04:58:21','2022-11-25 04:58:21',320),(1018,'Indicador 1',1,1,0,'2022-11-25 04:58:27','2022-11-25 04:58:27',321),(1019,'Indicador 2',2,1,0,'2022-11-25 04:58:32','2022-11-25 04:58:32',321),(1020,'Indicador 3',3,1,0,'2022-11-25 04:58:36','2022-11-25 04:58:36',321),(1021,'Indicador 1',1,1,0,'2022-11-25 04:58:42','2022-11-25 04:58:42',322),(1022,'Indicador 2',2,1,0,'2022-11-25 04:58:45','2022-11-25 04:58:45',322),(1023,'Indicador 3',3,1,0,'2022-11-25 04:58:49','2022-11-25 04:58:49',322),(1024,'Indicador 1',1,1,0,'2022-11-25 04:58:59','2022-11-25 04:58:59',323),(1025,'Indicador 2',2,1,0,'2022-11-25 04:59:02','2022-11-25 04:59:02',323),(1026,'Indicador 3',3,1,0,'2022-11-25 04:59:05','2022-11-25 04:59:05',323),(1027,'Indicador 1',1,1,0,'2022-11-25 04:59:10','2022-11-25 04:59:10',324),(1028,'Indicador 2',2,1,0,'2022-11-25 04:59:13','2022-11-25 04:59:13',324),(1029,'Indicador 3',3,1,0,'2022-11-25 04:59:17','2022-11-25 04:59:17',324),(1030,'Indicador 1',1,1,0,'2022-11-25 04:59:26','2022-11-25 04:59:26',325),(1031,'Indicador 2',2,1,0,'2022-11-25 04:59:29','2022-11-25 04:59:29',325),(1032,'Indicador 3',3,1,0,'2022-11-25 04:59:32','2022-11-25 04:59:32',325),(1033,'Indicador 1',1,1,0,'2022-11-25 04:59:37','2022-11-25 04:59:37',326),(1034,'Indicador 2',2,1,0,'2022-11-25 04:59:40','2022-11-25 04:59:40',326),(1035,'Indicador 3',3,1,0,'2022-11-25 04:59:43','2022-11-25 04:59:43',326),(1036,'Indicador 1',1,1,0,'2022-11-25 04:59:49','2022-11-25 04:59:49',327),(1037,'Indicador 2',2,1,0,'2022-11-25 04:59:51','2022-11-25 04:59:51',327),(1038,'Indicador 3',3,1,0,'2022-11-25 04:59:55','2022-11-25 04:59:55',327),(1039,'Indicador 1',1,1,0,'2022-11-25 05:00:06','2022-11-25 05:00:06',328),(1040,'Indicador 2',2,1,0,'2022-11-25 05:00:09','2022-11-25 05:00:09',328),(1041,'Indicador 3',3,1,0,'2022-11-25 05:00:12','2022-11-25 05:00:12',328),(1042,'Indicador 1',1,1,0,'2022-11-25 05:00:17','2022-11-25 05:00:17',329),(1043,'Indicador 2',2,1,0,'2022-11-25 05:00:20','2022-11-25 05:00:20',329),(1044,'Indicador 3',3,1,0,'2022-11-25 05:00:23','2022-11-25 05:00:23',329),(1045,'Indicador 1',1,1,0,'2022-11-25 05:00:27','2022-11-25 05:00:27',330),(1046,'Indicador 2',2,1,0,'2022-11-25 05:00:31','2022-11-25 05:00:31',330),(1047,'Indicador 3',3,1,0,'2022-11-25 05:00:34','2022-11-25 05:00:34',330),(1048,'Indicador 1',1,1,0,'2022-11-25 05:00:50','2022-11-25 05:00:50',331),(1049,'Indicador 2',2,1,0,'2022-11-25 05:00:53','2022-11-25 05:00:53',331),(1050,'Indicador 3',3,1,0,'2022-11-25 05:00:56','2022-11-25 05:00:56',331),(1051,'Indicador 1',1,1,0,'2022-11-25 05:00:59','2022-11-25 05:00:59',332),(1052,'Indicador 2',2,1,0,'2022-11-25 05:01:02','2022-11-25 05:01:02',332),(1053,'Indicador 3',3,1,0,'2022-11-25 05:01:06','2022-11-25 05:01:06',332),(1054,'Indicador 1',1,1,0,'2022-11-25 05:01:12','2022-11-25 05:01:12',333),(1055,'Indicador 2',2,1,0,'2022-11-25 05:01:15','2022-11-25 05:01:15',333),(1056,'Indicador 3',3,1,0,'2022-11-25 05:01:19','2022-11-25 05:01:19',333),(1057,'Indicador 1',1,1,0,'2022-11-25 05:01:27','2022-11-25 05:01:27',334),(1058,'Indicador 2',2,1,0,'2022-11-25 05:01:30','2022-11-25 05:01:30',334),(1059,'Indicador 3',3,1,0,'2022-11-25 05:01:35','2022-11-25 05:01:35',334),(1060,'Indicador 1',1,1,0,'2022-11-25 05:01:44','2022-11-25 05:01:44',335),(1061,'Indicador 2',2,1,0,'2022-11-25 05:01:48','2022-11-25 05:01:48',335),(1062,'Indicador 3',3,1,0,'2022-11-25 05:01:51','2022-11-25 05:01:51',335),(1063,'Indicador 1',1,1,0,'2022-11-25 05:02:00','2022-11-25 05:02:00',336),(1064,'Indicador 2',2,1,0,'2022-11-25 05:02:03','2022-11-25 05:02:03',336),(1065,'Indicador 3',3,1,0,'2022-11-25 05:02:06','2022-11-25 05:02:06',336),(1066,'Indicador 1',1,1,0,'2022-11-25 05:02:15','2022-11-25 05:02:15',337),(1067,'Indicador 2',2,1,0,'2022-11-25 05:02:18','2022-11-25 05:02:18',337),(1068,'Indicador 3',3,1,0,'2022-11-25 05:02:22','2022-11-25 05:02:22',337),(1069,'Indicador 1',1,1,0,'2022-11-25 05:02:32','2022-11-25 05:02:32',338),(1070,'Indicador 2',2,1,0,'2022-11-25 05:02:35','2022-11-25 05:02:35',338),(1071,'Indicador 3',3,1,0,'2022-11-25 05:02:38','2022-11-25 05:02:38',338),(1072,'Indicador 1',1,1,0,'2022-11-25 05:02:44','2022-11-25 05:02:44',339),(1073,'Indicador 2',2,1,0,'2022-11-25 05:02:47','2022-11-25 05:02:47',339),(1074,'Indicador 3',3,1,0,'2022-11-25 05:02:50','2022-11-25 05:02:50',339),(1075,'Indicador 1',1,1,0,'2022-11-25 05:03:00','2022-11-25 05:03:00',340),(1076,'Indicador 2',2,1,0,'2022-11-25 05:03:04','2022-11-25 05:03:04',340),(1077,'Indicador 3',3,1,0,'2022-11-25 05:03:08','2022-11-25 05:03:08',340),(1078,'Indicador 1',1,1,0,'2022-11-25 05:03:13','2022-11-25 05:03:13',341),(1079,'Indicador 2',2,1,0,'2022-11-25 05:03:17','2022-11-25 05:03:17',341),(1080,'Indicador 3',3,1,0,'2022-11-25 05:03:20','2022-11-25 05:03:20',341);
/*!40000 ALTER TABLE `indicadores` ENABLE KEYS */;
UNLOCK TABLES;

--
-- Table structure for table `institucion_educativas`
--

DROP TABLE IF EXISTS `institucion_educativas`;
/*!40101 SET @saved_cs_client     = @@character_set_client */;
/*!50503 SET character_set_client = utf8mb4 */;
CREATE TABLE `institucion_educativas` (
  `id` int NOT NULL AUTO_INCREMENT,
  `codigo_modular` char(7) DEFAULT NULL,
  `nombre` varchar(500) DEFAULT NULL,
  `gestion` varchar(250) DEFAULT NULL COMMENT '->Publica de Gestipon directa',
  `sigla_gestion` char(20) DEFAULT NULL COMMENT '->PGD',
  `resolucion_creacion` varchar(100) DEFAULT NULL,
  `forma` varchar(100) DEFAULT NULL COMMENT '->Escolarizado',
  `sigla_forma` char(20) DEFAULT NULL,
  `departamento` varchar(200) DEFAULT NULL,
  `provincia` varchar(200) DEFAULT NULL,
  `distrito` varchar(200) DEFAULT NULL,
  `centro_poblado` varchar(200) DEFAULT NULL,
  `codigo_ugel` char(6) DEFAULT NULL,
  `nombre_ugel` varchar(250) DEFAULT NULL,
  `caracteristica` varchar(250) DEFAULT NULL COMMENT '-> Polidocente Completo',
  `sigla_caracteristica` char(20) DEFAULT NULL COMMENT '-> PC',
  `programa` varchar(250) DEFAULT NULL COMMENT '->(void)',
  `sigla_programa` char(20) DEFAULT NULL COMMENT '-> - (no corresponde)',
  `modalidad` varchar(250) DEFAULT NULL,
  `modalidad_siglas` char(10) DEFAULT NULL,
  `activo` tinyint DEFAULT NULL,
  `borrado` tinyint DEFAULT NULL,
  `created_at` timestamp NULL DEFAULT NULL,
  `updated_at` timestamp NULL DEFAULT NULL,
  PRIMARY KEY (`id`)
) ENGINE=InnoDB AUTO_INCREMENT=2 DEFAULT CHARSET=utf8mb4 COLLATE=utf8mb4_0900_ai_ci;
/*!40101 SET character_set_client = @saved_cs_client */;

--
-- Dumping data for table `institucion_educativas`
--

LOCK TABLES `institucion_educativas` WRITE;
/*!40000 ALTER TABLE `institucion_educativas` DISABLE KEYS */;
INSERT INTO `institucion_educativas` VALUES (1,'0417782','86005 RICARDO PALMA CARRILLO','Pública de Gestión Directa','PGD','RDD N° 001','Escolarizado','Esc','ANCASH','HUARAZ','HUARAZ','SAN NICOLAS','020001','UGEL Huaraz','Polidocente Completo','PC','-','-','Educación Básica Regular','EBR',1,0,NULL,'2022-07-07 14:55:07');
/*!40000 ALTER TABLE `institucion_educativas` ENABLE KEYS */;
UNLOCK TABLES;

--
-- Table structure for table `matriculas`
--

DROP TABLE IF EXISTS `matriculas`;
/*!40101 SET @saved_cs_client     = @@character_set_client */;
/*!50503 SET character_set_client = utf8mb4 */;
CREATE TABLE `matriculas` (
  `id` int NOT NULL AUTO_INCREMENT,
  `alumno_id` int NOT NULL,
  `ciclo_escolar_id` int NOT NULL,
  `fecha` date DEFAULT NULL,
  `estado` tinyint DEFAULT NULL COMMENT '0->iniciado\n1->en proceso\n2->done matriculado\n3->cerrado\n4->expulsado',
  `es_traslado` tinyint DEFAULT NULL,
  `tiene_discapacidad` tinyint DEFAULT NULL,
  `vive_madre` tinyint DEFAULT NULL,
  `vive_padre` tinyint DEFAULT NULL,
  `responsable_matricula_nombres` varchar(500) DEFAULT NULL,
  `cargo_responsable` varchar(200) DEFAULT NULL,
  `ciclo_seccion_id` int NOT NULL,
  `situacion_final` varchar(45) DEFAULT NULL,
  `nota_final` double DEFAULT NULL,
  `situacion` varchar(250) DEFAULT NULL COMMENT 'Ingresante/Promovido',
  `sigla_situacion` char(3) DEFAULT NULL COMMENT 'P\nOG\nRA',
  `trabaja` tinyint DEFAULT NULL,
  `activo` tinyint DEFAULT NULL,
  `borrado` tinyint DEFAULT NULL,
  `created_at` timestamp NULL DEFAULT NULL,
  `updated_at` timestamp NULL DEFAULT NULL,
  `DI` tinyint DEFAULT NULL,
  `DA` tinyint DEFAULT NULL,
  `DV` tinyint DEFAULT NULL,
  `DM` tinyint DEFAULT NULL,
  `SC` tinyint DEFAULT NULL,
  `OT` tinyint DEFAULT NULL,
  `sigla_situacion_final` char(3) DEFAULT NULL,
  PRIMARY KEY (`id`),
  KEY `fk_matriculas_alumnos1_idx` (`alumno_id`),
  KEY `fk_matriculas_ciclo_escolars1_idx` (`ciclo_escolar_id`),
  KEY `fk_matriculas_ciclo_seccion1_idx` (`ciclo_seccion_id`),
  CONSTRAINT `fk_matriculas_alumnos1` FOREIGN KEY (`alumno_id`) REFERENCES `alumnos` (`id`),
  CONSTRAINT `fk_matriculas_ciclo_escolars1` FOREIGN KEY (`ciclo_escolar_id`) REFERENCES `ciclo_escolars` (`id`),
  CONSTRAINT `fk_matriculas_ciclo_seccion1` FOREIGN KEY (`ciclo_seccion_id`) REFERENCES `ciclo_seccion` (`id`)
) ENGINE=InnoDB AUTO_INCREMENT=21 DEFAULT CHARSET=utf8mb4 COLLATE=utf8mb4_0900_ai_ci;
/*!40101 SET character_set_client = @saved_cs_client */;

--
-- Dumping data for table `matriculas`
--

LOCK TABLES `matriculas` WRITE;
/*!40000 ALTER TABLE `matriculas` DISABLE KEYS */;
INSERT INTO `matriculas` VALUES (18,1,3,'2022-08-30',1,0,1,1,1,'QWE','ASD',11,NULL,NULL,NULL,NULL,0,1,0,'2022-08-31 00:36:37','2022-08-31 00:36:37',0,1,0,1,0,1,NULL),(19,2,3,'2022-09-08',2,1,1,1,1,'RICARDO LOPES','SECRETARIO',11,'Promovido',NULL,'Promovido','A',0,1,0,'2022-09-08 05:04:36','2022-12-12 03:55:32',0,1,0,1,0,0,'A'),(20,3,3,'2022-12-11',1,1,1,1,0,'JENIFER','SECRETARIA DEL IE',10,NULL,NULL,NULL,NULL,0,1,0,'2022-12-12 03:24:42','2022-12-12 03:24:42',0,0,0,1,0,0,NULL);
/*!40000 ALTER TABLE `matriculas` ENABLE KEYS */;
UNLOCK TABLES;

--
-- Table structure for table `migrations`
--

DROP TABLE IF EXISTS `migrations`;
/*!40101 SET @saved_cs_client     = @@character_set_client */;
/*!50503 SET character_set_client = utf8mb4 */;
CREATE TABLE `migrations` (
  `id` int unsigned NOT NULL AUTO_INCREMENT,
  `migration` varchar(255) COLLATE utf8mb4_unicode_ci NOT NULL,
  `batch` int NOT NULL,
  PRIMARY KEY (`id`)
) ENGINE=InnoDB AUTO_INCREMENT=11 DEFAULT CHARSET=utf8mb4 COLLATE=utf8mb4_unicode_ci;
/*!40101 SET character_set_client = @saved_cs_client */;

--
-- Dumping data for table `migrations`
--

LOCK TABLES `migrations` WRITE;
/*!40000 ALTER TABLE `migrations` DISABLE KEYS */;
INSERT INTO `migrations` VALUES (1,'2014_10_12_000000_create_users_table',1),(2,'2014_10_12_100000_create_password_resets_table',1),(3,'2014_10_12_200000_add_two_factor_columns_to_users_table',1),(4,'2019_08_19_000000_create_failed_jobs_table',1),(5,'2019_12_14_000001_create_personal_access_tokens_table',1),(6,'2020_05_21_100000_create_teams_table',1),(7,'2020_05_21_200000_create_team_user_table',1),(8,'2020_05_21_300000_create_team_invitations_table',1),(9,'2022_06_26_230254_create_sessions_table',1),(10,'2022_06_27_225833_create_posts_table',1);
/*!40000 ALTER TABLE `migrations` ENABLE KEYS */;
UNLOCK TABLES;

--
-- Table structure for table `nivel_docentes`
--

DROP TABLE IF EXISTS `nivel_docentes`;
/*!40101 SET @saved_cs_client     = @@character_set_client */;
/*!50503 SET character_set_client = utf8mb4 */;
CREATE TABLE `nivel_docentes` (
  `id` int NOT NULL AUTO_INCREMENT,
  `docente_id` int NOT NULL,
  `nivele_id` int NOT NULL,
  `activo` tinyint DEFAULT NULL,
  `borrado` tinyint DEFAULT NULL,
  `created_at` timestamp NULL DEFAULT NULL,
  `updated_at` timestamp NULL DEFAULT NULL,
  PRIMARY KEY (`id`),
  KEY `fk_nivel_docente_docentes1_idx` (`docente_id`),
  KEY `fk_nivel_docente_niveles1_idx` (`nivele_id`),
  CONSTRAINT `fk_nivel_docente_docentes1` FOREIGN KEY (`docente_id`) REFERENCES `docentes` (`id`),
  CONSTRAINT `fk_nivel_docente_niveles1` FOREIGN KEY (`nivele_id`) REFERENCES `niveles` (`id`)
) ENGINE=InnoDB DEFAULT CHARSET=utf8mb4 COLLATE=utf8mb4_0900_ai_ci;
/*!40101 SET character_set_client = @saved_cs_client */;

--
-- Dumping data for table `nivel_docentes`
--

LOCK TABLES `nivel_docentes` WRITE;
/*!40000 ALTER TABLE `nivel_docentes` DISABLE KEYS */;
/*!40000 ALTER TABLE `nivel_docentes` ENABLE KEYS */;
UNLOCK TABLES;

--
-- Table structure for table `niveles`
--

DROP TABLE IF EXISTS `niveles`;
/*!40101 SET @saved_cs_client     = @@character_set_client */;
/*!50503 SET character_set_client = utf8mb4 */;
CREATE TABLE `niveles` (
  `id` int NOT NULL AUTO_INCREMENT,
  `nombre` varchar(100) DEFAULT NULL,
  `siglas` char(10) DEFAULT NULL,
  `institucion_educativa_id` int NOT NULL,
  `turno_id` int NOT NULL,
  `activo` tinyint DEFAULT NULL,
  `borrado` tinyint DEFAULT NULL,
  `created_at` timestamp NULL DEFAULT NULL,
  `updated_at` timestamp NULL DEFAULT NULL,
  PRIMARY KEY (`id`),
  KEY `fk_niveles_institucion_educativas_idx` (`institucion_educativa_id`),
  KEY `fk_niveles_turnos1_idx` (`turno_id`),
  CONSTRAINT `fk_niveles_institucion_educativas` FOREIGN KEY (`institucion_educativa_id`) REFERENCES `institucion_educativas` (`id`),
  CONSTRAINT `fk_niveles_turnos1` FOREIGN KEY (`turno_id`) REFERENCES `turnos` (`id`)
) ENGINE=InnoDB AUTO_INCREMENT=8 DEFAULT CHARSET=utf8mb4 COLLATE=utf8mb4_0900_ai_ci;
/*!40101 SET character_set_client = @saved_cs_client */;

--
-- Dumping data for table `niveles`
--

LOCK TABLES `niveles` WRITE;
/*!40000 ALTER TABLE `niveles` DISABLE KEYS */;
INSERT INTO `niveles` VALUES (1,'Inicial','INI',1,1,1,0,NULL,NULL),(2,'Primaria','PRI',1,1,1,0,NULL,NULL),(3,'Secundaria','SEC',1,1,1,0,NULL,NULL);
/*!40000 ALTER TABLE `niveles` ENABLE KEYS */;
UNLOCK TABLES;

--
-- Table structure for table `notas`
--

DROP TABLE IF EXISTS `notas`;
/*!40101 SET @saved_cs_client     = @@character_set_client */;
/*!50503 SET character_set_client = utf8mb4 */;
CREATE TABLE `notas` (
  `id` int NOT NULL AUTO_INCREMENT,
  `matricula_id` int NOT NULL,
  `tipo` tinyint DEFAULT NULL COMMENT '1->indicador\\\\n2->competencia\\\\n3->curso',
  `ciclo_indicador_id` int DEFAULT NULL,
  `ciclo_competencia_id` int DEFAULT NULL,
  `ciclo_curso_id` int DEFAULT NULL,
  `alumno_id` int DEFAULT NULL,
  `nota_num` decimal(4,2) DEFAULT NULL,
  `nota_letra` char(10) DEFAULT NULL,
  `periodo` tinyint DEFAULT NULL COMMENT '1->primer bimestre/semestre\\\\n2->segundo bimestre/semestre\\\\n3->tercer bimestre/trimestre\\\\n3-cuarto bimestre\n0->final',
  `activo` tinyint DEFAULT NULL,
  `borrado` tinyint DEFAULT NULL,
  `created_at` timestamp NULL DEFAULT NULL,
  `updated_at` timestamp NULL DEFAULT NULL,
  PRIMARY KEY (`id`),
  KEY `fk_notas_matriculas1_idx` (`matricula_id`),
  CONSTRAINT `fk_notas_matriculas1` FOREIGN KEY (`matricula_id`) REFERENCES `matriculas` (`id`)
) ENGINE=InnoDB AUTO_INCREMENT=576 DEFAULT CHARSET=utf8mb4 COLLATE=utf8mb4_0900_ai_ci;
/*!40101 SET character_set_client = @saved_cs_client */;

--
-- Dumping data for table `notas`
--

LOCK TABLES `notas` WRITE;
/*!40000 ALTER TABLE `notas` DISABLE KEYS */;
INSERT INTO `notas` VALUES (1,19,1,171,66,37,2,15.00,NULL,1,1,0,'2022-11-27 05:46:45','2022-11-27 06:08:19'),(3,19,1,172,66,37,2,15.00,NULL,1,1,0,'2022-11-27 06:08:26','2022-11-27 06:41:43'),(4,19,1,171,66,37,2,15.00,NULL,2,1,0,'2022-11-27 06:41:55','2022-11-27 06:41:55'),(5,19,1,173,66,37,2,16.00,NULL,1,1,0,'2022-11-27 06:42:13','2022-11-27 06:42:13'),(6,19,2,NULL,66,37,2,15.33,'',1,1,0,'2022-11-27 06:42:13','2022-11-27 06:42:13'),(7,19,1,171,66,37,2,14.00,NULL,3,1,0,'2022-11-27 06:42:22','2022-11-27 06:42:22'),(8,19,1,171,66,37,2,14.67,'',0,1,0,'2022-11-27 06:42:22','2022-11-27 06:42:22'),(9,19,1,172,66,37,2,12.00,NULL,2,1,0,'2022-11-27 07:06:58','2022-11-27 07:06:58'),(10,19,1,173,66,37,2,16.00,NULL,2,1,0,'2022-11-27 07:07:05','2022-11-27 07:07:05'),(11,19,2,NULL,66,37,2,14.33,'',2,1,0,'2022-11-27 07:07:05','2022-11-27 07:07:05'),(12,19,1,173,66,37,2,16.00,NULL,2,1,0,'2022-11-27 07:07:38','2022-11-27 07:07:38'),(13,19,1,172,66,37,2,18.00,NULL,3,1,0,'2022-11-27 07:07:59','2022-11-27 07:07:59'),(14,19,1,172,66,37,2,15.00,'',0,1,0,'2022-11-27 07:07:59','2022-11-27 07:07:59'),(15,19,1,173,66,37,2,17.00,NULL,3,1,0,'2022-11-27 07:08:05','2022-11-27 07:08:05'),(16,19,2,NULL,66,37,2,16.33,'',3,1,0,'2022-11-27 07:08:05','2022-11-27 07:08:05'),(17,19,2,NULL,66,37,2,15.33,'',0,1,0,'2022-11-27 07:08:05','2022-11-27 07:08:05'),(18,19,1,173,66,37,2,16.33,'',0,1,0,'2022-11-27 07:08:05','2022-11-27 07:08:05'),(19,19,1,174,67,37,2,15.00,NULL,1,1,0,'2022-11-27 07:08:16','2022-11-27 07:08:16'),(20,19,1,175,67,37,2,12.00,NULL,1,1,0,'2022-11-27 07:08:20','2022-11-27 07:08:20'),(21,19,1,176,67,37,2,14.00,NULL,1,1,0,'2022-11-27 07:08:23','2022-11-27 07:08:23'),(22,19,2,NULL,67,37,2,13.67,'',1,1,0,'2022-11-27 07:08:23','2022-11-27 07:08:23'),(23,19,1,177,68,37,2,15.00,NULL,1,1,0,'2022-11-27 07:08:26','2022-11-27 07:08:26'),(24,19,1,178,68,37,2,17.00,NULL,1,1,0,'2022-11-27 07:08:29','2022-11-27 07:08:29'),(25,19,1,179,68,37,2,12.00,NULL,1,1,0,'2022-11-27 07:08:32','2022-11-27 07:08:32'),(26,19,2,NULL,68,37,2,14.67,'',1,1,0,'2022-11-27 07:08:32','2022-11-27 07:08:32'),(27,19,1,180,69,37,2,15.00,NULL,1,1,0,'2022-11-27 07:08:36','2022-11-27 07:08:36'),(28,19,1,181,69,37,2,13.00,NULL,1,1,0,'2022-11-27 07:08:40','2022-11-27 07:09:38'),(29,19,1,182,69,37,2,16.00,NULL,1,1,0,'2022-11-27 07:08:44','2022-11-27 07:08:44'),(30,19,2,NULL,69,37,2,14.67,'',1,1,0,'2022-11-27 07:08:44','2022-11-27 07:08:44'),(31,19,1,183,70,37,2,17.00,NULL,1,1,0,'2022-11-27 07:08:47','2022-11-27 07:08:47'),(32,19,1,184,70,37,2,16.00,NULL,1,1,0,'2022-11-27 07:08:51','2022-11-27 07:08:51'),(33,19,1,185,70,37,2,14.00,NULL,1,1,0,'2022-11-27 07:09:03','2022-11-27 07:09:03'),(34,19,2,NULL,70,37,2,15.67,'',1,1,0,'2022-11-27 07:09:03','2022-11-27 07:09:03'),(35,19,3,NULL,NULL,37,2,14.80,'',1,1,0,'2022-11-27 07:09:03','2022-11-27 07:09:38'),(36,19,1,174,67,37,2,15.00,NULL,2,1,0,'2022-11-27 07:09:14','2022-11-27 07:09:14'),(37,19,1,175,67,37,2,13.00,NULL,2,1,0,'2022-11-27 07:09:17','2022-11-27 07:09:17'),(38,19,1,176,67,37,2,16.00,NULL,2,1,0,'2022-11-27 07:09:20','2022-11-27 07:09:20'),(39,19,2,NULL,67,37,2,14.67,'',2,1,0,'2022-11-27 07:09:20','2022-11-27 07:09:20'),(40,19,1,177,68,37,2,17.00,NULL,2,1,0,'2022-11-27 07:09:23','2022-11-27 07:09:23'),(41,19,1,178,68,37,2,15.00,NULL,2,1,0,'2022-11-27 07:09:26','2022-11-27 07:09:26'),(42,19,1,179,68,37,2,18.00,NULL,2,1,0,'2022-11-27 07:09:29','2022-11-27 07:09:29'),(43,19,2,NULL,68,37,2,16.67,'',2,1,0,'2022-11-27 07:09:29','2022-11-27 07:09:29'),(44,19,1,180,69,37,2,15.00,NULL,2,1,0,'2022-11-27 07:09:32','2022-11-27 07:09:32'),(45,19,1,181,69,37,2,15.00,NULL,2,1,0,'2022-11-27 07:09:35','2022-11-27 07:09:35'),(46,19,1,182,69,37,2,17.00,NULL,2,1,0,'2022-11-27 07:09:41','2022-11-27 07:09:41'),(47,19,2,NULL,69,37,2,15.67,'',2,1,0,'2022-11-27 07:09:41','2022-11-27 07:09:41'),(48,19,1,183,70,37,2,14.00,NULL,2,1,0,'2022-11-27 07:09:43','2022-11-27 07:09:43'),(49,19,1,184,70,37,2,15.00,NULL,2,1,0,'2022-11-27 07:09:46','2022-11-27 07:09:46'),(50,19,1,185,70,37,2,16.00,NULL,2,1,0,'2022-11-27 07:09:49','2022-11-27 07:09:49'),(51,19,2,NULL,70,37,2,15.00,'',2,1,0,'2022-11-27 07:09:49','2022-11-27 07:09:49'),(52,19,3,NULL,NULL,37,2,15.27,'',2,1,0,'2022-11-27 07:09:49','2022-11-27 07:09:49'),(53,19,1,174,67,37,2,18.00,NULL,3,1,0,'2022-11-27 07:09:57','2022-11-27 07:09:57'),(54,19,1,174,67,37,2,16.00,'',0,1,0,'2022-11-27 07:09:57','2022-11-27 07:09:57'),(55,19,1,175,67,37,2,12.00,NULL,3,1,0,'2022-11-27 07:10:00','2022-11-27 07:10:00'),(56,19,1,175,67,37,2,12.33,'',0,1,0,'2022-11-27 07:10:00','2022-11-27 07:10:00'),(57,19,1,176,67,37,2,14.00,NULL,3,1,0,'2022-11-27 07:10:04','2022-11-27 07:10:04'),(58,19,2,NULL,67,37,2,14.67,'',3,1,0,'2022-11-27 07:10:04','2022-11-27 07:10:04'),(59,19,2,NULL,67,37,2,14.34,'',0,1,0,'2022-11-27 07:10:04','2022-11-27 07:10:04'),(60,19,1,176,67,37,2,14.67,'',0,1,0,'2022-11-27 07:10:04','2022-11-27 07:10:04'),(61,19,1,177,68,37,2,15.00,NULL,3,1,0,'2022-11-27 07:10:15','2022-11-27 07:10:15'),(62,19,1,177,68,37,2,15.67,'',0,1,0,'2022-11-27 07:10:15','2022-11-27 07:10:15'),(63,19,1,178,68,37,2,17.00,NULL,3,1,0,'2022-11-27 07:10:18','2022-11-27 07:10:18'),(64,19,1,178,68,37,2,16.33,'',0,1,0,'2022-11-27 07:10:18','2022-11-27 07:10:18'),(65,19,1,179,68,37,2,16.00,NULL,3,1,0,'2022-11-27 07:10:21','2022-11-27 07:10:21'),(66,19,2,NULL,68,37,2,16.00,'',3,1,0,'2022-11-27 07:10:21','2022-11-27 07:10:21'),(67,19,2,NULL,68,37,2,15.78,'',0,1,0,'2022-11-27 07:10:21','2022-11-27 07:10:21'),(68,19,1,179,68,37,2,15.33,'',0,1,0,'2022-11-27 07:10:21','2022-11-27 07:10:21'),(69,19,1,180,69,37,2,15.00,NULL,3,1,0,'2022-11-27 07:10:24','2022-11-27 07:10:24'),(70,19,1,180,69,37,2,15.00,'',0,1,0,'2022-11-27 07:10:24','2022-11-27 07:10:24'),(71,19,1,181,69,37,2,17.00,NULL,3,1,0,'2022-11-27 07:10:27','2022-11-27 07:10:27'),(72,19,1,181,69,37,2,15.00,'',0,1,0,'2022-11-27 07:10:27','2022-11-27 07:10:27'),(73,19,1,182,69,37,2,13.00,NULL,3,1,0,'2022-11-27 07:10:30','2022-11-27 07:10:30'),(74,19,2,NULL,69,37,2,15.00,'',3,1,0,'2022-11-27 07:10:30','2022-11-27 07:10:30'),(75,19,2,NULL,69,37,2,15.11,'',0,1,0,'2022-11-27 07:10:30','2022-11-27 07:10:30'),(76,19,1,182,69,37,2,15.33,'',0,1,0,'2022-11-27 07:10:30','2022-11-27 07:10:30'),(77,19,1,183,70,37,2,15.00,NULL,3,1,0,'2022-11-27 07:10:33','2022-11-27 07:10:33'),(78,19,1,183,70,37,2,15.33,'',0,1,0,'2022-11-27 07:10:33','2022-11-27 07:10:33'),(79,19,1,184,70,37,2,18.00,NULL,3,1,0,'2022-11-27 07:10:37','2022-11-27 07:10:37'),(80,19,1,184,70,37,2,16.33,'',0,1,0,'2022-11-27 07:10:37','2022-11-27 07:10:37'),(81,19,1,185,70,37,2,15.00,NULL,3,1,0,'2022-11-27 07:10:45','2022-11-27 07:10:45'),(82,19,2,NULL,70,37,2,16.00,'',3,1,0,'2022-11-27 07:10:45','2022-11-27 07:10:45'),(83,19,3,NULL,NULL,37,2,15.60,'',3,1,0,'2022-11-27 07:10:45','2022-11-27 07:10:45'),(84,19,3,NULL,NULL,37,2,15.22,'',0,1,0,'2022-11-27 07:10:45','2022-11-27 07:10:45'),(85,19,2,NULL,70,37,2,15.56,'',0,1,0,'2022-11-27 07:10:45','2022-11-27 07:10:45'),(86,19,1,185,70,37,2,15.00,'',0,1,0,'2022-11-27 07:10:45','2022-11-27 07:10:45'),(87,19,1,196,71,38,2,14.00,NULL,1,1,0,'2022-12-10 23:58:45','2022-12-10 23:58:45'),(88,19,1,197,71,38,2,13.00,NULL,1,1,0,'2022-12-10 23:58:48','2022-12-10 23:58:48'),(89,19,1,198,71,38,2,14.00,NULL,1,1,0,'2022-12-10 23:58:52','2022-12-10 23:58:52'),(90,19,2,NULL,71,38,2,13.67,'',1,1,0,'2022-12-10 23:58:52','2022-12-10 23:58:52'),(91,19,1,199,72,38,2,14.00,NULL,1,1,0,'2022-12-10 23:58:55','2022-12-10 23:58:55'),(92,19,1,200,72,38,2,14.00,NULL,1,1,0,'2022-12-10 23:58:58','2022-12-10 23:58:58'),(93,19,1,201,72,38,2,14.00,NULL,1,1,0,'2022-12-10 23:59:01','2022-12-10 23:59:01'),(94,19,2,NULL,72,38,2,14.00,'',1,1,0,'2022-12-10 23:59:01','2022-12-10 23:59:01'),(95,19,1,202,73,38,2,14.00,NULL,1,1,0,'2022-12-10 23:59:04','2022-12-10 23:59:04'),(96,19,1,203,73,38,2,14.00,NULL,1,1,0,'2022-12-10 23:59:07','2022-12-10 23:59:07'),(97,19,1,204,73,38,2,14.00,NULL,1,1,0,'2022-12-10 23:59:10','2022-12-10 23:59:10'),(98,19,2,NULL,73,38,2,14.00,'',1,1,0,'2022-12-10 23:59:10','2022-12-10 23:59:10'),(99,19,3,NULL,NULL,38,2,13.89,'',1,1,0,'2022-12-10 23:59:10','2022-12-10 23:59:10'),(100,19,1,196,71,38,2,14.00,NULL,2,1,0,'2022-12-10 23:59:13','2022-12-10 23:59:13'),(101,19,1,197,71,38,2,14.00,NULL,2,1,0,'2022-12-10 23:59:16','2022-12-10 23:59:16'),(102,19,1,198,71,38,2,14.00,NULL,2,1,0,'2022-12-10 23:59:19','2022-12-10 23:59:19'),(103,19,2,NULL,71,38,2,14.00,'',2,1,0,'2022-12-10 23:59:19','2022-12-10 23:59:19'),(104,19,1,199,72,38,2,14.00,NULL,2,1,0,'2022-12-10 23:59:22','2022-12-10 23:59:22'),(105,19,1,200,72,38,2,15.00,NULL,2,1,0,'2022-12-10 23:59:25','2022-12-10 23:59:25'),(106,19,1,201,72,38,2,16.00,NULL,2,1,0,'2022-12-10 23:59:30','2022-12-10 23:59:30'),(107,19,2,NULL,72,38,2,15.00,'',2,1,0,'2022-12-10 23:59:30','2022-12-10 23:59:30'),(108,19,1,202,73,38,2,17.00,NULL,2,1,0,'2022-12-10 23:59:34','2022-12-10 23:59:34'),(109,19,1,203,73,38,2,18.00,NULL,2,1,0,'2022-12-10 23:59:38','2022-12-10 23:59:38'),(110,19,1,204,73,38,2,19.00,NULL,2,1,0,'2022-12-10 23:59:41','2022-12-10 23:59:41'),(111,19,2,NULL,73,38,2,18.00,'',2,1,0,'2022-12-10 23:59:41','2022-12-10 23:59:41'),(112,19,3,NULL,NULL,38,2,15.67,'',2,1,0,'2022-12-10 23:59:41','2022-12-10 23:59:41'),(113,19,1,196,71,38,2,16.00,NULL,3,1,0,'2022-12-10 23:59:44','2022-12-10 23:59:44'),(114,19,1,196,71,38,2,14.67,'',0,1,0,'2022-12-10 23:59:44','2022-12-10 23:59:44'),(115,19,1,197,71,38,2,14.00,NULL,3,1,0,'2022-12-10 23:59:47','2022-12-10 23:59:47'),(116,19,1,197,71,38,2,13.67,'',0,1,0,'2022-12-10 23:59:47','2022-12-10 23:59:47'),(117,19,1,198,71,38,2,14.00,NULL,3,1,0,'2022-12-10 23:59:49','2022-12-10 23:59:49'),(118,19,2,NULL,71,38,2,14.67,'',3,1,0,'2022-12-10 23:59:49','2022-12-10 23:59:49'),(119,19,2,NULL,71,38,2,14.11,'',0,1,0,'2022-12-10 23:59:49','2022-12-10 23:59:49'),(120,19,1,198,71,38,2,14.00,'',0,1,0,'2022-12-10 23:59:49','2022-12-10 23:59:49'),(121,19,1,199,72,38,2,14.00,NULL,3,1,0,'2022-12-10 23:59:52','2022-12-10 23:59:52'),(122,19,1,199,72,38,2,14.00,'',0,1,0,'2022-12-10 23:59:52','2022-12-10 23:59:52'),(123,19,1,200,72,38,2,15.00,NULL,3,1,0,'2022-12-10 23:59:56','2022-12-10 23:59:56'),(124,19,1,200,72,38,2,14.67,'',0,1,0,'2022-12-10 23:59:56','2022-12-10 23:59:56'),(125,19,1,201,72,38,2,17.00,NULL,3,1,0,'2022-12-10 23:59:59','2022-12-10 23:59:59'),(126,19,2,NULL,72,38,2,15.33,'',3,1,0,'2022-12-10 23:59:59','2022-12-10 23:59:59'),(127,19,2,NULL,72,38,2,14.78,'',0,1,0,'2022-12-10 23:59:59','2022-12-10 23:59:59'),(128,19,1,201,72,38,2,15.67,'',0,1,0,'2022-12-10 23:59:59','2022-12-10 23:59:59'),(129,19,1,202,73,38,2,18.00,NULL,3,1,0,'2022-12-11 00:00:02','2022-12-11 00:00:02'),(130,19,1,202,73,38,2,16.33,'',0,1,0,'2022-12-11 00:00:02','2022-12-11 00:00:02'),(131,19,1,203,73,38,2,16.00,NULL,3,1,0,'2022-12-11 00:00:05','2022-12-11 00:00:05'),(132,19,1,203,73,38,2,16.00,'',0,1,0,'2022-12-11 00:00:05','2022-12-11 00:00:05'),(133,19,1,204,73,38,2,17.00,NULL,3,1,0,'2022-12-11 00:00:08','2022-12-11 00:00:08'),(134,19,2,NULL,73,38,2,17.00,'',3,1,0,'2022-12-11 00:00:08','2022-12-11 00:00:08'),(135,19,3,NULL,NULL,38,2,15.67,'',3,1,0,'2022-12-11 00:00:08','2022-12-11 00:00:08'),(136,19,3,NULL,NULL,38,2,15.08,'',0,1,0,'2022-12-11 00:00:08','2022-12-11 00:00:08'),(137,19,2,NULL,73,38,2,16.33,'',0,1,0,'2022-12-11 00:00:08','2022-12-11 00:00:08'),(138,19,1,204,73,38,2,16.67,'',0,1,0,'2022-12-11 00:00:08','2022-12-11 00:00:08'),(139,19,1,186,74,39,2,13.00,NULL,1,1,0,'2022-12-11 00:00:20','2022-12-11 00:00:20'),(140,19,1,187,74,39,2,16.00,NULL,1,1,0,'2022-12-11 00:00:23','2022-12-11 00:00:23'),(141,19,1,188,74,39,2,15.00,NULL,1,1,0,'2022-12-11 00:00:26','2022-12-11 00:00:26'),(142,19,2,NULL,74,39,2,14.67,'',1,1,0,'2022-12-11 00:00:26','2022-12-11 00:00:26'),(143,19,1,189,75,39,2,17.00,NULL,1,1,0,'2022-12-11 00:00:29','2022-12-11 00:00:29'),(144,19,1,190,75,39,2,15.00,NULL,1,1,0,'2022-12-11 00:00:32','2022-12-11 00:00:32'),(145,19,1,191,75,39,2,13.00,NULL,1,1,0,'2022-12-11 00:00:36','2022-12-11 00:00:36'),(146,19,2,NULL,75,39,2,15.00,'',1,1,0,'2022-12-11 00:00:36','2022-12-11 00:00:36'),(147,19,1,192,76,39,2,16.00,NULL,1,1,0,'2022-12-11 00:00:39','2022-12-11 00:00:39'),(148,19,1,193,76,39,2,18.00,NULL,1,1,0,'2022-12-11 00:00:42','2022-12-11 00:00:42'),(149,19,1,194,76,39,2,17.00,NULL,1,1,0,'2022-12-11 00:00:45','2022-12-11 00:00:45'),(150,19,2,NULL,76,39,2,17.00,'',1,1,0,'2022-12-11 00:00:45','2022-12-11 00:00:45'),(151,19,3,NULL,NULL,39,2,15.56,'',1,1,0,'2022-12-11 00:00:45','2022-12-11 00:00:45'),(152,19,1,186,74,39,2,18.00,NULL,2,1,0,'2022-12-11 00:00:48','2022-12-11 00:00:48'),(153,19,1,187,74,39,2,15.00,NULL,2,1,0,'2022-12-11 00:00:51','2022-12-11 00:00:51'),(154,19,1,188,74,39,2,17.00,NULL,2,1,0,'2022-12-11 00:00:54','2022-12-11 00:00:54'),(155,19,2,NULL,74,39,2,16.67,'',2,1,0,'2022-12-11 00:00:54','2022-12-11 00:00:54'),(156,19,1,189,75,39,2,15.00,NULL,2,1,0,'2022-12-11 00:00:57','2022-12-11 00:00:57'),(157,19,1,190,75,39,2,14.00,NULL,2,1,0,'2022-12-11 00:01:00','2022-12-11 00:01:00'),(158,19,1,191,75,39,2,15.00,NULL,2,1,0,'2022-12-11 00:01:03','2022-12-11 00:01:03'),(159,19,2,NULL,75,39,2,14.67,'',2,1,0,'2022-12-11 00:01:03','2022-12-11 00:01:03'),(160,19,1,192,76,39,2,17.00,NULL,2,1,0,'2022-12-11 00:01:06','2022-12-11 00:01:06'),(161,19,1,193,76,39,2,15.00,NULL,2,1,0,'2022-12-11 00:01:09','2022-12-11 00:01:09'),(162,19,1,194,76,39,2,14.00,NULL,2,1,0,'2022-12-11 00:01:12','2022-12-11 00:01:12'),(163,19,2,NULL,76,39,2,15.33,'',2,1,0,'2022-12-11 00:01:12','2022-12-11 00:01:12'),(164,19,3,NULL,NULL,39,2,15.56,'',2,1,0,'2022-12-11 00:01:12','2022-12-11 00:01:12'),(165,19,1,186,74,39,2,16.00,NULL,3,1,0,'2022-12-11 00:01:15','2022-12-11 00:01:15'),(166,19,1,186,74,39,2,15.67,'',0,1,0,'2022-12-11 00:01:15','2022-12-11 00:01:15'),(167,19,1,187,74,39,2,15.00,NULL,3,1,0,'2022-12-11 00:01:18','2022-12-11 00:01:18'),(168,19,1,187,74,39,2,15.33,'',0,1,0,'2022-12-11 00:01:18','2022-12-11 00:01:18'),(169,19,1,188,74,39,2,14.00,NULL,3,1,0,'2022-12-11 00:01:20','2022-12-11 00:01:20'),(170,19,2,NULL,74,39,2,15.00,'',3,1,0,'2022-12-11 00:01:20','2022-12-11 00:01:20'),(171,19,2,NULL,74,39,2,15.45,'',0,1,0,'2022-12-11 00:01:20','2022-12-11 00:01:20'),(172,19,1,188,74,39,2,15.33,'',0,1,0,'2022-12-11 00:01:20','2022-12-11 00:01:20'),(173,19,1,189,75,39,2,15.00,NULL,3,1,0,'2022-12-11 00:01:23','2022-12-11 00:01:23'),(174,19,1,189,75,39,2,15.67,'',0,1,0,'2022-12-11 00:01:23','2022-12-11 00:01:23'),(175,19,1,190,75,39,2,14.00,NULL,3,1,0,'2022-12-11 00:01:27','2022-12-11 00:01:27'),(176,19,1,190,75,39,2,14.33,'',0,1,0,'2022-12-11 00:01:27','2022-12-11 00:01:27'),(177,19,1,191,75,39,2,15.00,NULL,3,1,0,'2022-12-11 00:01:29','2022-12-11 00:01:29'),(178,19,2,NULL,75,39,2,14.67,'',3,1,0,'2022-12-11 00:01:29','2022-12-11 00:01:29'),(179,19,2,NULL,75,39,2,14.78,'',0,1,0,'2022-12-11 00:01:29','2022-12-11 00:01:29'),(180,19,1,191,75,39,2,14.33,'',0,1,0,'2022-12-11 00:01:29','2022-12-11 00:01:29'),(181,19,1,192,76,39,2,17.00,NULL,3,1,0,'2022-12-11 00:01:32','2022-12-11 00:01:32'),(182,19,1,192,76,39,2,16.67,'',0,1,0,'2022-12-11 00:01:32','2022-12-11 00:01:32'),(183,19,1,193,76,39,2,16.00,NULL,3,1,0,'2022-12-11 00:01:35','2022-12-11 00:01:35'),(184,19,1,193,76,39,2,16.33,'',0,1,0,'2022-12-11 00:01:35','2022-12-11 00:01:35'),(185,19,1,194,76,39,2,18.00,NULL,3,1,0,'2022-12-11 00:01:39','2022-12-11 00:01:39'),(186,19,2,NULL,76,39,2,17.00,'',3,1,0,'2022-12-11 00:01:39','2022-12-11 00:01:39'),(187,19,3,NULL,NULL,39,2,15.56,'',3,1,0,'2022-12-11 00:01:39','2022-12-11 00:01:39'),(188,19,3,NULL,NULL,39,2,15.56,'',0,1,0,'2022-12-11 00:01:39','2022-12-11 00:01:39'),(189,19,2,NULL,76,39,2,16.44,'',0,1,0,'2022-12-11 00:01:39','2022-12-11 00:01:39'),(190,19,1,194,76,39,2,16.33,'',0,1,0,'2022-12-11 00:01:39','2022-12-11 00:01:39'),(191,19,1,195,77,40,2,14.00,NULL,1,1,0,'2022-12-11 00:01:51','2022-12-11 00:01:51'),(192,19,1,205,77,40,2,16.00,NULL,1,1,0,'2022-12-11 00:01:54','2022-12-11 00:01:54'),(193,19,1,206,77,40,2,15.00,NULL,1,1,0,'2022-12-11 00:01:57','2022-12-11 00:01:57'),(194,19,2,NULL,77,40,2,15.00,'',1,1,0,'2022-12-11 00:01:57','2022-12-11 00:01:57'),(195,19,1,207,78,40,2,17.00,NULL,1,1,0,'2022-12-11 00:02:00','2022-12-11 00:02:00'),(196,19,1,208,78,40,2,14.00,NULL,1,1,0,'2022-12-11 00:02:03','2022-12-11 00:02:03'),(197,19,1,209,78,40,2,16.00,NULL,1,1,0,'2022-12-11 00:02:06','2022-12-11 00:02:06'),(198,19,2,NULL,78,40,2,15.67,'',1,1,0,'2022-12-11 00:02:06','2022-12-11 00:02:06'),(199,19,3,NULL,NULL,40,2,15.34,'',1,1,0,'2022-12-11 00:02:06','2022-12-11 00:02:06'),(200,19,1,195,77,40,2,13.00,NULL,2,1,0,'2022-12-11 00:02:10','2022-12-11 00:02:10'),(201,19,1,205,77,40,2,13.00,NULL,2,1,0,'2022-12-11 00:02:13','2022-12-11 00:02:13'),(202,19,1,206,77,40,2,15.00,NULL,2,1,0,'2022-12-11 00:02:16','2022-12-11 00:02:16'),(203,19,2,NULL,77,40,2,13.67,'',2,1,0,'2022-12-11 00:02:16','2022-12-11 00:02:16'),(204,19,1,207,78,40,2,16.00,NULL,2,1,0,'2022-12-11 00:02:19','2022-12-11 00:02:19'),(205,19,1,208,78,40,2,17.00,NULL,2,1,0,'2022-12-11 00:02:22','2022-12-11 00:02:22'),(206,19,1,209,78,40,2,18.00,NULL,2,1,0,'2022-12-11 00:02:25','2022-12-11 00:02:25'),(207,19,2,NULL,78,40,2,17.00,'',2,1,0,'2022-12-11 00:02:25','2022-12-11 00:02:25'),(208,19,3,NULL,NULL,40,2,15.34,'',2,1,0,'2022-12-11 00:02:25','2022-12-11 00:02:25'),(209,19,1,195,77,40,2,13.00,NULL,3,1,0,'2022-12-11 00:02:28','2022-12-11 00:02:28'),(210,19,1,195,77,40,2,13.33,'',0,1,0,'2022-12-11 00:02:28','2022-12-11 00:02:28'),(211,19,1,205,77,40,2,16.00,NULL,3,1,0,'2022-12-11 00:02:31','2022-12-11 00:02:31'),(212,19,1,205,77,40,2,15.00,'',0,1,0,'2022-12-11 00:02:31','2022-12-11 00:02:31'),(213,19,1,206,77,40,2,17.00,NULL,3,1,0,'2022-12-11 00:02:34','2022-12-11 00:02:34'),(214,19,2,NULL,77,40,2,15.33,'',3,1,0,'2022-12-11 00:02:34','2022-12-11 00:02:34'),(215,19,2,NULL,77,40,2,14.67,'',0,1,0,'2022-12-11 00:02:34','2022-12-11 00:02:34'),(216,19,1,206,77,40,2,15.67,'',0,1,0,'2022-12-11 00:02:34','2022-12-11 00:02:34'),(217,19,1,207,78,40,2,13.00,NULL,3,1,0,'2022-12-11 00:02:37','2022-12-11 00:02:37'),(218,19,1,207,78,40,2,15.33,'',0,1,0,'2022-12-11 00:02:37','2022-12-11 00:02:37'),(219,19,1,208,78,40,2,12.00,NULL,3,1,0,'2022-12-11 00:02:40','2022-12-11 00:02:40'),(220,19,1,208,78,40,2,14.33,'',0,1,0,'2022-12-11 00:02:40','2022-12-11 00:02:40'),(221,19,1,209,78,40,2,15.00,NULL,3,1,0,'2022-12-11 00:02:43','2022-12-11 00:02:43'),(222,19,2,NULL,78,40,2,13.33,'',3,1,0,'2022-12-11 00:02:43','2022-12-11 00:02:43'),(223,19,3,NULL,NULL,40,2,14.33,'',3,1,0,'2022-12-11 00:02:43','2022-12-11 00:02:43'),(224,19,3,NULL,NULL,40,2,15.00,'',0,1,0,'2022-12-11 00:02:43','2022-12-11 00:02:43'),(225,19,2,NULL,78,40,2,15.33,'',0,1,0,'2022-12-11 00:02:43','2022-12-11 00:02:43'),(226,19,1,209,78,40,2,16.33,'',0,1,0,'2022-12-11 00:02:43','2022-12-11 00:02:43'),(227,19,1,210,79,41,2,17.00,NULL,1,1,0,'2022-12-11 00:03:31','2022-12-11 00:03:31'),(228,19,1,211,79,41,2,15.00,NULL,1,1,0,'2022-12-11 00:03:34','2022-12-11 00:03:34'),(229,19,1,212,79,41,2,14.00,NULL,1,1,0,'2022-12-11 00:03:37','2022-12-11 00:03:37'),(230,19,2,NULL,79,41,2,15.33,'',1,1,0,'2022-12-11 00:03:37','2022-12-11 00:03:37'),(231,19,1,213,80,41,2,15.00,NULL,1,1,0,'2022-12-11 00:03:40','2022-12-11 00:03:40'),(232,19,1,214,80,41,2,15.00,NULL,1,1,0,'2022-12-11 00:03:43','2022-12-11 00:03:43'),(233,19,1,215,80,41,2,16.00,NULL,1,1,0,'2022-12-11 00:03:46','2022-12-11 00:03:46'),(234,19,2,NULL,80,41,2,15.33,'',1,1,0,'2022-12-11 00:03:46','2022-12-11 00:03:46'),(235,19,1,216,81,41,2,17.00,NULL,1,1,0,'2022-12-11 00:03:49','2022-12-11 00:03:49'),(236,19,1,217,81,41,2,13.00,NULL,1,1,0,'2022-12-11 00:03:52','2022-12-11 00:03:52'),(237,19,1,218,81,41,2,16.00,NULL,1,1,0,'2022-12-11 00:03:55','2022-12-11 00:03:55'),(238,19,2,NULL,81,41,2,15.33,'',1,1,0,'2022-12-11 00:03:55','2022-12-11 00:03:55'),(239,19,3,NULL,NULL,41,2,15.33,'',1,1,0,'2022-12-11 00:03:55','2022-12-11 00:03:55'),(240,19,1,210,79,41,2,17.00,NULL,2,1,0,'2022-12-11 00:03:59','2022-12-11 00:03:59'),(241,19,1,211,79,41,2,13.00,NULL,2,1,0,'2022-12-11 00:04:02','2022-12-11 00:04:02'),(242,19,1,212,79,41,2,14.00,NULL,2,1,0,'2022-12-11 00:04:05','2022-12-11 00:04:05'),(243,19,2,NULL,79,41,2,14.67,'',2,1,0,'2022-12-11 00:04:05','2022-12-11 00:04:05'),(244,19,1,213,80,41,2,16.00,NULL,2,1,0,'2022-12-11 00:04:08','2022-12-11 00:04:08'),(245,19,1,214,80,41,2,17.00,NULL,2,1,0,'2022-12-11 00:04:11','2022-12-11 00:04:11'),(246,19,1,215,80,41,2,18.00,NULL,2,1,0,'2022-12-11 00:04:14','2022-12-11 00:04:14'),(247,19,2,NULL,80,41,2,17.00,'',2,1,0,'2022-12-11 00:04:14','2022-12-11 00:04:14'),(248,19,1,216,81,41,2,13.00,NULL,2,1,0,'2022-12-11 00:04:17','2022-12-11 00:04:17'),(249,19,1,217,81,41,2,16.00,NULL,2,1,0,'2022-12-11 00:04:21','2022-12-11 00:04:21'),(250,19,1,218,81,41,2,17.00,NULL,2,1,0,'2022-12-11 00:04:23','2022-12-11 00:04:23'),(251,19,2,NULL,81,41,2,15.33,'',2,1,0,'2022-12-11 00:04:23','2022-12-11 00:04:23'),(252,19,3,NULL,NULL,41,2,15.67,'',2,1,0,'2022-12-11 00:04:23','2022-12-11 00:04:23'),(253,19,1,210,79,41,2,18.00,NULL,3,1,0,'2022-12-11 00:04:26','2022-12-11 00:04:26'),(254,19,1,210,79,41,2,17.33,'',0,1,0,'2022-12-11 00:04:26','2022-12-11 00:04:26'),(255,19,1,211,79,41,2,19.00,NULL,3,1,0,'2022-12-11 00:04:30','2022-12-11 00:04:30'),(256,19,1,211,79,41,2,15.67,'',0,1,0,'2022-12-11 00:04:30','2022-12-11 00:04:30'),(257,19,1,212,79,41,2,13.00,NULL,3,1,0,'2022-12-11 00:04:32','2022-12-11 00:04:32'),(258,19,2,NULL,79,41,2,16.67,'',3,1,0,'2022-12-11 00:04:32','2022-12-11 00:04:32'),(259,19,2,NULL,79,41,2,15.56,'',0,1,0,'2022-12-11 00:04:32','2022-12-11 00:04:32'),(260,19,1,212,79,41,2,13.67,'',0,1,0,'2022-12-11 00:04:32','2022-12-11 00:04:32'),(261,19,1,213,80,41,2,14.00,NULL,3,1,0,'2022-12-11 00:04:35','2022-12-11 00:04:35'),(262,19,1,213,80,41,2,15.00,'',0,1,0,'2022-12-11 00:04:35','2022-12-11 00:04:35'),(263,19,1,214,80,41,2,16.00,NULL,3,1,0,'2022-12-11 00:04:38','2022-12-11 00:04:38'),(264,19,1,214,80,41,2,16.00,'',0,1,0,'2022-12-11 00:04:38','2022-12-11 00:04:38'),(265,19,1,215,80,41,2,15.00,NULL,3,1,0,'2022-12-11 00:04:42','2022-12-11 00:04:42'),(266,19,2,NULL,80,41,2,15.00,'',3,1,0,'2022-12-11 00:04:42','2022-12-11 00:04:42'),(267,19,2,NULL,80,41,2,15.78,'',0,1,0,'2022-12-11 00:04:42','2022-12-11 00:04:42'),(268,19,1,215,80,41,2,16.33,'',0,1,0,'2022-12-11 00:04:42','2022-12-11 00:04:42'),(269,19,1,216,81,41,2,17.00,NULL,3,1,0,'2022-12-11 00:04:44','2022-12-11 00:04:44'),(270,19,1,216,81,41,2,15.67,'',0,1,0,'2022-12-11 00:04:44','2022-12-11 00:04:44'),(271,19,1,217,81,41,2,18.00,NULL,3,1,0,'2022-12-11 00:04:47','2022-12-11 00:04:47'),(272,19,1,217,81,41,2,15.67,'',0,1,0,'2022-12-11 00:04:47','2022-12-11 00:04:47'),(273,19,1,218,81,41,2,14.00,NULL,3,1,0,'2022-12-11 00:04:50','2022-12-11 00:04:50'),(274,19,2,NULL,81,41,2,16.33,'',3,1,0,'2022-12-11 00:04:50','2022-12-11 00:04:50'),(275,19,3,NULL,NULL,41,2,16.00,'',3,1,0,'2022-12-11 00:04:50','2022-12-11 00:04:50'),(276,19,3,NULL,NULL,41,2,15.67,'',0,1,0,'2022-12-11 00:04:50','2022-12-11 00:04:50'),(277,19,2,NULL,81,41,2,15.66,'',0,1,0,'2022-12-11 00:04:50','2022-12-11 00:04:50'),(278,19,1,218,81,41,2,15.67,'',0,1,0,'2022-12-11 00:04:50','2022-12-11 00:04:50'),(279,19,1,219,82,42,2,16.00,NULL,1,1,0,'2022-12-11 00:05:10','2022-12-11 00:05:10'),(280,19,1,220,82,42,2,17.00,NULL,1,1,0,'2022-12-11 00:05:13','2022-12-11 00:05:13'),(281,19,1,221,82,42,2,18.00,NULL,1,1,0,'2022-12-11 00:05:16','2022-12-11 00:05:16'),(282,19,2,NULL,82,42,2,17.00,'',1,1,0,'2022-12-11 00:05:16','2022-12-11 00:05:16'),(283,19,1,222,83,42,2,13.00,NULL,1,1,0,'2022-12-11 00:05:21','2022-12-11 00:05:21'),(284,19,1,223,83,42,2,15.00,NULL,1,1,0,'2022-12-11 00:05:24','2022-12-11 00:05:24'),(285,19,1,224,83,42,2,18.00,NULL,1,1,0,'2022-12-11 00:05:27','2022-12-11 00:05:27'),(286,19,2,NULL,83,42,2,15.33,'',1,1,0,'2022-12-11 00:05:27','2022-12-11 00:05:27'),(287,19,1,225,84,42,2,19.00,NULL,1,1,0,'2022-12-11 00:05:30','2022-12-11 00:05:30'),(288,19,1,226,84,42,2,13.00,NULL,1,1,0,'2022-12-11 00:05:34','2022-12-11 00:05:34'),(289,19,1,227,84,42,2,14.00,NULL,1,1,0,'2022-12-11 00:05:37','2022-12-11 00:05:37'),(290,19,2,NULL,84,42,2,15.33,'',1,1,0,'2022-12-11 00:05:37','2022-12-11 00:05:37'),(291,19,3,NULL,NULL,42,2,15.89,'',1,1,0,'2022-12-11 00:05:37','2022-12-11 00:05:37'),(292,19,1,219,82,42,2,16.00,NULL,2,1,0,'2022-12-11 00:05:40','2022-12-11 00:05:40'),(293,19,1,220,82,42,2,15.00,NULL,2,1,0,'2022-12-11 00:05:43','2022-12-11 00:05:43'),(294,19,1,221,82,42,2,17.00,NULL,2,1,0,'2022-12-11 00:05:46','2022-12-11 00:05:46'),(295,19,2,NULL,82,42,2,16.00,'',2,1,0,'2022-12-11 00:05:46','2022-12-11 00:05:46'),(296,19,1,222,83,42,2,13.00,NULL,2,1,0,'2022-12-11 00:05:49','2022-12-11 00:05:49'),(297,19,1,223,83,42,2,15.00,NULL,2,1,0,'2022-12-11 00:05:52','2022-12-11 00:05:52'),(298,19,1,224,83,42,2,14.00,NULL,2,1,0,'2022-12-11 00:05:55','2022-12-11 00:05:55'),(299,19,2,NULL,83,42,2,14.00,'',2,1,0,'2022-12-11 00:05:55','2022-12-11 00:05:55'),(300,19,1,225,84,42,2,15.00,NULL,2,1,0,'2022-12-11 00:05:58','2022-12-11 00:05:58'),(301,19,1,226,84,42,2,14.00,NULL,2,1,0,'2022-12-11 00:06:01','2022-12-11 00:06:01'),(302,19,1,227,84,42,2,16.00,NULL,2,1,0,'2022-12-11 00:06:05','2022-12-11 00:06:05'),(303,19,2,NULL,84,42,2,15.00,'',2,1,0,'2022-12-11 00:06:05','2022-12-11 00:06:05'),(304,19,3,NULL,NULL,42,2,15.00,'',2,1,0,'2022-12-11 00:06:05','2022-12-11 00:06:05'),(305,19,1,219,82,42,2,17.00,NULL,3,1,0,'2022-12-11 00:06:09','2022-12-11 00:06:09'),(306,19,1,219,82,42,2,16.33,'',0,1,0,'2022-12-11 00:06:09','2022-12-11 00:06:09'),(307,19,1,220,82,42,2,18.00,NULL,3,1,0,'2022-12-11 00:06:12','2022-12-11 00:06:12'),(308,19,1,220,82,42,2,16.67,'',0,1,0,'2022-12-11 00:06:12','2022-12-11 00:06:12'),(309,19,1,221,82,42,2,19.00,NULL,3,1,0,'2022-12-11 00:06:15','2022-12-11 00:06:15'),(310,19,2,NULL,82,42,2,18.00,'',3,1,0,'2022-12-11 00:06:15','2022-12-11 00:06:15'),(311,19,2,NULL,82,42,2,17.00,'',0,1,0,'2022-12-11 00:06:15','2022-12-11 00:06:15'),(312,19,1,221,82,42,2,18.00,'',0,1,0,'2022-12-11 00:06:15','2022-12-11 00:06:15'),(313,19,1,222,83,42,2,13.00,NULL,3,1,0,'2022-12-11 00:06:18','2022-12-11 00:06:18'),(314,19,1,222,83,42,2,13.00,'',0,1,0,'2022-12-11 00:06:18','2022-12-11 00:06:18'),(315,19,1,223,83,42,2,12.00,NULL,3,1,0,'2022-12-11 00:06:20','2022-12-11 00:06:20'),(316,19,1,223,83,42,2,14.00,'',0,1,0,'2022-12-11 00:06:20','2022-12-11 00:06:20'),(317,19,1,224,83,42,2,15.00,NULL,3,1,0,'2022-12-11 00:06:23','2022-12-11 00:06:23'),(318,19,2,NULL,83,42,2,13.33,'',3,1,0,'2022-12-11 00:06:23','2022-12-11 00:06:23'),(319,19,2,NULL,83,42,2,14.22,'',0,1,0,'2022-12-11 00:06:23','2022-12-11 00:06:23'),(320,19,1,224,83,42,2,15.67,'',0,1,0,'2022-12-11 00:06:23','2022-12-11 00:06:23'),(321,19,1,225,84,42,2,16.00,NULL,3,1,0,'2022-12-11 00:06:26','2022-12-11 00:06:26'),(322,19,1,225,84,42,2,16.67,'',0,1,0,'2022-12-11 00:06:26','2022-12-11 00:06:26'),(323,19,1,226,84,42,2,17.00,NULL,3,1,0,'2022-12-11 00:06:28','2022-12-11 00:06:28'),(324,19,1,226,84,42,2,14.67,'',0,1,0,'2022-12-11 00:06:28','2022-12-11 00:06:28'),(325,19,1,227,84,42,2,13.00,NULL,3,1,0,'2022-12-11 00:06:31','2022-12-11 00:06:31'),(326,19,2,NULL,84,42,2,15.33,'',3,1,0,'2022-12-11 00:06:31','2022-12-11 00:06:31'),(327,19,3,NULL,NULL,42,2,15.55,'',3,1,0,'2022-12-11 00:06:31','2022-12-11 00:06:31'),(328,19,3,NULL,NULL,42,2,15.48,'',0,1,0,'2022-12-11 00:06:31','2022-12-11 00:06:31'),(329,19,2,NULL,84,42,2,15.22,'',0,1,0,'2022-12-11 00:06:31','2022-12-11 00:06:31'),(330,19,1,227,84,42,2,14.33,'',0,1,0,'2022-12-11 00:06:31','2022-12-11 00:06:31'),(331,19,1,228,85,43,2,12.00,NULL,1,1,0,'2022-12-11 00:06:41','2022-12-11 00:06:41'),(332,19,1,229,85,43,2,14.00,NULL,1,1,0,'2022-12-11 00:06:43','2022-12-11 00:06:43'),(333,19,1,230,85,43,2,15.00,NULL,1,1,0,'2022-12-11 00:06:46','2022-12-11 00:06:46'),(334,19,2,NULL,85,43,2,13.67,'',1,1,0,'2022-12-11 00:06:46','2022-12-11 00:06:46'),(335,19,1,231,86,43,2,16.00,NULL,1,1,0,'2022-12-11 00:06:50','2022-12-11 00:06:50'),(336,19,1,232,86,43,2,11.00,NULL,1,1,0,'2022-12-11 00:06:54','2022-12-11 00:06:54'),(337,19,1,233,86,43,2,13.00,NULL,1,1,0,'2022-12-11 00:06:56','2022-12-11 00:06:56'),(338,19,2,NULL,86,43,2,13.33,'',1,1,0,'2022-12-11 00:06:56','2022-12-11 00:06:56'),(339,19,1,234,87,43,2,14.00,NULL,1,1,0,'2022-12-11 00:06:59','2022-12-11 00:06:59'),(340,19,1,235,87,43,2,15.00,NULL,1,1,0,'2022-12-11 00:07:02','2022-12-11 00:07:02'),(341,19,1,236,87,43,2,16.00,NULL,1,1,0,'2022-12-11 00:07:05','2022-12-11 00:07:05'),(342,19,2,NULL,87,43,2,15.00,'',1,1,0,'2022-12-11 00:07:05','2022-12-11 00:07:05'),(343,19,1,237,88,43,2,14.00,NULL,1,1,0,'2022-12-11 00:07:08','2022-12-11 00:07:08'),(344,19,1,238,88,43,2,16.00,NULL,1,1,0,'2022-12-11 00:07:11','2022-12-11 00:07:11'),(345,19,1,239,88,43,2,15.00,NULL,1,1,0,'2022-12-11 00:07:14','2022-12-11 00:07:14'),(346,19,2,NULL,88,43,2,15.00,'',1,1,0,'2022-12-11 00:07:14','2022-12-11 00:07:14'),(347,19,3,NULL,NULL,43,2,14.25,'',1,1,0,'2022-12-11 00:07:14','2022-12-11 00:07:14'),(348,19,1,228,85,43,2,12.00,NULL,2,1,0,'2022-12-11 00:07:16','2022-12-11 00:07:16'),(349,19,1,229,85,43,2,13.00,NULL,2,1,0,'2022-12-11 00:07:20','2022-12-11 00:07:20'),(350,19,1,230,85,43,2,15.00,NULL,2,1,0,'2022-12-11 00:07:23','2022-12-11 00:07:23'),(351,19,2,NULL,85,43,2,13.33,'',2,1,0,'2022-12-11 00:07:23','2022-12-11 00:07:23'),(352,19,1,231,86,43,2,14.00,NULL,2,1,0,'2022-12-11 00:07:26','2022-12-11 00:07:26'),(353,19,1,232,86,43,2,16.00,NULL,2,1,0,'2022-12-11 00:07:29','2022-12-11 00:07:29'),(354,19,1,233,86,43,2,17.00,NULL,2,1,0,'2022-12-11 00:07:33','2022-12-11 00:07:33'),(355,19,2,NULL,86,43,2,15.67,'',2,1,0,'2022-12-11 00:07:33','2022-12-11 00:07:33'),(356,19,1,234,87,43,2,18.00,NULL,2,1,0,'2022-12-11 00:07:36','2022-12-11 00:07:36'),(357,19,1,235,87,43,2,19.00,NULL,2,1,0,'2022-12-11 00:07:40','2022-12-11 00:07:40'),(358,19,1,236,87,43,2,20.00,NULL,2,1,0,'2022-12-11 00:07:43','2022-12-11 00:07:43'),(359,19,2,NULL,87,43,2,19.00,'',2,1,0,'2022-12-11 00:07:43','2022-12-11 00:07:43'),(360,19,1,237,88,43,2,13.00,NULL,2,1,0,'2022-12-11 00:07:46','2022-12-11 00:07:46'),(361,19,1,238,88,43,2,14.00,NULL,2,1,0,'2022-12-11 00:07:49','2022-12-11 00:07:49'),(362,19,1,239,88,43,2,17.00,NULL,2,1,0,'2022-12-11 00:07:52','2022-12-11 00:07:52'),(363,19,2,NULL,88,43,2,14.67,'',2,1,0,'2022-12-11 00:07:52','2022-12-11 00:07:52'),(364,19,3,NULL,NULL,43,2,15.67,'',2,1,0,'2022-12-11 00:07:52','2022-12-11 00:07:52'),(365,19,1,228,85,43,2,16.00,NULL,3,1,0,'2022-12-11 00:07:55','2022-12-11 00:07:55'),(366,19,1,228,85,43,2,13.33,'',0,1,0,'2022-12-11 00:07:55','2022-12-11 00:07:55'),(367,19,1,229,85,43,2,17.00,NULL,3,1,0,'2022-12-11 00:07:58','2022-12-11 00:07:58'),(368,19,1,229,85,43,2,14.67,'',0,1,0,'2022-12-11 00:07:58','2022-12-11 00:07:58'),(369,19,1,230,85,43,2,18.00,NULL,3,1,0,'2022-12-11 00:08:01','2022-12-11 00:08:01'),(370,19,2,NULL,85,43,2,17.00,'',3,1,0,'2022-12-11 00:08:01','2022-12-11 00:08:01'),(371,19,2,NULL,85,43,2,14.67,'',0,1,0,'2022-12-11 00:08:01','2022-12-11 00:08:01'),(372,19,1,230,85,43,2,16.00,'',0,1,0,'2022-12-11 00:08:01','2022-12-11 00:08:01'),(373,19,1,231,86,43,2,19.00,NULL,3,1,0,'2022-12-11 00:08:04','2022-12-11 00:08:04'),(374,19,1,231,86,43,2,16.33,'',0,1,0,'2022-12-11 00:08:04','2022-12-11 00:08:04'),(375,19,1,232,86,43,2,14.00,NULL,3,1,0,'2022-12-11 00:08:07','2022-12-11 00:08:07'),(376,19,1,232,86,43,2,13.67,'',0,1,0,'2022-12-11 00:08:07','2022-12-11 00:08:07'),(377,19,1,233,86,43,2,16.00,NULL,3,1,0,'2022-12-11 00:08:10','2022-12-11 00:08:10'),(378,19,2,NULL,86,43,2,16.33,'',3,1,0,'2022-12-11 00:08:10','2022-12-11 00:08:10'),(379,19,2,NULL,86,43,2,15.11,'',0,1,0,'2022-12-11 00:08:10','2022-12-11 00:08:10'),(380,19,1,233,86,43,2,15.33,'',0,1,0,'2022-12-11 00:08:10','2022-12-11 00:08:10'),(381,19,1,234,87,43,2,17.00,NULL,3,1,0,'2022-12-11 00:08:12','2022-12-11 00:08:12'),(382,19,1,234,87,43,2,16.33,'',0,1,0,'2022-12-11 00:08:12','2022-12-11 00:08:12'),(383,19,1,235,87,43,2,18.00,NULL,3,1,0,'2022-12-11 00:08:15','2022-12-11 00:08:15'),(384,19,1,235,87,43,2,17.33,'',0,1,0,'2022-12-11 00:08:15','2022-12-11 00:08:15'),(385,19,1,236,87,43,2,19.00,NULL,3,1,0,'2022-12-11 00:08:18','2022-12-11 00:08:18'),(386,19,2,NULL,87,43,2,18.00,'',3,1,0,'2022-12-11 00:08:18','2022-12-11 00:08:18'),(387,19,2,NULL,87,43,2,17.33,'',0,1,0,'2022-12-11 00:08:18','2022-12-11 00:08:18'),(388,19,1,236,87,43,2,18.33,'',0,1,0,'2022-12-11 00:08:18','2022-12-11 00:08:18'),(389,19,1,237,88,43,2,20.00,NULL,3,1,0,'2022-12-11 00:08:22','2022-12-11 00:08:22'),(390,19,1,237,88,43,2,15.67,'',0,1,0,'2022-12-11 00:08:22','2022-12-11 00:08:22'),(391,19,1,238,88,43,2,14.00,NULL,3,1,0,'2022-12-11 00:08:24','2022-12-11 00:08:24'),(392,19,1,238,88,43,2,14.67,'',0,1,0,'2022-12-11 00:08:24','2022-12-11 00:08:24'),(393,19,1,239,88,43,2,16.00,NULL,3,1,0,'2022-12-11 00:08:27','2022-12-11 00:08:27'),(394,19,2,NULL,88,43,2,16.67,'',3,1,0,'2022-12-11 00:08:27','2022-12-11 00:08:27'),(395,19,3,NULL,NULL,43,2,17.00,'',3,1,0,'2022-12-11 00:08:27','2022-12-11 00:08:27'),(396,19,3,NULL,NULL,43,2,15.64,'',0,1,0,'2022-12-11 00:08:27','2022-12-11 00:08:27'),(397,19,2,NULL,88,43,2,15.45,'',0,1,0,'2022-12-11 00:08:27','2022-12-11 00:08:27'),(398,19,1,239,88,43,2,16.00,'',0,1,0,'2022-12-11 00:08:27','2022-12-11 00:08:27'),(399,19,1,240,89,44,2,14.00,NULL,1,1,0,'2022-12-11 00:08:38','2022-12-11 00:08:38'),(400,19,1,241,89,44,2,15.00,NULL,1,1,0,'2022-12-11 00:08:41','2022-12-11 00:08:41'),(401,19,1,242,89,44,2,16.00,NULL,1,1,0,'2022-12-11 00:08:43','2022-12-11 00:08:43'),(402,19,2,NULL,89,44,2,15.00,'',1,1,0,'2022-12-11 00:08:43','2022-12-11 00:08:43'),(403,19,1,243,90,44,2,14.00,NULL,1,1,0,'2022-12-11 00:08:46','2022-12-11 00:08:46'),(404,19,1,244,90,44,2,16.00,NULL,1,1,0,'2022-12-11 00:08:49','2022-12-11 00:08:49'),(405,19,1,245,90,44,2,13.00,NULL,1,1,0,'2022-12-11 00:08:52','2022-12-11 00:08:52'),(406,19,2,NULL,90,44,2,14.33,'',1,1,0,'2022-12-11 00:08:52','2022-12-11 00:08:52'),(407,19,1,246,91,44,2,14.00,NULL,1,1,0,'2022-12-11 00:08:55','2022-12-11 00:08:55'),(408,19,1,247,91,44,2,15.00,NULL,1,1,0,'2022-12-11 00:08:58','2022-12-11 00:08:58'),(409,19,1,248,91,44,2,15.00,NULL,1,1,0,'2022-12-11 00:09:00','2022-12-11 00:09:00'),(410,19,2,NULL,91,44,2,14.67,'',1,1,0,'2022-12-11 00:09:00','2022-12-11 00:09:00'),(411,19,3,NULL,NULL,44,2,14.67,'',1,1,0,'2022-12-11 00:09:00','2022-12-11 00:09:00'),(412,19,1,240,89,44,2,13.00,NULL,2,1,0,'2022-12-11 00:09:02','2022-12-11 00:09:02'),(413,19,1,241,89,44,2,13.00,NULL,2,1,0,'2022-12-11 00:09:06','2022-12-11 00:09:06'),(414,19,1,242,89,44,2,14.00,NULL,2,1,0,'2022-12-11 00:09:09','2022-12-11 00:09:09'),(415,19,2,NULL,89,44,2,13.33,'',2,1,0,'2022-12-11 00:09:09','2022-12-11 00:09:09'),(416,19,1,243,90,44,2,16.00,NULL,2,1,0,'2022-12-11 00:09:12','2022-12-11 00:09:12'),(417,19,1,244,90,44,2,17.00,NULL,2,1,0,'2022-12-11 00:09:14','2022-12-11 00:09:14'),(418,19,1,245,90,44,2,13.00,NULL,2,1,0,'2022-12-11 00:09:18','2022-12-11 00:09:18'),(419,19,2,NULL,90,44,2,15.33,'',2,1,0,'2022-12-11 00:09:18','2022-12-11 00:09:18'),(420,19,1,246,91,44,2,16.00,NULL,2,1,0,'2022-12-11 00:09:21','2022-12-11 00:09:21'),(421,19,1,247,91,44,2,17.00,NULL,2,1,0,'2022-12-11 00:09:24','2022-12-11 00:09:24'),(422,19,1,248,91,44,2,18.00,NULL,2,1,0,'2022-12-11 00:09:27','2022-12-11 00:09:27'),(423,19,2,NULL,91,44,2,17.00,'',2,1,0,'2022-12-11 00:09:27','2022-12-11 00:09:27'),(424,19,3,NULL,NULL,44,2,15.22,'',2,1,0,'2022-12-11 00:09:27','2022-12-11 00:09:27'),(425,19,1,240,89,44,2,13.00,NULL,3,1,0,'2022-12-11 00:09:30','2022-12-11 00:09:30'),(426,19,1,240,89,44,2,13.33,'',0,1,0,'2022-12-11 00:09:30','2022-12-11 00:09:30'),(427,19,1,241,89,44,2,12.00,NULL,3,1,0,'2022-12-11 00:09:32','2022-12-11 00:09:32'),(428,19,1,241,89,44,2,13.33,'',0,1,0,'2022-12-11 00:09:32','2022-12-11 00:09:32'),(429,19,1,242,89,44,2,15.00,NULL,3,1,0,'2022-12-11 00:09:35','2022-12-11 00:09:35'),(430,19,2,NULL,89,44,2,13.33,'',3,1,0,'2022-12-11 00:09:35','2022-12-11 00:09:35'),(431,19,2,NULL,89,44,2,13.89,'',0,1,0,'2022-12-11 00:09:35','2022-12-11 00:09:35'),(432,19,1,242,89,44,2,15.00,'',0,1,0,'2022-12-11 00:09:35','2022-12-11 00:09:35'),(433,19,1,243,90,44,2,16.00,NULL,3,1,0,'2022-12-11 00:09:38','2022-12-11 00:09:38'),(434,19,1,243,90,44,2,15.33,'',0,1,0,'2022-12-11 00:09:38','2022-12-11 00:09:38'),(435,19,1,244,90,44,2,17.00,NULL,3,1,0,'2022-12-11 00:09:41','2022-12-11 00:09:41'),(436,19,1,244,90,44,2,16.67,'',0,1,0,'2022-12-11 00:09:41','2022-12-11 00:09:41'),(437,19,1,245,90,44,2,18.00,NULL,3,1,0,'2022-12-11 00:09:44','2022-12-11 00:09:44'),(438,19,2,NULL,90,44,2,17.00,'',3,1,0,'2022-12-11 00:09:44','2022-12-11 00:09:44'),(439,19,2,NULL,90,44,2,15.55,'',0,1,0,'2022-12-11 00:09:44','2022-12-11 00:09:44'),(440,19,1,245,90,44,2,14.67,'',0,1,0,'2022-12-11 00:09:44','2022-12-11 00:09:44'),(441,19,1,246,91,44,2,19.00,NULL,3,1,0,'2022-12-11 00:09:47','2022-12-11 00:09:47'),(442,19,1,246,91,44,2,16.33,'',0,1,0,'2022-12-11 00:09:47','2022-12-11 00:09:47'),(443,19,1,247,91,44,2,15.00,NULL,3,1,0,'2022-12-11 00:09:50','2022-12-11 00:09:50'),(444,19,1,247,91,44,2,15.67,'',0,1,0,'2022-12-11 00:09:50','2022-12-11 00:09:50'),(445,19,1,248,91,44,2,14.00,NULL,3,1,0,'2022-12-11 00:09:53','2022-12-11 00:09:53'),(446,19,2,NULL,91,44,2,16.00,'',3,1,0,'2022-12-11 00:09:53','2022-12-11 00:09:53'),(447,19,3,NULL,NULL,44,2,15.44,'',3,1,0,'2022-12-11 00:09:53','2022-12-11 00:09:53'),(448,19,3,NULL,NULL,44,2,15.11,'',0,1,0,'2022-12-11 00:09:53','2022-12-11 00:09:53'),(449,19,2,NULL,91,44,2,15.89,'',0,1,0,'2022-12-11 00:09:53','2022-12-11 00:09:53'),(450,19,1,248,91,44,2,15.67,'',0,1,0,'2022-12-11 00:09:53','2022-12-11 00:09:53'),(451,19,1,249,92,45,2,14.00,NULL,1,1,0,'2022-12-11 00:10:34','2022-12-11 00:10:34'),(452,19,1,250,92,45,2,15.00,NULL,1,1,0,'2022-12-11 00:10:37','2022-12-11 00:10:37'),(453,19,1,251,92,45,2,13.00,NULL,1,1,0,'2022-12-11 00:10:40','2022-12-11 00:10:40'),(454,19,2,NULL,92,45,2,14.00,'',1,1,0,'2022-12-11 00:10:40','2022-12-11 00:10:40'),(455,19,1,252,93,45,2,16.00,NULL,1,1,0,'2022-12-11 00:10:43','2022-12-11 00:10:43'),(456,19,1,253,93,45,2,17.00,NULL,1,1,0,'2022-12-11 00:10:46','2022-12-11 00:10:46'),(457,19,1,254,93,45,2,13.00,NULL,1,1,0,'2022-12-11 00:10:48','2022-12-11 00:10:48'),(458,19,2,NULL,93,45,2,15.33,'',1,1,0,'2022-12-11 00:10:48','2022-12-11 00:10:48'),(459,19,3,NULL,NULL,45,2,14.67,'',1,1,0,'2022-12-11 00:10:48','2022-12-11 00:10:48'),(460,19,1,249,92,45,2,17.00,NULL,2,1,0,'2022-12-11 00:10:52','2022-12-11 00:10:52'),(461,19,1,250,92,45,2,16.00,NULL,2,1,0,'2022-12-11 00:10:54','2022-12-11 00:10:54'),(462,19,1,251,92,45,2,18.00,NULL,2,1,0,'2022-12-11 00:10:57','2022-12-11 00:10:57'),(463,19,2,NULL,92,45,2,17.00,'',2,1,0,'2022-12-11 00:10:57','2022-12-11 00:10:57'),(464,19,1,252,93,45,2,19.00,NULL,2,1,0,'2022-12-11 00:10:59','2022-12-11 00:10:59'),(465,19,1,253,93,45,2,17.00,NULL,2,1,0,'2022-12-11 00:11:02','2022-12-11 00:11:02'),(466,19,1,254,93,45,2,16.00,NULL,2,1,0,'2022-12-11 00:11:06','2022-12-11 00:11:06'),(467,19,2,NULL,93,45,2,17.33,'',2,1,0,'2022-12-11 00:11:06','2022-12-11 00:11:06'),(468,19,3,NULL,NULL,45,2,17.17,'',2,1,0,'2022-12-11 00:11:06','2022-12-11 00:11:06'),(469,19,1,249,92,45,2,15.00,NULL,3,1,0,'2022-12-11 00:11:08','2022-12-11 00:11:08'),(470,19,1,249,92,45,2,15.33,'',0,1,0,'2022-12-11 00:11:08','2022-12-11 00:11:08'),(471,19,1,250,92,45,2,16.00,NULL,3,1,0,'2022-12-11 00:11:10','2022-12-11 00:11:10'),(472,19,1,250,92,45,2,15.67,'',0,1,0,'2022-12-11 00:11:10','2022-12-11 00:11:10'),(473,19,1,251,92,45,2,14.00,NULL,3,1,0,'2022-12-11 00:11:13','2022-12-11 00:11:13'),(474,19,2,NULL,92,45,2,15.00,'',3,1,0,'2022-12-11 00:11:13','2022-12-11 00:11:13'),(475,19,2,NULL,92,45,2,15.33,'',0,1,0,'2022-12-11 00:11:13','2022-12-11 00:11:13'),(476,19,1,251,92,45,2,15.00,'',0,1,0,'2022-12-11 00:11:13','2022-12-11 00:11:13'),(477,19,1,252,93,45,2,16.00,NULL,3,1,0,'2022-12-11 00:11:15','2022-12-11 00:11:15'),(478,19,1,252,93,45,2,17.00,'',0,1,0,'2022-12-11 00:11:15','2022-12-11 00:11:15'),(479,19,1,253,93,45,2,17.00,NULL,3,1,0,'2022-12-11 00:11:18','2022-12-11 00:11:18'),(480,19,1,253,93,45,2,17.00,'',0,1,0,'2022-12-11 00:11:18','2022-12-11 00:11:18'),(481,19,1,254,93,45,2,16.00,NULL,3,1,0,'2022-12-11 00:11:21','2022-12-11 00:11:21'),(482,19,2,NULL,93,45,2,16.33,'',3,1,0,'2022-12-11 00:11:21','2022-12-11 00:11:21'),(483,19,3,NULL,NULL,45,2,15.67,'',3,1,0,'2022-12-11 00:11:21','2022-12-11 00:11:21'),(484,19,3,NULL,NULL,45,2,15.84,'',0,1,0,'2022-12-11 00:11:21','2022-12-11 00:11:21'),(485,19,2,NULL,93,45,2,16.33,'',0,1,0,'2022-12-11 00:11:21','2022-12-11 00:11:21'),(486,19,1,254,93,45,2,15.00,'',0,1,0,'2022-12-11 00:11:21','2022-12-11 00:11:21'),(487,19,1,255,94,46,2,17.00,NULL,1,1,0,'2022-12-11 00:11:30','2022-12-11 00:11:30'),(488,19,1,256,94,46,2,14.00,NULL,1,1,0,'2022-12-11 00:11:36','2022-12-11 00:11:36'),(489,19,1,257,94,46,2,15.00,NULL,1,1,0,'2022-12-11 00:11:39','2022-12-11 00:11:39'),(490,19,2,NULL,94,46,2,15.33,'',1,1,0,'2022-12-11 00:11:39','2022-12-11 00:11:39'),(491,19,1,258,95,46,2,16.00,NULL,1,1,0,'2022-12-11 00:11:42','2022-12-11 00:11:42'),(492,19,1,259,95,46,2,17.00,NULL,1,1,0,'2022-12-11 00:11:44','2022-12-11 00:11:44'),(493,19,1,260,95,46,2,13.00,NULL,1,1,0,'2022-12-11 00:11:47','2022-12-11 00:11:47'),(494,19,2,NULL,95,46,2,15.33,'',1,1,0,'2022-12-11 00:11:47','2022-12-11 00:11:47'),(495,19,3,NULL,NULL,46,2,15.33,'',1,1,0,'2022-12-11 00:11:47','2022-12-11 00:11:47'),(496,19,1,255,94,46,2,12.00,NULL,2,1,0,'2022-12-11 00:11:49','2022-12-11 00:11:49'),(497,19,1,256,94,46,2,15.00,NULL,2,1,0,'2022-12-11 00:11:52','2022-12-11 00:11:52'),(498,19,1,257,94,46,2,16.00,NULL,2,1,0,'2022-12-11 00:11:55','2022-12-11 00:11:55'),(499,19,2,NULL,94,46,2,14.33,'',2,1,0,'2022-12-11 00:11:55','2022-12-11 00:11:55'),(500,19,1,258,95,46,2,13.00,NULL,2,1,0,'2022-12-11 00:11:57','2022-12-11 00:11:57'),(501,19,1,259,95,46,2,15.00,NULL,2,1,0,'2022-12-11 00:11:59','2022-12-11 00:11:59'),(502,19,1,260,95,46,2,16.00,NULL,2,1,0,'2022-12-11 00:12:02','2022-12-11 00:12:02'),(503,19,2,NULL,95,46,2,14.67,'',2,1,0,'2022-12-11 00:12:02','2022-12-11 00:12:02'),(504,19,3,NULL,NULL,46,2,14.50,'',2,1,0,'2022-12-11 00:12:02','2022-12-11 00:12:02'),(505,19,1,255,94,46,2,16.00,NULL,3,1,0,'2022-12-11 00:12:04','2022-12-11 00:12:04'),(506,19,1,255,94,46,2,15.00,'',0,1,0,'2022-12-11 00:12:04','2022-12-11 00:12:04'),(507,19,1,256,94,46,2,15.00,NULL,3,1,0,'2022-12-11 00:12:07','2022-12-11 00:12:07'),(508,19,1,256,94,46,2,14.67,'',0,1,0,'2022-12-11 00:12:07','2022-12-11 00:12:07'),(509,19,1,257,94,46,2,17.00,NULL,3,1,0,'2022-12-11 00:12:10','2022-12-11 00:12:10'),(510,19,2,NULL,94,46,2,16.00,'',3,1,0,'2022-12-11 00:12:10','2022-12-11 00:12:10'),(511,19,2,NULL,94,46,2,15.22,'',0,1,0,'2022-12-11 00:12:10','2022-12-11 00:12:10'),(512,19,1,257,94,46,2,16.00,'',0,1,0,'2022-12-11 00:12:10','2022-12-11 00:12:10'),(513,19,1,258,95,46,2,18.00,NULL,3,1,0,'2022-12-11 00:12:12','2022-12-11 00:12:12'),(514,19,1,258,95,46,2,15.67,'',0,1,0,'2022-12-11 00:12:12','2022-12-11 00:12:12'),(515,19,1,259,95,46,2,16.00,NULL,3,1,0,'2022-12-11 00:12:15','2022-12-11 00:12:15'),(516,19,1,259,95,46,2,16.00,'',0,1,0,'2022-12-11 00:12:15','2022-12-11 00:12:15'),(517,19,1,260,95,46,2,17.00,NULL,3,1,0,'2022-12-11 00:12:18','2022-12-11 00:12:18'),(518,19,2,NULL,95,46,2,17.00,'',3,1,0,'2022-12-11 00:12:18','2022-12-11 00:12:18'),(519,19,3,NULL,NULL,46,2,16.50,'',3,1,0,'2022-12-11 00:12:18','2022-12-11 00:12:18'),(520,19,3,NULL,NULL,46,2,15.44,'',0,1,0,'2022-12-11 00:12:18','2022-12-11 00:12:18'),(521,19,2,NULL,95,46,2,15.67,'',0,1,0,'2022-12-11 00:12:18','2022-12-11 00:12:18'),(522,19,1,260,95,46,2,15.33,'',0,1,0,'2022-12-11 00:12:18','2022-12-11 00:12:18'),(523,20,1,96,41,28,3,14.00,NULL,1,1,0,'2022-12-12 03:39:31','2022-12-12 03:39:31'),(524,20,1,97,41,28,3,15.00,NULL,1,1,0,'2022-12-12 03:39:36','2022-12-12 03:39:36'),(525,20,1,98,41,28,3,16.00,NULL,1,1,0,'2022-12-12 03:39:40','2022-12-12 03:39:40'),(526,20,2,NULL,41,28,3,15.00,'',1,1,0,'2022-12-12 03:39:40','2022-12-12 03:39:40'),(527,20,1,99,42,28,3,17.00,NULL,1,1,0,'2022-12-12 03:40:07','2022-12-12 03:40:07'),(528,20,1,100,42,28,3,18.00,NULL,1,1,0,'2022-12-12 03:40:10','2022-12-12 03:40:10'),(529,20,1,101,42,28,3,20.00,NULL,1,1,0,'2022-12-12 03:40:14','2022-12-12 03:40:14'),(530,20,2,NULL,42,28,3,18.33,'',1,1,0,'2022-12-12 03:40:14','2022-12-12 03:40:14'),(531,20,1,102,43,28,3,16.00,NULL,1,1,0,'2022-12-12 03:40:22','2022-12-12 03:40:22'),(532,20,1,103,43,28,3,12.00,NULL,1,1,0,'2022-12-12 03:40:26','2022-12-12 03:40:26'),(533,20,1,104,43,28,3,14.00,NULL,1,1,0,'2022-12-12 03:40:29','2022-12-12 03:40:29'),(534,20,2,NULL,43,28,3,14.00,'',1,1,0,'2022-12-12 03:40:29','2022-12-12 03:40:29'),(535,20,3,NULL,NULL,28,3,15.78,'',1,1,0,'2022-12-12 03:40:29','2022-12-12 03:40:29'),(536,20,1,96,41,28,3,16.00,NULL,2,1,0,'2022-12-12 03:41:52','2022-12-12 03:41:52'),(537,20,1,97,41,28,3,17.00,NULL,2,1,0,'2022-12-12 03:41:55','2022-12-12 03:41:55'),(538,20,1,98,41,28,3,18.00,NULL,2,1,0,'2022-12-12 03:41:58','2022-12-12 03:41:58'),(539,20,2,NULL,41,28,3,17.00,'',2,1,0,'2022-12-12 03:41:58','2022-12-12 03:41:58'),(540,20,1,99,42,28,3,20.00,NULL,2,1,0,'2022-12-12 03:42:01','2022-12-12 03:42:01'),(541,20,1,100,42,28,3,14.00,NULL,2,1,0,'2022-12-12 03:42:04','2022-12-12 03:42:04'),(542,20,1,101,42,28,3,13.00,NULL,2,1,0,'2022-12-12 03:42:07','2022-12-12 03:42:07'),(543,20,2,NULL,42,28,3,15.67,'',2,1,0,'2022-12-12 03:42:07','2022-12-12 03:42:07'),(544,20,1,102,43,28,3,14.00,NULL,2,1,0,'2022-12-12 03:42:10','2022-12-12 03:42:10'),(545,20,1,103,43,28,3,15.00,NULL,2,1,0,'2022-12-12 03:42:14','2022-12-12 03:42:14'),(546,20,1,104,43,28,3,13.00,NULL,2,1,0,'2022-12-12 03:42:16','2022-12-12 03:42:16'),(547,20,2,NULL,43,28,3,14.00,'',2,1,0,'2022-12-12 03:42:16','2022-12-12 03:42:16'),(548,20,3,NULL,NULL,28,3,15.56,'',2,1,0,'2022-12-12 03:42:16','2022-12-12 03:42:16'),(549,20,1,96,41,28,3,13.00,NULL,3,1,0,'2022-12-12 03:42:19','2022-12-12 03:42:19'),(550,20,1,96,41,28,3,14.33,'',0,1,0,'2022-12-12 03:42:19','2022-12-12 03:42:19'),(551,20,1,97,41,28,3,12.00,NULL,3,1,0,'2022-12-12 03:42:23','2022-12-12 03:42:23'),(552,20,1,97,41,28,3,14.67,'',0,1,0,'2022-12-12 03:42:23','2022-12-12 03:42:23'),(553,20,1,98,41,28,3,15.00,NULL,3,1,0,'2022-12-12 03:42:27','2022-12-12 03:42:27'),(554,20,2,NULL,41,28,3,13.33,'',3,1,0,'2022-12-12 03:42:27','2022-12-12 03:42:27'),(555,20,2,NULL,41,28,3,15.11,'',0,1,0,'2022-12-12 03:42:27','2022-12-12 03:42:27'),(556,20,1,98,41,28,3,16.33,'',0,1,0,'2022-12-12 03:42:27','2022-12-12 03:42:27'),(557,20,1,99,42,28,3,13.00,NULL,3,1,0,'2022-12-12 03:42:30','2022-12-12 03:42:30'),(558,20,1,99,42,28,3,16.67,'',0,1,0,'2022-12-12 03:42:30','2022-12-12 03:42:30'),(559,20,1,100,42,28,3,14.00,NULL,3,1,0,'2022-12-12 03:42:33','2022-12-12 03:42:33'),(560,20,1,100,42,28,3,15.33,'',0,1,0,'2022-12-12 03:42:33','2022-12-12 03:42:33'),(561,20,1,101,42,28,3,10.00,NULL,3,1,0,'2022-12-12 03:42:37','2022-12-12 03:42:37'),(562,20,2,NULL,42,28,3,12.33,'',3,1,0,'2022-12-12 03:42:37','2022-12-12 03:42:37'),(563,20,2,NULL,42,28,3,15.44,'',0,1,0,'2022-12-12 03:42:37','2022-12-12 03:42:37'),(564,20,1,101,42,28,3,14.33,'',0,1,0,'2022-12-12 03:42:37','2022-12-12 03:42:37'),(565,20,1,102,43,28,3,13.00,NULL,3,1,0,'2022-12-12 03:42:40','2022-12-12 03:42:40'),(566,20,1,102,43,28,3,14.33,'',0,1,0,'2022-12-12 03:42:40','2022-12-12 03:42:40'),(567,20,1,103,43,28,3,15.00,NULL,3,1,0,'2022-12-12 03:42:42','2022-12-12 03:42:42'),(568,20,1,103,43,28,3,14.00,'',0,1,0,'2022-12-12 03:42:42','2022-12-12 03:42:42'),(569,20,1,104,43,28,3,13.00,NULL,3,1,0,'2022-12-12 03:42:48','2022-12-12 03:42:48'),(570,20,2,NULL,43,28,3,13.67,'',3,1,0,'2022-12-12 03:42:48','2022-12-12 03:42:48'),(571,20,3,NULL,NULL,28,3,13.11,'',3,1,0,'2022-12-12 03:42:48','2022-12-12 03:42:48'),(572,20,3,NULL,NULL,28,3,14.82,'',0,1,0,'2022-12-12 03:42:48','2022-12-12 03:42:48'),(573,20,2,NULL,43,28,3,13.89,'',0,1,0,'2022-12-12 03:42:48','2022-12-12 03:42:48'),(574,20,1,104,43,28,3,13.33,'',0,1,0,'2022-12-12 03:42:48','2022-12-12 03:42:48'),(575,20,1,105,44,29,3,14.00,NULL,1,1,0,'2022-12-12 03:57:25','2022-12-12 03:57:25');
/*!40000 ALTER TABLE `notas` ENABLE KEYS */;
UNLOCK TABLES;

--
-- Table structure for table `password_resets`
--

DROP TABLE IF EXISTS `password_resets`;
/*!40101 SET @saved_cs_client     = @@character_set_client */;
/*!50503 SET character_set_client = utf8mb4 */;
CREATE TABLE `password_resets` (
  `email` varchar(255) COLLATE utf8mb4_unicode_ci NOT NULL,
  `token` varchar(255) COLLATE utf8mb4_unicode_ci NOT NULL,
  `created_at` timestamp NULL DEFAULT NULL,
  KEY `password_resets_email_index` (`email`)
) ENGINE=InnoDB DEFAULT CHARSET=utf8mb4 COLLATE=utf8mb4_unicode_ci;
/*!40101 SET character_set_client = @saved_cs_client */;

--
-- Dumping data for table `password_resets`
--

LOCK TABLES `password_resets` WRITE;
/*!40000 ALTER TABLE `password_resets` DISABLE KEYS */;
/*!40000 ALTER TABLE `password_resets` ENABLE KEYS */;
UNLOCK TABLES;

--
-- Table structure for table `personal_access_tokens`
--

DROP TABLE IF EXISTS `personal_access_tokens`;
/*!40101 SET @saved_cs_client     = @@character_set_client */;
/*!50503 SET character_set_client = utf8mb4 */;
CREATE TABLE `personal_access_tokens` (
  `id` bigint unsigned NOT NULL AUTO_INCREMENT,
  `tokenable_type` varchar(255) COLLATE utf8mb4_unicode_ci NOT NULL,
  `tokenable_id` bigint unsigned NOT NULL,
  `name` varchar(255) COLLATE utf8mb4_unicode_ci NOT NULL,
  `token` varchar(64) COLLATE utf8mb4_unicode_ci NOT NULL,
  `abilities` text COLLATE utf8mb4_unicode_ci,
  `last_used_at` timestamp NULL DEFAULT NULL,
  `created_at` timestamp NULL DEFAULT NULL,
  `updated_at` timestamp NULL DEFAULT NULL,
  PRIMARY KEY (`id`),
  UNIQUE KEY `personal_access_tokens_token_unique` (`token`),
  KEY `personal_access_tokens_tokenable_type_tokenable_id_index` (`tokenable_type`,`tokenable_id`)
) ENGINE=InnoDB DEFAULT CHARSET=utf8mb4 COLLATE=utf8mb4_unicode_ci;
/*!40101 SET character_set_client = @saved_cs_client */;

--
-- Dumping data for table `personal_access_tokens`
--

LOCK TABLES `personal_access_tokens` WRITE;
/*!40000 ALTER TABLE `personal_access_tokens` DISABLE KEYS */;
/*!40000 ALTER TABLE `personal_access_tokens` ENABLE KEYS */;
UNLOCK TABLES;

--
-- Table structure for table `posts`
--

DROP TABLE IF EXISTS `posts`;
/*!40101 SET @saved_cs_client     = @@character_set_client */;
/*!50503 SET character_set_client = utf8mb4 */;
CREATE TABLE `posts` (
  `id` bigint unsigned NOT NULL AUTO_INCREMENT,
  `title` varchar(255) COLLATE utf8mb4_unicode_ci NOT NULL,
  `content` varchar(255) COLLATE utf8mb4_unicode_ci NOT NULL,
  `created_at` timestamp NULL DEFAULT NULL,
  `updated_at` timestamp NULL DEFAULT NULL,
  PRIMARY KEY (`id`)
) ENGINE=InnoDB AUTO_INCREMENT=107 DEFAULT CHARSET=utf8mb4 COLLATE=utf8mb4_unicode_ci;
/*!40101 SET character_set_client = @saved_cs_client */;

--
-- Dumping data for table `posts`
--

LOCK TABLES `posts` WRITE;
/*!40000 ALTER TABLE `posts` DISABLE KEYS */;
INSERT INTO `posts` VALUES (1,'Autem alias nemo ut vitae quia est.','Autem ea possimus optio ut illo. Explicabo quia alias ut debitis magnam enim culpa. Incidunt eaque dolor at cum quisquam. Minus nihil quos possimus nobis. Ipsa vel laudantium fuga ut aut.','2022-06-28 04:04:35','2022-06-28 04:04:35'),(2,'Ullam repellendus ea eaque.','Itaque consectetur sed dolores nobis nesciunt corrupti enim. Sed sit cumque voluptas. Voluptatem cum in et nihil enim. Explicabo ea tempore blanditiis.','2022-06-28 04:04:35','2022-06-28 04:04:35'),(3,'Architecto doloremque tempore assumenda qui aperiam.','Architecto voluptatibus et cupiditate voluptates maxime numquam dolorem. Consequatur vel sunt nulla esse amet. Omnis non dolore perferendis fugit. Occaecati voluptas et qui similique sunt.','2022-06-28 04:04:35','2022-06-28 04:04:35'),(4,'Quos quasi totam quas et.','Laudantium odio ab sed aut. Cum enim aliquam non quisquam consequatur dolores. Voluptates est a in.','2022-06-28 04:04:35','2022-06-28 04:04:35'),(5,'Perspiciatis quos sequi tenetur sunt non quas debitis.','Et quo ab porro maiores debitis et aut ullam. Itaque dolorum vel totam aut voluptas. Similique ullam mollitia odio aut omnis id qui.','2022-06-28 04:04:35','2022-06-28 04:04:35'),(6,'Ducimus similique labore id est magni consequatur.','Officiis odit voluptas corrupti. Sed officiis ut ut nulla illum. Consectetur ut eum recusandae dicta ut voluptatem.','2022-06-28 04:04:35','2022-06-28 04:04:35'),(7,'Corrupti neque distinctio nihil deserunt facere adipisci.','Sequi exercitationem quos molestiae vitae iusto nesciunt nostrum. Distinctio occaecati voluptatem omnis. Odio ea placeat dolore magni cum ut aliquid. Aspernatur eos qui consequatur dolor.','2022-06-28 04:04:35','2022-06-28 04:04:35'),(8,'Modi quam nam explicabo in error pariatur architecto.','Velit illo sed ducimus laboriosam. Dolores quia eveniet vel quam vel rerum ducimus.','2022-06-28 04:04:35','2022-06-28 04:04:35'),(9,'Dolores sunt et cumque at eaque et.','Rem praesentium suscipit repellat quis debitis similique ipsa. Mollitia ex eaque fuga hic. Cupiditate tempora omnis quis vero cupiditate.','2022-06-28 04:04:35','2022-06-28 04:04:35'),(10,'Enim ea sint accusantium error deserunt qui id.','Quam ipsum facere id autem. Voluptatibus debitis nemo quas ut numquam fugit commodi. Omnis ducimus velit non nobis deleniti molestiae sit.','2022-06-28 04:04:35','2022-06-28 04:04:35'),(11,'Quo eligendi error repellendus voluptatum illum praesentium quaerat.','Earum unde ut cumque iusto dolorem. Et nulla omnis et cumque recusandae. Autem quam deserunt perferendis quis.','2022-06-28 04:04:35','2022-06-28 04:04:35'),(12,'Quas dolores pariatur odio dolor aut.','Nihil ex accusamus iste deserunt consequatur dolorum. Delectus sequi ut in fugit aut eaque quia mollitia. Totam ut pariatur et voluptatem voluptatem corporis.','2022-06-28 04:04:35','2022-06-28 04:04:35'),(13,'Est corrupti aspernatur unde et.','Rerum voluptatem dolores pariatur autem aliquam aut error. Ea minima hic est eos dignissimos mollitia. Voluptate maiores voluptate vel incidunt. Est incidunt quia debitis sunt consectetur pariatur.','2022-06-28 04:04:35','2022-06-28 04:04:35'),(14,'Ut eaque laborum quia dolorum et omnis.','Ducimus et sit aliquam nam ipsa. Quibusdam minima expedita ut nesciunt. Consequatur quis qui nisi repellendus quo tempora. Est ut suscipit soluta.','2022-06-28 04:04:35','2022-06-28 04:04:35'),(15,'Repellendus quam sunt eaque in.','Vel consequuntur aspernatur ducimus. Ut assumenda quia quo excepturi consequatur. Alias at cum magni dolor nihil praesentium quia accusamus.','2022-06-28 04:04:35','2022-06-28 04:04:35'),(16,'Non est sit qui quas sit.','Fugiat qui amet ipsam sed dolorem cupiditate. Tempore ipsa expedita harum quo quia. Consequatur nulla repellat natus repellat accusantium non.','2022-06-28 04:04:35','2022-06-28 04:04:35'),(17,'Voluptas deleniti fuga aut amet beatae.','Autem esse laboriosam asperiores nemo possimus. Officia ipsum eos eos cupiditate omnis ut. Optio asperiores ut voluptate. Soluta at expedita fuga sit tempore.','2022-06-28 04:04:35','2022-06-28 04:04:35'),(18,'Dolores quo optio laudantium magni non.','Inventore harum nulla dolor sit eos quis corporis. Nisi sit nam corporis consequatur. Voluptatem explicabo sequi quaerat enim harum.','2022-06-28 04:04:35','2022-06-28 04:04:35'),(19,'Distinctio deleniti aut nihil eos nisi.','Maiores vero corrupti deleniti quidem. Maxime quis iusto eum et quidem. Dolor voluptas sed sint omnis.','2022-06-28 04:04:35','2022-06-28 04:04:35'),(20,'Tempora id necessitatibus consequatur est beatae natus.','Nulla quas quia perferendis facilis enim laborum totam. Alias placeat ipsum quisquam consectetur magnam dicta. Esse temporibus at hic enim laudantium modi quos quibusdam. Nesciunt labore nihil quia.','2022-06-28 04:04:35','2022-06-28 04:04:35'),(21,'Harum aut accusamus qui repellendus quasi.','A tempora quibusdam neque eaque exercitationem autem. Est amet consequatur ea officia. Cupiditate laboriosam praesentium voluptatum enim et. Est ad qui voluptas et aut dolorum facilis.','2022-06-28 04:04:35','2022-06-28 04:04:35'),(22,'Adipisci possimus sit commodi ut eaque molestiae.','In dolores omnis qui commodi. Consequatur qui quo veniam. Et voluptatum eius nulla ut. Non quas qui in et itaque dolorem ipsam.','2022-06-28 04:04:35','2022-06-28 04:04:35'),(23,'Qui enim aut minus quod et tempore pariatur.','Molestiae dolor incidunt est laudantium. Ab architecto placeat doloribus et officia quibusdam. Sunt accusantium molestiae quidem reprehenderit cupiditate saepe iure.','2022-06-28 04:04:35','2022-06-28 04:04:35'),(24,'Aut quos aut minus minima ducimus.','Maxime aut asperiores aspernatur sapiente commodi perspiciatis exercitationem. Eos ullam architecto quod praesentium. Omnis tempora inventore quia omnis. Animi vero illum quidem modi.','2022-06-28 04:04:35','2022-06-28 04:04:35'),(25,'Asperiores laborum fugiat temporibus aperiam.','Enim tempora mollitia id et maxime molestias sit. Tempore corporis sed aspernatur. Earum et ab officiis ut ex voluptatem exercitationem nam. Nulla eius aut omnis in labore.','2022-06-28 04:04:35','2022-06-28 04:04:35'),(26,'Rerum placeat veritatis eos deleniti.','Sit ipsum tempora dolores. Qui vel est temporibus porro incidunt dolore. Porro quaerat qui quia recusandae est animi. Harum omnis dolores totam aut.','2022-06-28 04:04:35','2022-06-28 04:04:35'),(27,'Numquam quia repellendus veritatis.','Tempore totam dolor maiores. Hic deleniti sunt alias minima dignissimos sit. Eaque quia est ab et harum illum incidunt.','2022-06-28 04:04:35','2022-06-28 04:04:35'),(28,'Explicabo ab minus ea est laboriosam et voluptates.','Quia ipsa vel consectetur ad ad voluptatem repellat. Amet qui saepe dignissimos soluta. Amet excepturi molestias a ut ratione doloremque.','2022-06-28 04:04:35','2022-06-28 04:04:35'),(29,'Eum eum iusto nobis et non et.','Eveniet voluptates earum sed autem ex ut. Provident incidunt mollitia aliquam tenetur enim doloribus minima. Vero qui est voluptate rerum. Et perspiciatis saepe perspiciatis eos non nemo voluptas.','2022-06-28 04:04:35','2022-06-28 04:04:35'),(30,'Consequuntur dolorum dignissimos natus qui adipisci laudantium quia.','Eveniet aperiam et corrupti beatae occaecati officia fugiat. Eligendi magni aut et veritatis ab sed. Aut est rem corporis aut non. Corporis nostrum dolores quo dolores voluptas fugiat voluptatem.','2022-06-28 04:04:35','2022-06-28 04:04:35'),(31,'Non quidem non libero.','Veniam non eveniet dolorem illum accusantium sequi laudantium. Optio ut corporis laborum ut deleniti et temporibus. Et ex voluptatum quas maiores. Corporis quaerat magnam fugit ea eum.','2022-06-28 04:04:35','2022-06-28 04:04:35'),(32,'Earum adipisci facere maiores officiis sint adipisci sequi.','Voluptate accusantium reprehenderit et. Ea quo voluptatem omnis ipsum numquam. Quisquam eligendi odit perspiciatis vel.','2022-06-28 04:04:35','2022-06-28 04:04:35'),(33,'Et nulla et facilis vitae.','Deserunt et sit et necessitatibus. Sit autem deleniti nisi aut qui sed saepe odit. Quasi sunt officia aperiam voluptatibus eos rerum ipsum.','2022-06-28 04:04:35','2022-06-28 04:04:35'),(34,'Id nesciunt quam inventore nulla.','Dignissimos eos odio suscipit repellat atque corrupti. Ex doloremque aperiam quam alias pariatur. Sed molestiae est optio.','2022-06-28 04:04:35','2022-06-28 04:04:35'),(35,'Aut autem eius aut architecto ullam est qui sunt.','Nihil voluptas alias libero porro impedit. Suscipit qui eos velit sed consequatur dolorem omnis aperiam. Error veniam voluptas rem nulla iste eum voluptatum.','2022-06-28 04:04:35','2022-06-28 04:04:35'),(36,'Aliquid aut dignissimos totam consectetur delectus omnis non.','Et unde vitae reiciendis. Omnis quae quasi ipsa nobis perferendis facere a quidem. Quas architecto dicta sint autem repudiandae quod. Qui ea dolores eligendi et nostrum eum voluptate.','2022-06-28 04:04:35','2022-06-28 04:04:35'),(37,'Enim reiciendis et qui rem nihil eum qui magni.','Aperiam et omnis omnis quo totam explicabo consequatur. Consequatur totam voluptatem eum totam reprehenderit veniam. Qui aut cum modi voluptatem fugiat.','2022-06-28 04:04:35','2022-06-28 04:04:35'),(38,'Eaque eum dignissimos sit in error qui ut.','Laboriosam nisi quis magni officia debitis. Animi illo dolore sed deserunt et voluptas voluptas.','2022-06-28 04:04:35','2022-06-28 04:04:35'),(39,'Quasi excepturi accusamus voluptatem quia.','Iusto doloribus labore enim ducimus laboriosam et. Illo perspiciatis totam voluptatem omnis quisquam voluptatibus. Enim id a aut numquam quis incidunt sed.','2022-06-28 04:04:35','2022-06-28 04:04:35'),(40,'Molestiae quae assumenda soluta iste.','Odit fugiat dolorem porro nobis minima ipsam quas. Molestias rerum perferendis soluta voluptas eos. Commodi id expedita aut ab perferendis.','2022-06-28 04:04:35','2022-06-28 04:04:35'),(41,'Modi voluptas praesentium distinctio ea laboriosam sed temporibus.','Non adipisci sit voluptatibus possimus et sunt. Delectus quod aut animi neque sed aliquid ut. Rem modi in dolorum dicta voluptas vel qui ut.','2022-06-28 04:04:35','2022-06-28 04:04:35'),(42,'Quaerat numquam qui qui exercitationem.','Recusandae suscipit iure perspiciatis perspiciatis quibusdam. Amet ipsa rerum quis laborum et soluta. Sed repellendus fuga consequuntur et saepe in aut. Dolores temporibus laudantium et amet sint.','2022-06-28 04:04:35','2022-06-28 04:04:35'),(43,'Explicabo unde quisquam ut in voluptatem consequatur aut.','Soluta esse odit illo omnis. Possimus nulla eius et fugiat. Sit quo ut laudantium architecto aliquam minus.','2022-06-28 04:04:35','2022-06-28 04:04:35'),(44,'Veniam quo blanditiis neque doloremque deserunt dolores laudantium.','Tenetur voluptatibus dolorum aspernatur excepturi. Similique illum quod officiis quas et sequi. Possimus qui aspernatur tempore. Est doloremque nemo fuga dolorem iure.','2022-06-28 04:04:35','2022-06-28 04:04:35'),(45,'Rerum possimus voluptatum ut ipsum debitis.','Facere quaerat sunt velit deleniti magnam debitis. Eum delectus non et voluptates. Ut eveniet nemo accusantium quidem nesciunt animi.','2022-06-28 04:04:35','2022-06-28 04:04:35'),(46,'Quae dolor quam sequi.','Dolorem omnis ut natus sed consectetur dicta. Nostrum alias porro non eos. Est veniam quos eius ex voluptatem.','2022-06-28 04:04:35','2022-06-28 04:04:35'),(47,'Vero sapiente enim consequatur consectetur illo ducimus assumenda et.','Nam qui vel est atque voluptas harum quis. Sapiente possimus a aperiam natus aut. Omnis earum reprehenderit deleniti qui harum.','2022-06-28 04:04:35','2022-06-28 04:04:35'),(48,'Repellat numquam mollitia quia occaecati.','Beatae ut et consequatur occaecati. Consequatur ut reiciendis error dicta ad ut. Quisquam nam vel omnis consequatur eum.','2022-06-28 04:04:35','2022-06-28 04:04:35'),(49,'Amet natus nemo aut consequatur porro exercitationem impedit.','Alias dolore temporibus qui laborum. Odio et qui et quidem delectus. Dolore excepturi nisi animi suscipit. Nulla ut aut delectus asperiores rerum molestiae animi.','2022-06-28 04:04:35','2022-06-28 04:04:35'),(50,'Explicabo nam praesentium sed placeat facere exercitationem.','Ea consequuntur odio nihil minima. Qui aliquam odit neque dolorem iure hic. Cum ipsum dolorem omnis sapiente veniam sequi. Vero et iusto error laborum.','2022-06-28 04:04:35','2022-06-28 04:04:35'),(51,'Quia quae delectus dolor voluptatem perspiciatis ipsam et.','Ipsam magnam dolorum et veritatis iste. Molestiae totam dicta neque sed porro. Praesentium qui assumenda reprehenderit facilis. Quia recusandae est repudiandae expedita et maiores accusamus est.','2022-06-28 04:04:35','2022-06-28 04:04:35'),(52,'Sit laborum maiores praesentium dolores mollitia molestiae.','Illo amet dolores ut aut dolore. Iusto consequatur voluptas perspiciatis quia corrupti unde et. Qui sed ut eos et illum at quia.','2022-06-28 04:04:35','2022-06-28 04:04:35'),(53,'Quis sit quidem ex assumenda quam perspiciatis nobis quis.','Vel sint ea dolorum architecto voluptate qui ducimus. Sit eos sint fugiat molestias et. Unde non consequatur voluptates quam nihil eligendi aut praesentium.','2022-06-28 04:04:35','2022-06-28 04:04:35'),(54,'Dolor ut saepe maxime doloribus veniam fuga.','Provident excepturi et commodi voluptas ipsa est occaecati. Provident ut quis sit quas maxime voluptates. Rerum atque non omnis sit a aliquam. Ex qui omnis exercitationem voluptates error.','2022-06-28 04:04:35','2022-06-28 04:04:35'),(55,'Hic rerum dolor excepturi repudiandae quis iste.','In id commodi in molestias id. Omnis dignissimos quis iusto voluptatem doloribus.','2022-06-28 04:04:35','2022-06-28 04:04:35'),(56,'Nostrum aperiam dolorum delectus omnis omnis tempore.','Excepturi ipsam rerum cupiditate eligendi at nobis eveniet. Veniam inventore est dolore quae nihil non occaecati. Possimus ipsa quia eius blanditiis quas et.','2022-06-28 04:04:35','2022-06-28 04:04:35'),(57,'Quia enim occaecati nemo officia.','Necessitatibus ut et ut adipisci ratione magni. Non quia itaque eius error soluta. Rerum dolor in enim consequatur aut. Pariatur dicta voluptatem inventore sit.','2022-06-28 04:04:35','2022-06-28 04:04:35'),(58,'Iste animi reprehenderit est nisi quod ut.','Ut deserunt cum soluta explicabo aut quisquam aut adipisci. Magnam amet alias non aut. Impedit omnis in quia ipsa consequatur.','2022-06-28 04:04:35','2022-06-28 04:04:35'),(59,'Soluta distinctio sint suscipit cum voluptatem.','Amet necessitatibus aperiam suscipit aliquam vel occaecati a. Expedita provident aut nam et.','2022-06-28 04:04:35','2022-06-28 04:04:35'),(60,'Dolore minima et similique facilis consequatur perferendis officia.','Ducimus dignissimos iusto mollitia sunt est sunt. Non aliquid commodi dignissimos recusandae deleniti facilis molestiae. Odio est officia quia ipsam harum.','2022-06-28 04:04:35','2022-06-28 04:04:35'),(61,'Beatae ullam hic ducimus natus dolor fugit est quam.','Explicabo neque in quia blanditiis. Quibusdam ipsam et expedita in amet. Aut molestiae autem earum amet sapiente officiis alias.','2022-06-28 04:04:35','2022-06-28 04:04:35'),(62,'Tenetur ea veritatis quos et est.','Enim aut sed quasi voluptas numquam rerum. Cumque dicta dolores repellendus blanditiis. Et eveniet facilis ab eveniet aliquam aut dolore rerum.','2022-06-28 04:04:35','2022-06-28 04:04:35'),(63,'Laborum sed necessitatibus non quas quos.','Tempora id dolor corporis aut. Enim in dolorem molestias. Et iure rerum qui omnis. Distinctio dolor vel dolores necessitatibus ut quam.','2022-06-28 04:04:35','2022-06-28 04:04:35'),(64,'Corporis nostrum iure eum minus.','Qui in porro aut laudantium recusandae. Accusamus quis aut eaque. Ab ea corporis eos accusamus ea commodi. Non veniam reprehenderit velit ea voluptatum non.','2022-06-28 04:04:35','2022-06-28 04:04:35'),(65,'Aliquam minima corporis asperiores reiciendis.','Eligendi inventore praesentium nulla. Aut impedit doloribus et eaque. Iusto recusandae hic temporibus rerum aut. Ducimus nulla aut eum ut ad eaque autem.','2022-06-28 04:04:35','2022-06-28 04:04:35'),(66,'Non dolores dolores perspiciatis quod voluptas.','Itaque sequi officia asperiores officiis qui sequi dolorem aut. Vel officiis ut architecto excepturi omnis eos eum ex. Quos odio blanditiis fugit dolor. Minus facilis a aliquam quis ad error.','2022-06-28 04:04:35','2022-06-28 04:04:35'),(67,'Facilis quia ipsa perferendis perferendis provident temporibus doloremque.','Delectus perspiciatis rerum qui tenetur quia. Ad eaque voluptatem vero nam dolores tempore earum. Sint laudantium sed fuga laboriosam numquam qui laborum.','2022-06-28 04:04:35','2022-06-28 04:04:35'),(68,'Laudantium quo nihil architecto nesciunt ab voluptates.','Aut sequi veritatis quidem quod sed. Quasi minus voluptatem tempora reiciendis. Accusantium velit veniam praesentium eveniet dolore eius.','2022-06-28 04:04:35','2022-06-28 04:04:35'),(69,'Expedita commodi provident eum commodi officia est.','Voluptatem et ex ea accusamus et minima. Ut quas dicta consequatur unde. Est iusto quasi ut fuga. Ut et asperiores non neque. Eius repellendus non commodi sit laboriosam ut recusandae totam.','2022-06-28 04:04:35','2022-06-28 04:04:35'),(70,'Eos animi similique ratione.','Ab nisi quis ab iste dolor omnis repellendus. Nostrum quia repellat adipisci. Est impedit hic magni. Veritatis unde blanditiis voluptatem impedit unde.','2022-06-28 04:04:35','2022-06-28 04:04:35'),(71,'Tenetur est fugiat voluptatem maiores et.','Ipsum omnis culpa perspiciatis iusto rerum eum eius exercitationem. Et consequatur a dolore dolorum.','2022-06-28 04:04:35','2022-06-28 04:04:35'),(72,'Deserunt ea ut perferendis.','Quas quisquam repudiandae aut veritatis corrupti iusto. Tempora ipsum nemo earum fugit porro deserunt odit. Adipisci est aperiam non. Maxime optio eius nihil voluptatum quaerat dolorem pariatur id.','2022-06-28 04:04:35','2022-06-28 04:04:35'),(73,'Quis repellendus occaecati molestias aliquid libero.','Vel blanditiis quas voluptatem blanditiis. At sint aut quae. Excepturi illum accusamus blanditiis autem temporibus.','2022-06-28 04:04:35','2022-06-28 04:04:35'),(74,'Ut corporis amet distinctio deserunt exercitationem ea doloribus sit.','Illo laboriosam id ipsam excepturi iure id est. Id vel commodi voluptas aspernatur consequuntur veniam rerum. Eos et quia aut et maiores fugiat.','2022-06-28 04:04:35','2022-06-28 04:04:35'),(75,'Qui optio eum ea et.','Est facilis reiciendis eos. In consequuntur dicta doloribus dolorum iure aperiam. Ullam facere necessitatibus ad rem voluptas. Amet a commodi voluptatibus architecto voluptatem culpa.','2022-06-28 04:04:35','2022-06-28 04:04:35'),(76,'Reprehenderit consequatur dolor est veniam beatae dolorum.','Maxime exercitationem velit ullam placeat aut ad. Sed id inventore officia perferendis numquam. Culpa mollitia consectetur et. Sunt tenetur molestiae laudantium aliquid sit.','2022-06-28 04:04:35','2022-06-28 04:04:35'),(77,'Ea quos dolor repellendus.','Nobis dolorum ut necessitatibus veniam voluptas. Est voluptatum reprehenderit rerum molestiae. Nihil saepe esse in possimus quas molestias. Veniam aliquam modi hic dolorem reprehenderit.','2022-06-28 04:04:35','2022-06-28 04:04:35'),(78,'Recusandae iusto soluta nemo accusantium tempore dolorem.','Non aspernatur soluta libero nulla. Porro error nihil autem enim accusamus. Praesentium nihil ut asperiores in. Laudantium eum illum soluta vero dolorem.','2022-06-28 04:04:35','2022-06-28 04:04:35'),(79,'Nemo quis mollitia esse porro minima et.','Placeat officia nesciunt sint sequi incidunt ratione fugit sit. Dignissimos facere cumque qui. Sed ratione distinctio explicabo saepe. Fugiat et ipsa libero sed consequatur placeat.','2022-06-28 04:04:35','2022-06-28 04:04:35'),(80,'Dignissimos est excepturi veniam.','Quas voluptatum in ex tempora nemo omnis et. Fugit velit asperiores voluptatem esse reiciendis. Qui non unde ipsa natus et quis nihil vel.','2022-06-28 04:04:35','2022-06-28 04:04:35'),(81,'Mollitia blanditiis placeat doloribus nihil voluptatem inventore distinctio sit.','Dignissimos et sed quis ullam. Suscipit totam sit et ad nostrum. Neque ullam iste aspernatur optio architecto recusandae dolores aut.','2022-06-28 04:04:35','2022-06-28 04:04:35'),(82,'Consequatur beatae sunt amet nostrum et id autem.','Qui unde quisquam exercitationem rerum quaerat. Saepe quidem laborum molestias accusamus fugit. Voluptate vel fugit quia quidem. Fugiat totam praesentium consequatur earum nulla esse.','2022-06-28 04:04:35','2022-06-28 04:04:35'),(83,'Aspernatur qui pariatur optio enim qui tempore adipisci.','Sapiente dolore quisquam et quaerat quas. Deserunt quia iusto iste iure eum natus repellat. Qui non saepe excepturi aut eaque. Minus sint corrupti quam.','2022-06-28 04:04:35','2022-06-28 04:04:35'),(84,'Asperiores beatae et enim commodi harum.','Nulla voluptas eius qui nesciunt. Consequuntur quis tempora ut ab. Sed doloremque quos sint qui. Omnis asperiores consectetur voluptate ex dolorem aliquid dolorem voluptas.','2022-06-28 04:04:35','2022-06-28 04:04:35'),(85,'Animi non excepturi fugiat non et culpa.','Sint ratione aut aut omnis veniam quae ullam. Et nobis reiciendis eius rem. Molestiae minus facere aliquam molestiae doloremque.','2022-06-28 04:04:35','2022-06-28 04:04:35'),(86,'Repudiandae dolorem maiores amet quia neque qui et.','Saepe dolorum dicta dolore. Accusamus vitae quidem accusantium in. Ipsum autem quod exercitationem vel.','2022-06-28 04:04:35','2022-06-28 04:04:35'),(87,'Sint et consectetur iusto.','Repellendus sit dolor aut et. Quo aperiam delectus eos molestiae qui officia. Et distinctio et nemo at ut.','2022-06-28 04:04:35','2022-06-28 04:04:35'),(88,'Doloremque sint pariatur sed beatae fuga qui itaque.','Minus veniam cumque aliquam et corporis. Quia est quasi qui qui est. Nostrum a expedita maiores accusantium nostrum quia occaecati.','2022-06-28 04:04:35','2022-06-28 04:04:35'),(89,'Perferendis dolor et accusamus corrupti sint vel.','Numquam impedit et qui aperiam. Est nobis quae commodi deleniti deserunt. Et ut aliquam dolorem. Consequatur magni corrupti ipsa. Aut eum eos ut nihil aut in. Eum alias culpa in.','2022-06-28 04:04:35','2022-06-28 04:04:35'),(90,'Officiis fugit est distinctio illo et quis laboriosam.','Est perferendis recusandae quasi qui. Et id expedita natus quia. Tempora saepe possimus tempora ea voluptas ab ut. Et quo voluptatem nulla voluptates accusantium magnam quos.','2022-06-28 04:04:35','2022-06-28 04:04:35'),(91,'Vitae eaque hic inventore neque.','Unde eum maiores sit. Fugiat est facere nihil ratione omnis ullam. Ullam voluptatum non aut molestias omnis ipsa nisi ab.','2022-06-28 04:04:35','2022-06-28 04:04:35'),(92,'Sint et ducimus et occaecati praesentium placeat voluptatem.','Consectetur sit quis labore iure explicabo. Est suscipit blanditiis dolore illum et doloribus autem. Sunt magni omnis sapiente non. Dolor voluptatem provident cum sunt nisi voluptas consequatur.','2022-06-28 04:04:35','2022-06-28 04:04:35'),(93,'Ea magnam architecto ut fugit.','Ut voluptatem dolores tempora dolore nihil qui. Maxime laboriosam provident est id.','2022-06-28 04:04:35','2022-06-28 04:04:35'),(94,'Tenetur rerum ex iure sint.','Labore blanditiis dolorem eligendi ipsa iste cum. Rerum non consequuntur nostrum qui doloribus. Quasi voluptas corporis aut debitis quas. Ut sed cumque dolore harum. Dolor qui voluptatibus laborum.','2022-06-28 04:04:35','2022-06-28 04:04:35'),(95,'Veniam molestiae rem accusantium atque.','Voluptatem est dolores vitae voluptatem ipsa sunt esse eum. Vitae laboriosam ipsa tempora enim sed qui. Et nobis delectus asperiores natus quas. Nihil nisi sequi quia.','2022-06-28 04:04:35','2022-06-28 04:04:35'),(96,'Magni nostrum est id non officia harum repellendus iste.','Accusamus voluptatem voluptas voluptates. Accusantium libero iure dolores suscipit ullam quos iusto. Perferendis modi voluptatum nulla cum natus porro. Ea amet est exercitationem est sed iure odit.','2022-06-28 04:04:35','2022-06-28 04:04:35'),(97,'Vitae necessitatibus exercitationem voluptas.','Natus suscipit fugit et fugit. Velit asperiores iusto voluptatem quasi. Ad officiis quia distinctio.','2022-06-28 04:04:35','2022-06-28 04:04:35'),(98,'Ut quia id tempora facilis voluptatem.','Voluptatem id ipsam a. Libero non similique fugiat aut aspernatur. Fugit alias maiores quaerat laboriosam rem aut maiores cum. Quos odio aut voluptas a quisquam nemo esse.','2022-06-28 04:04:35','2022-06-28 04:04:35'),(99,'Quasi ratione dolore aliquam ipsum sit consequuntur.','Aut repellendus ut eligendi quam laboriosam. Et voluptas quia non incidunt eaque. Et nisi suscipit non explicabo. Consequatur ea assumenda soluta id delectus tempore.','2022-06-28 04:04:35','2022-06-28 04:04:35'),(100,'Molestias assumenda deserunt ut facilis.','Quis non et in aut. Voluptatem rem commodi aut molestiae laborum excepturi nulla. Suscipit fuga fuga dolores amet.','2022-06-28 04:04:35','2022-06-28 04:04:35'),(101,'Titulo de Prueba','Contenido de Prueba','2022-06-28 05:34:02','2022-06-28 05:34:02'),(102,'TItulo de prueba 2','Este es un contenido de prueba 2','2022-06-28 05:38:15','2022-06-28 05:38:15'),(103,'TItulo de prueba 3 ','contenido de prueba 3','2022-06-28 05:39:59','2022-06-28 05:39:59'),(104,'Titulo de prueba 4','cobntent de preuba 4','2022-06-28 05:44:53','2022-06-28 05:44:53'),(105,'Titulo de prueba 5','content de prueba 5','2022-06-28 05:45:47','2022-06-28 05:45:47'),(106,'asdsad','adsasd','2022-06-28 05:47:32','2022-06-28 05:47:32');
/*!40000 ALTER TABLE `posts` ENABLE KEYS */;
UNLOCK TABLES;

--
-- Table structure for table `provincias`
--

DROP TABLE IF EXISTS `provincias`;
/*!40101 SET @saved_cs_client     = @@character_set_client */;
/*!50503 SET character_set_client = utf8mb4 */;
CREATE TABLE `provincias` (
  `id` int NOT NULL AUTO_INCREMENT,
  `nombre` varchar(500) DEFAULT NULL,
  `codigo` varchar(45) DEFAULT NULL,
  `activo` tinyint DEFAULT NULL,
  `borrado` tinyint DEFAULT NULL,
  `departamento_id` int NOT NULL,
  `created_at` timestamp NULL DEFAULT NULL,
  `updated_at` timestamp NULL DEFAULT NULL,
  PRIMARY KEY (`id`),
  KEY `fk_provincias_departamentos1_idx` (`departamento_id`),
  CONSTRAINT `fk_provincias_departamentos1` FOREIGN KEY (`departamento_id`) REFERENCES `departamentos` (`id`)
) ENGINE=InnoDB AUTO_INCREMENT=196 DEFAULT CHARSET=utf8mb4 COLLATE=utf8mb4_0900_ai_ci;
/*!40101 SET character_set_client = @saved_cs_client */;

--
-- Dumping data for table `provincias`
--

LOCK TABLES `provincias` WRITE;
/*!40000 ALTER TABLE `provincias` DISABLE KEYS */;
INSERT INTO `provincias` VALUES (1,'CHACHAPOYAS','01',1,0,1,NULL,NULL),(2,'BAGUA','02',1,0,1,NULL,NULL),(3,'BONGARA','03',1,0,1,NULL,NULL),(4,'LUYA','04',1,0,1,NULL,NULL),(5,'RODRIGUEZ DE MENDOZA','05',1,0,1,NULL,NULL),(6,'CONDORCANQUI','06',1,0,1,NULL,NULL),(7,'UTCUBAMBA','07',1,0,1,NULL,NULL),(8,'HUARAZ','01',1,0,2,NULL,NULL),(9,'AIJA','02',1,0,2,NULL,NULL),(10,'BOLOGNESI','03',1,0,2,NULL,NULL),(11,'CARHUAZ','04',1,0,2,NULL,NULL),(12,'CASMA','05',1,0,2,NULL,NULL),(13,'CORONGO','06',1,0,2,NULL,NULL),(14,'HUAYLAS','07',1,0,2,NULL,NULL),(15,'HUARI','08',1,0,2,NULL,NULL),(16,'MARISCAL LUZURIAGA','09',1,0,2,NULL,NULL),(17,'PALLASCA','10',1,0,2,NULL,NULL),(18,'POMABAMBA','11',1,0,2,NULL,NULL),(19,'RECUAY','12',1,0,2,NULL,NULL),(20,'SANTA','13',1,0,2,NULL,NULL),(21,'SIHUAS','14',1,0,2,NULL,NULL),(22,'YUNGAY','15',1,0,2,NULL,NULL),(23,'ANTONIO RAIMONDI','16',1,0,2,NULL,NULL),(24,'CARLOS FERMIN FITZCARRALD','17',1,0,2,NULL,NULL),(25,'ASUNCION','18',1,0,2,NULL,NULL),(26,'HUARMEY','19',1,0,2,NULL,NULL),(27,'OCROS','20',1,0,2,NULL,NULL),(28,'ABANCAY','01',1,0,3,NULL,NULL),(29,'AYMARAES','02',1,0,3,NULL,NULL),(30,'ANDAHUAYLAS','03',1,0,3,NULL,NULL),(31,'ANTABAMBA','04',1,0,3,NULL,NULL),(32,'COTABAMBAS','05',1,0,3,NULL,NULL),(33,'GRAU','06',1,0,3,NULL,NULL),(34,'CHINCHEROS','07',1,0,3,NULL,NULL),(35,'AREQUIPA','01',1,0,4,NULL,NULL),(36,'CAYLLOMA','02',1,0,4,NULL,NULL),(37,'CAMANA','03',1,0,4,NULL,NULL),(38,'CARAVELI','04',1,0,4,NULL,NULL),(39,'CASTILLA','05',1,0,4,NULL,NULL),(40,'CONDESUYOS','06',1,0,4,NULL,NULL),(41,'ISLAY','07',1,0,4,NULL,NULL),(42,'LA UNION','08',1,0,4,NULL,NULL),(43,'HUAMANGA','01',1,0,5,NULL,NULL),(44,'CANGALLO','02',1,0,5,NULL,NULL),(45,'HUANTA','03',1,0,5,NULL,NULL),(46,'LA MAR','04',1,0,5,NULL,NULL),(47,'LUCANAS','05',1,0,5,NULL,NULL),(48,'PARINACOCHAS','06',1,0,5,NULL,NULL),(49,'VICTOR FAJARDO','07',1,0,5,NULL,NULL),(50,'HUANCA SANCOS','08',1,0,5,NULL,NULL),(51,'VILCAS HUAMAN','09',1,0,5,NULL,NULL),(52,'PAUCAR DEL SARA SARA','10',1,0,5,NULL,NULL),(53,'SUCRE','11',1,0,5,NULL,NULL),(54,'CAJAMARCA','01',1,0,6,NULL,NULL),(55,'CAJABAMBA','02',1,0,6,NULL,NULL),(56,'CELENDIN','03',1,0,6,NULL,NULL),(57,'CONTUMAZA','04',1,0,6,NULL,NULL),(58,'CUTERVO','05',1,0,6,NULL,NULL),(59,'CHOTA','06',1,0,6,NULL,NULL),(60,'HUALGAYOC','07',1,0,6,NULL,NULL),(61,'JAEN','08',1,0,6,NULL,NULL),(62,'SANTA CRUZ','09',1,0,6,NULL,NULL),(63,'SAN MIGUEL','10',1,0,6,NULL,NULL),(64,'SAN IGNACIO','11',1,0,6,NULL,NULL),(65,'SAN MARCOS','12',1,0,6,NULL,NULL),(66,'SAN PABLO','13',1,0,6,NULL,NULL),(67,'CUSCO','01',1,0,7,NULL,NULL),(68,'ACOMAYO','02',1,0,7,NULL,NULL),(69,'ANTA','03',1,0,7,NULL,NULL),(70,'CALCA','04',1,0,7,NULL,NULL),(71,'CANAS','05',1,0,7,NULL,NULL),(72,'CANCHIS','06',1,0,7,NULL,NULL),(73,'CHUMBIVILCAS','07',1,0,7,NULL,NULL),(74,'ESPINAR','08',1,0,7,NULL,NULL),(75,'LA CONVENCION','09',1,0,7,NULL,NULL),(76,'PARURO','10',1,0,7,NULL,NULL),(77,'PAUCARTAMBO','11',1,0,7,NULL,NULL),(78,'QUISPICANCHI','12',1,0,7,NULL,NULL),(79,'URUBAMBA','13',1,0,7,NULL,NULL),(80,'HUANCAVELICA','01',1,0,8,NULL,NULL),(81,'ACOBAMBA','02',1,0,8,NULL,NULL),(82,'ANGARAES','03',1,0,8,NULL,NULL),(83,'CASTROVIRREYNA','04',1,0,8,NULL,NULL),(84,'TAYACAJA','05',1,0,8,NULL,NULL),(85,'HUAYTARA','06',1,0,8,NULL,NULL),(86,'CHURCAMPA','07',1,0,8,NULL,NULL),(87,'HUANUCO','01',1,0,9,NULL,NULL),(88,'AMBO','02',1,0,9,NULL,NULL),(89,'DOS DE MAYO','03',1,0,9,NULL,NULL),(90,'HUAMALIES','04',1,0,9,NULL,NULL),(91,'MARAÑON','05',1,0,9,NULL,NULL),(92,'LEONCIO PRADO','06',1,0,9,NULL,NULL),(93,'PACHITEA','07',1,0,9,NULL,NULL),(94,'PUERTO INCA','08',1,0,9,NULL,NULL),(95,'HUACAYBAMBA','09',1,0,9,NULL,NULL),(96,'LAURICOCHA','10',1,0,9,NULL,NULL),(97,'YAROWILCA','11',1,0,9,NULL,NULL),(98,'ICA','01',1,0,10,NULL,NULL),(99,'CHINCHA','02',1,0,10,NULL,NULL),(100,'NAZCA','03',1,0,10,NULL,NULL),(101,'PISCO','04',1,0,10,NULL,NULL),(102,'PALPA','05',1,0,10,NULL,NULL),(103,'HUANCAYO','01',1,0,11,NULL,NULL),(104,'CONCEPCION','02',1,0,11,NULL,NULL),(105,'JAUJA','03',1,0,11,NULL,NULL),(106,'JUNIN','04',1,0,11,NULL,NULL),(107,'TARMA','05',1,0,11,NULL,NULL),(108,'YAULI','06',1,0,11,NULL,NULL),(109,'SATIPO','07',1,0,11,NULL,NULL),(110,'CHANCHAMAYO','08',1,0,11,NULL,NULL),(111,'CHUPACA','09',1,0,11,NULL,NULL),(112,'TRUJILLO','01',1,0,12,NULL,NULL),(113,'BOLIVAR','02',1,0,12,NULL,NULL),(114,'SANCHEZ CARRION','03',1,0,12,NULL,NULL),(115,'OTUZCO','04',1,0,12,NULL,NULL),(116,'PACASMAYO','05',1,0,12,NULL,NULL),(117,'PATAZ','06',1,0,12,NULL,NULL),(118,'SANTIAGO DE CHUCO','07',1,0,12,NULL,NULL),(119,'ASCOPE','08',1,0,12,NULL,NULL),(120,'CHEPEN','09',1,0,12,NULL,NULL),(121,'JULCAN','10',1,0,12,NULL,NULL),(122,'GRAN CHIMU','11',1,0,12,NULL,NULL),(123,'VIRU','12',1,0,12,NULL,NULL),(124,'CHICLAYO','01',1,0,13,NULL,NULL),(125,'FERREÑAFE','02',1,0,13,NULL,NULL),(126,'LAMBAYEQUE','03',1,0,13,NULL,NULL),(127,'LIMA','01',1,0,14,NULL,NULL),(128,'CAJATAMBO','02',1,0,14,NULL,NULL),(129,'CANTA','03',1,0,14,NULL,NULL),(130,'CAÑETE','04',1,0,14,NULL,NULL),(131,'HUAURA','05',1,0,14,NULL,NULL),(132,'HUAROCHIRI','06',1,0,14,NULL,NULL),(133,'YAUYOS','07',1,0,14,NULL,NULL),(134,'HUARAL','08',1,0,14,NULL,NULL),(135,'BARRANCA','09',1,0,14,NULL,NULL),(136,'OYON','10',1,0,14,NULL,NULL),(137,'MAYNAS','01',1,0,15,NULL,NULL),(138,'ALTO AMAZONAS','02',1,0,15,NULL,NULL),(139,'LORETO','03',1,0,15,NULL,NULL),(140,'REQUENA','04',1,0,15,NULL,NULL),(141,'UCAYALI','05',1,0,15,NULL,NULL),(142,'MARISCAL RAMON CASTILLA','06',1,0,15,NULL,NULL),(143,'DATEM DEL MARAÑON','07',1,0,15,NULL,NULL),(144,'TAMBOPATA','01',1,0,16,NULL,NULL),(145,'MANU','02',1,0,16,NULL,NULL),(146,'TAHUAMANU','03',1,0,16,NULL,NULL),(147,'MARISCAL NIETO','01',1,0,17,NULL,NULL),(148,'GENERAL SANCHEZ CERRO','02',1,0,17,NULL,NULL),(149,'ILO','03',1,0,17,NULL,NULL),(150,'PASCO','01',1,0,18,NULL,NULL),(151,'DANIEL ALCIDES CARRION','02',1,0,18,NULL,NULL),(152,'OXAPAMPA','03',1,0,18,NULL,NULL),(153,'PIURA','01',1,0,19,NULL,NULL),(154,'AYABACA','02',1,0,19,NULL,NULL),(155,'HUANCABAMBA','03',1,0,19,NULL,NULL),(156,'MORROPON','04',1,0,19,NULL,NULL),(157,'PAITA','05',1,0,19,NULL,NULL),(158,'SULLANA','06',1,0,19,NULL,NULL),(159,'TALARA','07',1,0,19,NULL,NULL),(160,'SECHURA','08',1,0,19,NULL,NULL),(161,'PUNO','01',1,0,20,NULL,NULL),(162,'AZANGARO','02',1,0,20,NULL,NULL),(163,'CARABAYA','03',1,0,20,NULL,NULL),(164,'CHUCUITO','04',1,0,20,NULL,NULL),(165,'HUANCANE','05',1,0,20,NULL,NULL),(166,'LAMPA','06',1,0,20,NULL,NULL),(167,'MELGAR','07',1,0,20,NULL,NULL),(168,'SANDIA','08',1,0,20,NULL,NULL),(169,'SAN ROMAN','09',1,0,20,NULL,NULL),(170,'YUNGUYO','10',1,0,20,NULL,NULL),(171,'SAN ANTONIO DE PUTINA','11',1,0,20,NULL,NULL),(172,'EL COLLAO','12',1,0,20,NULL,NULL),(173,'MOHO','13',1,0,20,NULL,NULL),(174,'MOYOBAMBA','01',1,0,21,NULL,NULL),(175,'HUALLAGA','02',1,0,21,NULL,NULL),(176,'LAMAS','03',1,0,21,NULL,NULL),(177,'MARISCAL CACERES','04',1,0,21,NULL,NULL),(178,'RIOJA','05',1,0,21,NULL,NULL),(179,'SAN MARTIN','06',1,0,21,NULL,NULL),(180,'BELLAVISTA','07',1,0,21,NULL,NULL),(181,'TOCACHE','08',1,0,21,NULL,NULL),(182,'PICOTA','09',1,0,21,NULL,NULL),(183,'EL DORADO','10',1,0,21,NULL,NULL),(184,'TACNA','01',1,0,22,NULL,NULL),(185,'TARATA','02',1,0,22,NULL,NULL),(186,'JORGE BASADRE','03',1,0,22,NULL,NULL),(187,'CANDARAVE','04',1,0,22,NULL,NULL),(188,'TUMBES','01',1,0,23,NULL,NULL),(189,'CONTRALMIRANTE VILLAR','02',1,0,23,NULL,NULL),(190,'ZARUMILLA','03',1,0,23,NULL,NULL),(191,'CALLAO','01',1,0,24,NULL,NULL),(192,'CORONEL PORTILLO','01',1,0,25,NULL,NULL),(193,'PADRE ABAD','02',1,0,25,NULL,NULL),(194,'ATALAYA','03',1,0,25,NULL,NULL),(195,'PURUS','04',1,0,25,NULL,NULL);
/*!40000 ALTER TABLE `provincias` ENABLE KEYS */;
UNLOCK TABLES;

--
-- Table structure for table `registro_saluds`
--

DROP TABLE IF EXISTS `registro_saluds`;
/*!40101 SET @saved_cs_client     = @@character_set_client */;
/*!50503 SET character_set_client = utf8mb4 */;
CREATE TABLE `registro_saluds` (
  `id` int NOT NULL AUTO_INCREMENT,
  `edad_aprox` int DEFAULT NULL,
  `enfermedad` varchar(250) DEFAULT NULL,
  `vacuna` varchar(250) DEFAULT NULL,
  `tipo` tinyint DEFAULT NULL COMMENT '1->enfermedad\n2->vacunas\n3->alergias\n4->expe traimatica',
  `alumno_id` int NOT NULL,
  `activo` tinyint DEFAULT NULL,
  `borrado` tinyint DEFAULT NULL,
  `created_at` timestamp NULL DEFAULT NULL,
  `updated_at` timestamp NULL DEFAULT NULL,
  `matricula_id` int DEFAULT NULL,
  PRIMARY KEY (`id`),
  KEY `fk_enfermedades_alumnos1_idx` (`alumno_id`),
  CONSTRAINT `fk_enfermedades_alumnos1` FOREIGN KEY (`alumno_id`) REFERENCES `alumnos` (`id`)
) ENGINE=InnoDB DEFAULT CHARSET=utf8mb4 COLLATE=utf8mb4_0900_ai_ci;
/*!40101 SET character_set_client = @saved_cs_client */;

--
-- Dumping data for table `registro_saluds`
--

LOCK TABLES `registro_saluds` WRITE;
/*!40000 ALTER TABLE `registro_saluds` DISABLE KEYS */;
/*!40000 ALTER TABLE `registro_saluds` ENABLE KEYS */;
UNLOCK TABLES;

--
-- Table structure for table `secciones`
--

DROP TABLE IF EXISTS `secciones`;
/*!40101 SET @saved_cs_client     = @@character_set_client */;
/*!50503 SET character_set_client = utf8mb4 */;
CREATE TABLE `secciones` (
  `id` int NOT NULL AUTO_INCREMENT,
  `nombre` varchar(250) DEFAULT NULL,
  `sigla` char(10) DEFAULT NULL,
  `grado_id` int NOT NULL,
  `activo` tinyint DEFAULT NULL,
  `borrado` tinyint DEFAULT NULL,
  `created_at` timestamp NULL DEFAULT NULL,
  `updated_at` timestamp NULL DEFAULT NULL,
  PRIMARY KEY (`id`),
  KEY `fk_secciones_grados1_idx` (`grado_id`),
  CONSTRAINT `fk_secciones_grados1` FOREIGN KEY (`grado_id`) REFERENCES `grados` (`id`)
) ENGINE=InnoDB AUTO_INCREMENT=18 DEFAULT CHARSET=utf8mb4 COLLATE=utf8mb4_0900_ai_ci;
/*!40101 SET character_set_client = @saved_cs_client */;

--
-- Dumping data for table `secciones`
--

LOCK TABLES `secciones` WRITE;
/*!40000 ALTER TABLE `secciones` DISABLE KEYS */;
INSERT INTO `secciones` VALUES (1,'Sección A','A',1,1,0,'2022-07-05 04:16:18','2022-07-05 04:16:18'),(2,'Sección B','B',1,1,1,'2022-07-05 04:16:29','2022-07-11 01:25:18'),(3,'Sección A','A',2,1,0,'2022-07-05 04:16:35','2022-07-11 01:25:32'),(5,'UNICA','UNICA',3,1,0,'2022-07-05 04:16:55','2022-12-12 03:15:20'),(6,'Sección A','A',4,1,0,'2022-07-11 01:25:53','2022-07-11 01:25:53'),(7,'Sección A','A',5,1,0,'2022-07-11 01:26:02','2022-07-11 01:26:02'),(8,'Sección A','A',6,1,0,'2022-07-11 01:26:15','2022-07-11 01:26:15'),(9,'Sección A','A',7,1,0,'2022-07-11 01:26:24','2022-07-11 01:26:24'),(10,'Sección A','A',8,1,0,'2022-07-11 01:26:34','2022-07-11 01:26:34'),(11,'Sección A','A',9,1,0,'2022-07-11 01:26:46','2022-07-11 01:26:46'),(12,'Sección A','A',10,1,0,'2022-07-11 01:26:53','2022-07-11 01:26:53'),(13,'Sección A','A',11,1,0,'2022-07-11 01:27:07','2022-07-11 01:27:07'),(14,'Sección A','A',12,1,0,'2022-07-11 01:27:25','2022-07-11 01:27:25'),(15,'Sección A','A',13,1,0,'2022-07-11 01:27:40','2022-07-11 01:27:40'),(16,'Seccion B','B',1,1,0,'2022-08-01 03:31:55','2022-08-01 03:31:55'),(17,'C edit','C',1,1,1,'2022-12-12 03:03:58','2022-12-12 03:04:09');
/*!40000 ALTER TABLE `secciones` ENABLE KEYS */;
UNLOCK TABLES;

--
-- Table structure for table `sessions`
--

DROP TABLE IF EXISTS `sessions`;
/*!40101 SET @saved_cs_client     = @@character_set_client */;
/*!50503 SET character_set_client = utf8mb4 */;
CREATE TABLE `sessions` (
  `id` varchar(255) COLLATE utf8mb4_unicode_ci NOT NULL,
  `user_id` bigint unsigned DEFAULT NULL,
  `ip_address` varchar(45) COLLATE utf8mb4_unicode_ci DEFAULT NULL,
  `user_agent` text COLLATE utf8mb4_unicode_ci,
  `payload` longtext COLLATE utf8mb4_unicode_ci NOT NULL,
  `last_activity` int NOT NULL,
  PRIMARY KEY (`id`),
  KEY `sessions_user_id_index` (`user_id`),
  KEY `sessions_last_activity_index` (`last_activity`)
) ENGINE=InnoDB DEFAULT CHARSET=utf8mb4 COLLATE=utf8mb4_unicode_ci;
/*!40101 SET character_set_client = @saved_cs_client */;

--
-- Dumping data for table `sessions`
--

LOCK TABLES `sessions` WRITE;
/*!40000 ALTER TABLE `sessions` DISABLE KEYS */;
INSERT INTO `sessions` VALUES ('hsAI4bwG9dWgiHptKlgUUafXmm0wfqErEYwX7pF9',1,'127.0.0.1','Mozilla/5.0 (Windows NT 10.0; Win64; x64) AppleWebKit/537.36 (KHTML, like Gecko) Chrome/108.0.0.0 Safari/537.36','YTo1OntzOjY6Il90b2tlbiI7czo0MDoiT3lsa1RTcFdCSXZ5azF1NWtGMW5EWXc5WW40a0kwTFdlZmdDeHBOUiI7czo2OiJfZmxhc2giO2E6Mjp7czozOiJvbGQiO2E6MDp7fXM6MzoibmV3IjthOjA6e319czo1MDoibG9naW5fd2ViXzU5YmEzNmFkZGMyYjJmOTQwMTU4MGYwMTRjN2Y1OGVhNGUzMDk4OWQiO2k6MTtzOjIxOiJwYXNzd29yZF9oYXNoX3NhbmN0dW0iO3M6NjA6IiQyeSQxMCRJL1dmMUZKQmwvVlIzYVlyRmlLbFcuSHplUHY4YzZUcjVaMTlkYzFSYjBlaEF0WHZGVmxnRyI7czo5OiJfcHJldmlvdXMiO2E6MTp7czozOiJ1cmwiO3M6NTg6Imh0dHA6Ly9jb2xlZ2lvLnRlc3QvYWRtaW4vcmVtYXRyaWN1bGEvZ2V0bWF0cmljdWxhYWN0aXZhLzEiO319',1670817990),('WuGxbNofXKlYG3jcQwMU7VpOkMclFdYpXlGtQyve',8,'127.0.0.1','Mozilla/5.0 (Windows NT 10.0; Win64; x64) AppleWebKit/537.36 (KHTML, like Gecko) Chrome/108.0.0.0 Safari/537.36','YTo1OntzOjY6Il90b2tlbiI7czo0MDoiZW5pNldtdFpFR01EUGpJaFh4eTZZaVBWNkNCc1RaNjc0UEw3Mk93RiI7czo2OiJfZmxhc2giO2E6Mjp7czozOiJvbGQiO2E6MDp7fXM6MzoibmV3IjthOjA6e319czo1MDoibG9naW5fd2ViXzU5YmEzNmFkZGMyYjJmOTQwMTU4MGYwMTRjN2Y1OGVhNGUzMDk4OWQiO2k6ODtzOjIxOiJwYXNzd29yZF9oYXNoX3NhbmN0dW0iO3M6NjA6IiQyeSQxMCRkMi9JQjdhZjBXS3ZhdnNsWEYwWlp1VnlHMFBxOVE0a1RlUEFaWGJ5eUVUeFprMGNWTUptSyI7czo5OiJfcHJldmlvdXMiO2E6MTp7czozOiJ1cmwiO3M6MzM6Imh0dHA6Ly9jb2xlZ2lvLnRlc3QvYWRtaW4vcmVub3RhcyI7fX0=',1670817445);
/*!40000 ALTER TABLE `sessions` ENABLE KEYS */;
UNLOCK TABLES;

--
-- Table structure for table `situacion_laborals`
--

DROP TABLE IF EXISTS `situacion_laborals`;
/*!40101 SET @saved_cs_client     = @@character_set_client */;
/*!50503 SET character_set_client = utf8mb4 */;
CREATE TABLE `situacion_laborals` (
  `id` int NOT NULL AUTO_INCREMENT,
  `anio` int DEFAULT NULL,
  `edad` int DEFAULT NULL,
  `trabajo` varchar(250) DEFAULT NULL,
  `horas_semanales` int DEFAULT NULL,
  `alumno_id` int NOT NULL,
  `activo` tinyint DEFAULT NULL,
  `borrado` tinyint DEFAULT NULL,
  `created_at` timestamp NULL DEFAULT NULL,
  `updated_at` timestamp NULL DEFAULT NULL,
  `matricula_id` int DEFAULT NULL,
  `tipo` char(2) DEFAULT NULL,
  `desc_tipo` varchar(200) DEFAULT NULL,
  PRIMARY KEY (`id`),
  KEY `fk_situacion_laborals_alumnos1_idx` (`alumno_id`),
  CONSTRAINT `fk_situacion_laborals_alumnos1` FOREIGN KEY (`alumno_id`) REFERENCES `alumnos` (`id`)
) ENGINE=InnoDB DEFAULT CHARSET=utf8mb4 COLLATE=utf8mb4_0900_ai_ci;
/*!40101 SET character_set_client = @saved_cs_client */;

--
-- Dumping data for table `situacion_laborals`
--

LOCK TABLES `situacion_laborals` WRITE;
/*!40000 ALTER TABLE `situacion_laborals` DISABLE KEYS */;
/*!40000 ALTER TABLE `situacion_laborals` ENABLE KEYS */;
UNLOCK TABLES;

--
-- Table structure for table `team_invitations`
--

DROP TABLE IF EXISTS `team_invitations`;
/*!40101 SET @saved_cs_client     = @@character_set_client */;
/*!50503 SET character_set_client = utf8mb4 */;
CREATE TABLE `team_invitations` (
  `id` bigint unsigned NOT NULL AUTO_INCREMENT,
  `team_id` bigint unsigned NOT NULL,
  `email` varchar(255) COLLATE utf8mb4_unicode_ci NOT NULL,
  `role` varchar(255) COLLATE utf8mb4_unicode_ci DEFAULT NULL,
  `created_at` timestamp NULL DEFAULT NULL,
  `updated_at` timestamp NULL DEFAULT NULL,
  PRIMARY KEY (`id`),
  UNIQUE KEY `team_invitations_team_id_email_unique` (`team_id`,`email`),
  CONSTRAINT `team_invitations_team_id_foreign` FOREIGN KEY (`team_id`) REFERENCES `teams` (`id`) ON DELETE CASCADE
) ENGINE=InnoDB DEFAULT CHARSET=utf8mb4 COLLATE=utf8mb4_unicode_ci;
/*!40101 SET character_set_client = @saved_cs_client */;

--
-- Dumping data for table `team_invitations`
--

LOCK TABLES `team_invitations` WRITE;
/*!40000 ALTER TABLE `team_invitations` DISABLE KEYS */;
/*!40000 ALTER TABLE `team_invitations` ENABLE KEYS */;
UNLOCK TABLES;

--
-- Table structure for table `team_user`
--

DROP TABLE IF EXISTS `team_user`;
/*!40101 SET @saved_cs_client     = @@character_set_client */;
/*!50503 SET character_set_client = utf8mb4 */;
CREATE TABLE `team_user` (
  `id` bigint unsigned NOT NULL AUTO_INCREMENT,
  `team_id` bigint unsigned NOT NULL,
  `user_id` bigint unsigned NOT NULL,
  `role` varchar(255) COLLATE utf8mb4_unicode_ci DEFAULT NULL,
  `created_at` timestamp NULL DEFAULT NULL,
  `updated_at` timestamp NULL DEFAULT NULL,
  PRIMARY KEY (`id`),
  UNIQUE KEY `team_user_team_id_user_id_unique` (`team_id`,`user_id`)
) ENGINE=InnoDB DEFAULT CHARSET=utf8mb4 COLLATE=utf8mb4_unicode_ci;
/*!40101 SET character_set_client = @saved_cs_client */;

--
-- Dumping data for table `team_user`
--

LOCK TABLES `team_user` WRITE;
/*!40000 ALTER TABLE `team_user` DISABLE KEYS */;
/*!40000 ALTER TABLE `team_user` ENABLE KEYS */;
UNLOCK TABLES;

--
-- Table structure for table `teams`
--

DROP TABLE IF EXISTS `teams`;
/*!40101 SET @saved_cs_client     = @@character_set_client */;
/*!50503 SET character_set_client = utf8mb4 */;
CREATE TABLE `teams` (
  `id` bigint unsigned NOT NULL AUTO_INCREMENT,
  `user_id` bigint unsigned NOT NULL,
  `name` varchar(255) COLLATE utf8mb4_unicode_ci NOT NULL,
  `personal_team` tinyint(1) NOT NULL,
  `created_at` timestamp NULL DEFAULT NULL,
  `updated_at` timestamp NULL DEFAULT NULL,
  PRIMARY KEY (`id`),
  KEY `teams_user_id_index` (`user_id`)
) ENGINE=InnoDB AUTO_INCREMENT=2 DEFAULT CHARSET=utf8mb4 COLLATE=utf8mb4_unicode_ci;
/*!40101 SET character_set_client = @saved_cs_client */;

--
-- Dumping data for table `teams`
--

LOCK TABLES `teams` WRITE;
/*!40000 ALTER TABLE `teams` DISABLE KEYS */;
INSERT INTO `teams` VALUES (1,1,'admin\'s Team',1,'2022-06-28 04:09:08','2022-06-28 04:09:08');
/*!40000 ALTER TABLE `teams` ENABLE KEYS */;
UNLOCK TABLES;

--
-- Table structure for table `tipo_apoderados`
--

DROP TABLE IF EXISTS `tipo_apoderados`;
/*!40101 SET @saved_cs_client     = @@character_set_client */;
/*!50503 SET character_set_client = utf8mb4 */;
CREATE TABLE `tipo_apoderados` (
  `id` int NOT NULL AUTO_INCREMENT,
  `nombre` varchar(100) DEFAULT NULL,
  `activo` tinyint DEFAULT NULL,
  `borrado` tinyint DEFAULT NULL,
  `created_at` timestamp NULL DEFAULT NULL,
  `updated_at` timestamp NULL DEFAULT NULL,
  PRIMARY KEY (`id`)
) ENGINE=InnoDB AUTO_INCREMENT=4 DEFAULT CHARSET=utf8mb4 COLLATE=utf8mb4_0900_ai_ci;
/*!40101 SET character_set_client = @saved_cs_client */;

--
-- Dumping data for table `tipo_apoderados`
--

LOCK TABLES `tipo_apoderados` WRITE;
/*!40000 ALTER TABLE `tipo_apoderados` DISABLE KEYS */;
INSERT INTO `tipo_apoderados` VALUES (1,'Madre',1,0,NULL,NULL),(2,'Padre',1,0,NULL,NULL),(3,'Otro',1,0,NULL,NULL);
/*!40000 ALTER TABLE `tipo_apoderados` ENABLE KEYS */;
UNLOCK TABLES;

--
-- Table structure for table `tipo_documentos`
--

DROP TABLE IF EXISTS `tipo_documentos`;
/*!40101 SET @saved_cs_client     = @@character_set_client */;
/*!50503 SET character_set_client = utf8mb4 */;
CREATE TABLE `tipo_documentos` (
  `id` int NOT NULL AUTO_INCREMENT,
  `nombre` varchar(100) DEFAULT NULL,
  `sigla` char(10) DEFAULT NULL,
  `digitos` int DEFAULT NULL,
  `activo` tinyint DEFAULT NULL,
  `borrado` tinyint DEFAULT NULL,
  `created_at` timestamp NULL DEFAULT NULL,
  `updated_at` timestamp NULL DEFAULT NULL,
  PRIMARY KEY (`id`)
) ENGINE=InnoDB AUTO_INCREMENT=6 DEFAULT CHARSET=utf8mb4 COLLATE=utf8mb4_0900_ai_ci;
/*!40101 SET character_set_client = @saved_cs_client */;

--
-- Dumping data for table `tipo_documentos`
--

LOCK TABLES `tipo_documentos` WRITE;
/*!40000 ALTER TABLE `tipo_documentos` DISABLE KEYS */;
INSERT INTO `tipo_documentos` VALUES (1,'Documento Nacional de Identidad','DNI',8,1,0,NULL,NULL),(2,'Partida de Nacimiento','P. NAC',15,1,0,NULL,NULL),(3,'Carnet de Extranjería','CARNET EXT',12,1,0,NULL,NULL),(4,'Pasaporte','PASAPORTE',12,1,0,NULL,NULL),(5,'Registro Unico de Contribuyente','RUC',11,1,0,NULL,NULL);
/*!40000 ALTER TABLE `tipo_documentos` ENABLE KEYS */;
UNLOCK TABLES;

--
-- Table structure for table `tipo_users`
--

DROP TABLE IF EXISTS `tipo_users`;
/*!40101 SET @saved_cs_client     = @@character_set_client */;
/*!50503 SET character_set_client = utf8mb4 */;
CREATE TABLE `tipo_users` (
  `id` int NOT NULL AUTO_INCREMENT,
  `nombre` varchar(200) DEFAULT NULL,
  `descripcion` varchar(500) DEFAULT NULL,
  `activo` tinyint DEFAULT NULL,
  `borrado` tinyint DEFAULT NULL,
  PRIMARY KEY (`id`)
) ENGINE=InnoDB AUTO_INCREMENT=5 DEFAULT CHARSET=utf8mb4 COLLATE=utf8mb4_0900_ai_ci;
/*!40101 SET character_set_client = @saved_cs_client */;

--
-- Dumping data for table `tipo_users`
--

LOCK TABLES `tipo_users` WRITE;
/*!40000 ALTER TABLE `tipo_users` DISABLE KEYS */;
INSERT INTO `tipo_users` VALUES (1,'Superadministrador','sa',1,0),(2,'Director',NULL,1,0),(3,'Docente',NULL,1,0),(4,'Alumno',NULL,1,0);
/*!40000 ALTER TABLE `tipo_users` ENABLE KEYS */;
UNLOCK TABLES;

--
-- Table structure for table `traslados`
--

DROP TABLE IF EXISTS `traslados`;
/*!40101 SET @saved_cs_client     = @@character_set_client */;
/*!50503 SET character_set_client = utf8mb4 */;
CREATE TABLE `traslados` (
  `id` int NOT NULL AUTO_INCREMENT,
  `fecha` date DEFAULT NULL,
  `motivo` varchar(250) DEFAULT NULL,
  `codigo_modular` char(7) DEFAULT NULL,
  `ie_nombre` varchar(250) DEFAULT NULL,
  `alumno_id` int NOT NULL,
  `activo` tinyint DEFAULT NULL,
  `borrado` tinyint DEFAULT NULL,
  `created_at` timestamp NULL DEFAULT NULL,
  `updated_at` timestamp NULL DEFAULT NULL,
  `res_traslado` varchar(100) DEFAULT NULL,
  `resolucion_traslado` varchar(2500) DEFAULT NULL,
  `matricula_id` int DEFAULT NULL,
  `tipo` tinyint DEFAULT NULL COMMENT '1 - in\n2 - out',
  PRIMARY KEY (`id`),
  KEY `fk_traslados_alumnos1_idx` (`alumno_id`),
  CONSTRAINT `fk_traslados_alumnos1` FOREIGN KEY (`alumno_id`) REFERENCES `alumnos` (`id`)
) ENGINE=InnoDB AUTO_INCREMENT=6 DEFAULT CHARSET=utf8mb4 COLLATE=utf8mb4_0900_ai_ci;
/*!40101 SET character_set_client = @saved_cs_client */;

--
-- Dumping data for table `traslados`
--

LOCK TABLES `traslados` WRITE;
/*!40000 ALTER TABLE `traslados` DISABLE KEYS */;
INSERT INTO `traslados` VALUES (4,'2022-09-08','Cambio de Trabajo de Padres ','3455123','080032 SAN JUAN',2,1,0,'2022-09-08 05:04:36','2022-09-08 05:04:36','RDR N° 356','documento_08-09-2022-00-04-36.pdf',19,1),(5,'2022-12-11','Fue expulsado','8558585','SANTA ROSA',3,1,0,'2022-12-12 03:24:42','2022-12-12 03:24:42','RR 158','documento_11-12-2022-22-24-42.pdf',20,1);
/*!40000 ALTER TABLE `traslados` ENABLE KEYS */;
UNLOCK TABLES;

--
-- Table structure for table `turnos`
--

DROP TABLE IF EXISTS `turnos`;
/*!40101 SET @saved_cs_client     = @@character_set_client */;
/*!50503 SET character_set_client = utf8mb4 */;
CREATE TABLE `turnos` (
  `id` int NOT NULL AUTO_INCREMENT,
  `nombre` varchar(45) DEFAULT NULL,
  `activo` tinyint DEFAULT NULL,
  `borrado` tinyint DEFAULT NULL,
  `created_at` timestamp NULL DEFAULT NULL,
  `updated_at` timestamp NULL DEFAULT NULL,
  PRIMARY KEY (`id`)
) ENGINE=InnoDB AUTO_INCREMENT=4 DEFAULT CHARSET=utf8mb4 COLLATE=utf8mb4_0900_ai_ci;
/*!40101 SET character_set_client = @saved_cs_client */;

--
-- Dumping data for table `turnos`
--

LOCK TABLES `turnos` WRITE;
/*!40000 ALTER TABLE `turnos` DISABLE KEYS */;
INSERT INTO `turnos` VALUES (1,'Mañana',1,0,NULL,NULL),(2,'Tarde',1,0,NULL,NULL),(3,'Noche',1,0,NULL,NULL);
/*!40000 ALTER TABLE `turnos` ENABLE KEYS */;
UNLOCK TABLES;

--
-- Table structure for table `users`
--

DROP TABLE IF EXISTS `users`;
/*!40101 SET @saved_cs_client     = @@character_set_client */;
/*!50503 SET character_set_client = utf8mb4 */;
CREATE TABLE `users` (
  `id` bigint unsigned NOT NULL AUTO_INCREMENT,
  `name` varchar(255) COLLATE utf8mb4_unicode_ci NOT NULL,
  `email` varchar(255) COLLATE utf8mb4_unicode_ci NOT NULL,
  `email_verified_at` timestamp NULL DEFAULT NULL,
  `password` varchar(255) COLLATE utf8mb4_unicode_ci NOT NULL,
  `two_factor_secret` text COLLATE utf8mb4_unicode_ci,
  `two_factor_recovery_codes` text COLLATE utf8mb4_unicode_ci,
  `two_factor_confirmed_at` timestamp NULL DEFAULT NULL,
  `remember_token` varchar(100) COLLATE utf8mb4_unicode_ci DEFAULT NULL,
  `current_team_id` bigint unsigned DEFAULT NULL,
  `profile_photo_path` varchar(2048) COLLATE utf8mb4_unicode_ci DEFAULT NULL,
  `created_at` timestamp NULL DEFAULT NULL,
  `updated_at` timestamp NULL DEFAULT NULL,
  `tipo_user_id` int DEFAULT NULL,
  `activo` tinyint DEFAULT NULL,
  `borrado` tinyint DEFAULT NULL,
  PRIMARY KEY (`id`),
  UNIQUE KEY `users_email_unique` (`email`)
) ENGINE=InnoDB AUTO_INCREMENT=10 DEFAULT CHARSET=utf8mb4 COLLATE=utf8mb4_unicode_ci;
/*!40101 SET character_set_client = @saved_cs_client */;

--
-- Dumping data for table `users`
--

LOCK TABLES `users` WRITE;
/*!40000 ALTER TABLE `users` DISABLE KEYS */;
INSERT INTO `users` VALUES (1,'admin','admin@mail.com',NULL,'$2y$10$I/Wf1FJBl/VR3aYrFiKlW.HzePv8c6Tr5Z19dc1Rb0ehAtXvFVlgG',NULL,NULL,NULL,NULL,1,NULL,'2022-06-28 04:09:08','2022-06-28 04:09:08',1,1,0),(2,'user2','user2@email.com',NULL,'$2y$10$tWahbSGfLxkxFSD2q9rfDuimVCoIqBtActyaTaRSgoef4UW3gju0W',NULL,NULL,NULL,NULL,NULL,NULL,'2022-07-09 05:23:46','2022-07-09 15:07:41',3,1,0),(3,'asd','adas',NULL,'$2y$10$AzkKsXItbr.L7lAfD8guouo9OYqmI6btQ0mu..g7qoLh12gCD16FC',NULL,NULL,NULL,NULL,NULL,NULL,'2022-07-09 05:36:32','2022-07-09 05:36:32',3,1,1),(4,'asd','asdsa',NULL,'$2y$10$xEf9hPJC4Ff3pRjsEcwMouYn6LcNaew5J80g31HQ5M1jd1BmGxbgi',NULL,NULL,NULL,NULL,NULL,NULL,'2022-07-09 05:38:41','2022-07-09 05:38:47',3,0,1),(5,'carla1','carla@email.com',NULL,'$2y$10$dNvF5miTjTXc29h5RbBkIOuSNdhNIzhcClzwlw3uTaGWbSyhI61le',NULL,NULL,NULL,NULL,NULL,NULL,'2022-07-09 15:06:55','2022-09-24 23:49:17',3,1,0),(6,'47331640','rosa@gmail.com',NULL,'$2y$10$jw6Qrr.epfcRkAtUtSXwaO/SZj4SN87zfbCYj6FNQm5j.YnFNWBVa',NULL,NULL,NULL,NULL,NULL,NULL,'2022-08-17 14:33:23','2022-09-07 03:11:56',4,1,0),(7,'52541545','rocio@gmail.com',NULL,'$2y$10$z/JJrOhSogxn2hmP2M2tZufedn2luiMAwlVtd9ICwayNA/R4tc6aK',NULL,NULL,NULL,NULL,NULL,NULL,'2022-09-08 05:03:35','2022-09-08 05:03:35',4,1,0),(8,'user3','fernando@mail.com',NULL,'$2y$10$d2/IB7af0WKvavslXF0ZZuVyG0Pq9Q4kTePAZXbyyETxZk0cVMJmK',NULL,NULL,NULL,NULL,NULL,NULL,'2022-12-12 03:11:28','2022-12-12 03:11:40',3,1,0),(9,'56852145','elizabet@mail.com',NULL,'$2y$10$OmWzqCXsMggFO8o1jNSkZ.vjOvuEE3JBKMm/RRpZ1DLab9E4F./gK',NULL,NULL,NULL,NULL,NULL,NULL,'2022-12-12 03:22:25','2022-12-12 03:22:25',4,1,0);
/*!40000 ALTER TABLE `users` ENABLE KEYS */;
UNLOCK TABLES;

--
-- Dumping events for database 'bdappcolegio'
--

--
-- Dumping routines for database 'bdappcolegio'
--
/*!40103 SET TIME_ZONE=@OLD_TIME_ZONE */;

/*!40101 SET SQL_MODE=@OLD_SQL_MODE */;
/*!40014 SET FOREIGN_KEY_CHECKS=@OLD_FOREIGN_KEY_CHECKS */;
/*!40014 SET UNIQUE_CHECKS=@OLD_UNIQUE_CHECKS */;
/*!40101 SET CHARACTER_SET_CLIENT=@OLD_CHARACTER_SET_CLIENT */;
/*!40101 SET CHARACTER_SET_RESULTS=@OLD_CHARACTER_SET_RESULTS */;
/*!40101 SET COLLATION_CONNECTION=@OLD_COLLATION_CONNECTION */;
/*!40111 SET SQL_NOTES=@OLD_SQL_NOTES */;

-- Dump completed on 2022-12-24 12:22:53
